,SEX,INSR_BEGIN,INSR_END,EFFECTIVE_YR,INSR_TYPE,INSURED_VALUE,PREMIUM,OBJECT_ID,PROD_YEAR,SEATS_NUM,CARRYING_CAPACITY,TYPE_VEHICLE,CCM_TON,MAKE,USAGE,CLAIM_PAID,brand,average_speed,avg_daily_charges,fatigue_driving_ratio,late_night_trip_ratio,avg_late_night_trip_mileage,high_temp_driving_ratio,battery_type_lfp,initial_battery_soc,avg_charge_duration,insurance_commercial_third_party,insurance_compulsory_third_party,average_loss,predicted_premium
0,0,19-APR-24,19-APR-25,2024,1201,294637.53,5050.28,5000000000,2019,3,16,客车,3200.0,奔驰,自用货物,0.0,品牌D,96.62,69.11,0.045928,0.04355,3.27,0.031843,0,0.0,0.0,0,1,0.0,3885.42
1,0,18-MAY-23,17-MAY-24,2023,1204,141049.15,2628.29,5000000001,2016,4,0,MPV,2700.0,长安,租赁,0.0,品牌D,43.75,79.57,0.18207,0.117353,8.89,0.145579,0,0.0,0.0,0,1,0.0,2867.19
2,0,07-DEC-23,06-DEC-24,2023,1201,290137.86,8436.74,5000000002,2013,4,0,MPV,2300.0,比亚迪,商用,5589.61,品牌D,58.33,39.43,0.154705,0.208961,8.39,0.076441,0,0.0,0.0,0,1,18576.63,2584.5
3,1,13-DEC-22,13-DEC-23,2022,1205,318378.42,4890.21,5000000003,2015,4,0,轿车,1800.0,本田,商用,0.0,品牌C,78.37,12.22,0.074038,0.225927,1.35,0.139547,0,74.71,6934.0,1,1,0.0,1730.28
4,1,07-JAN-24,06-JAN-25,2024,1203,244730.83,1949.8,5000000004,2016,7,0,SUV,1600.0,吉利,租赁,12062.03,品牌B,89.26,0.0,0.128359,0.103751,1.22,0.090923,1,82.53,4484.41,0,1,2441.27,3731.44
5,0,01-APR-23,31-MAR-24,2023,1203,356923.73,1802.23,5000000005,2017,7,0,轿车,1000.0,长安,商用,0.0,品牌B,78.0,0.0,0.115485,0.125967,2.53,0.182504,1,75.09,3666.53,1,1,0.0,1596.37
6,0,11-FEB-24,10-FEB-25,2024,1205,218883.98,3538.52,5000000006,2023,3,3,客车,5200.0,长安,自用货物,40357.05,品牌A,43.89,0.0,0.129085,0.284442,1.71,0.155469,0,0.0,0.0,0,1,8801.94,6894.21
7,1,29-OCT-22,29-OCT-23,2022,1206,469133.92,5620.06,5000000007,2019,3,15,货车,2400.0,别克,家用,0.0,品牌D,74.49,83.21,0.115338,0.182135,4.41,0.175093,0,85.55,5650.15,1,1,0.0,3153.17
8,0,15-AUG-22,15-AUG-23,2022,1201,393193.2,3009.51,5000000008,2014,4,0,轿车,3200.0,丰田,自用货物,0.0,品牌A,64.99,0.0,0.193508,0.21627,7.27,0.192782,0,0.0,0.0,1,1,0.0,1525.87
9,1,26-DEC-23,25-DEC-24,2023,1203,269625.48,2413.92,5000000009,2022,2,9,客车,3000.0,吉利,商用,0.0,品牌B,63.76,0.0,0.040169,0.223886,1.16,0.128122,0,0.0,0.0,1,1,0.0,7134.77
10,1,06-MAR-24,06-MAR-25,2024,1205,286542.83,6459.06,5000000010,2017,2,14,客车,2300.0,奔驰,商用,0.0,品牌E,51.12,0.0,0.101199,0.129292,2.37,0.160952,0,77.94,2199.62,0,1,0.0,4811.23
11,0,27-AUG-23,26-AUG-24,2023,1202,169200.39,3274.16,5000000011,2014,5,0,SUV,3100.0,大众,自用货物,0.0,品牌A,85.0,0.0,0.012238,0.045369,7.48,0.071965,0,0.0,0.0,0,1,0.0,1940.31
12,0,13-AUG-22,13-AUG-23,2022,1205,106355.8,2732.21,5000000012,2020,3,13,皮卡,2200.0,大众,自用货物,37772.96,品牌D,67.71,29.91,0.196511,0.05451,3.75,0.044624,0,0.0,0.0,0,1,18114.46,1078.91
13,0,04-JUN-23,03-JUN-24,2023,1204,392491.28,8022.01,5000000013,2015,5,0,轿车,2700.0,奥迪,商用,0.0,品牌B,67.76,0.0,0.051702,0.168686,1.67,0.155739,0,0.0,0.0,0,1,0.0,1979.11
14,1,17-OCT-23,16-OCT-24,2023,1203,445755.44,5379.95,5000000014,2019,3,10,客车,3900.0,奥迪,公务,0.0,品牌C,83.26,34.62,2e-06,0.043696,1.62,0.026167,1,53.75,2301.43,1,1,0.0,4433.53
15,1,04-MAR-23,03-MAR-24,2023,1202,405922.43,2994.43,5000000015,2015,5,0,SUV,3100.0,长安,自用货物,14229.11,品牌B,64.57,0.0,0.162082,0.244099,1.12,0.020588,1,62.76,6421.66,1,1,9558.46,2985.21
16,1,24-FEB-23,24-FEB-24,2023,1206,220840.39,3074.08,5000000016,2021,4,0,MPV,1100.0,奥迪,公务,17222.37,品牌B,36.48,0.0,0.020092,0.061144,9.91,0.05583,0,80.8,6138.25,1,1,18769.08,2134.33
17,0,16-NOV-23,15-NOV-24,2023,1206,472832.96,8893.48,5000000017,2019,2,5,货车,3200.0,奔驰,商用,0.0,品牌A,64.07,0.0,0.033993,0.076582,0.36,0.162771,0,0.0,0.0,1,1,0.0,4635.48
18,0,11-NOV-22,11-NOV-23,2022,1202,321381.78,2366.26,5000000018,2020,2,2,客车,6000.0,奥迪,租赁,6463.79,品牌D,87.65,10.7,0.057358,0.091712,0.29,0.000724,1,32.91,2277.27,0,1,7836.22,12392.85
19,0,09-DEC-23,08-DEC-24,2023,1202,159876.9,1168.5,5000000019,2016,3,1,货车,3400.0,大众,商用,0.0,品牌C,38.85,62.08,0.02948,0.25344,4.21,0.151815,0,78.47,2233.61,1,1,0.0,3646.17
20,1,27-SEP-22,27-SEP-23,2022,1203,240371.82,4957.58,5000000020,2012,3,14,客车,2900.0,奔驰,租赁,0.0,品牌C,82.16,26.8,0.064768,0.180485,5.02,0.064915,0,71.34,4770.48,0,1,0.0,4835.05
21,0,11-MAY-24,11-MAY-25,2024,1203,232762.26,1807.79,5000000021,2023,5,0,MPV,1900.0,长安,家用,41366.35,品牌C,63.11,80.84,0.043968,0.220805,0.58,0.141422,0,49.0,5819.41,0,1,5077.42,2647.9
22,0,30-NOV-23,29-NOV-24,2023,1205,88237.98,1129.55,5000000022,2016,4,0,轿车,2200.0,比亚迪,家用,0.0,品牌C,45.69,50.54,0.045138,0.282894,1.92,0.075288,0,68.19,5564.18,0,1,0.0,1087.19
23,1,19-MAR-23,18-MAR-24,2023,1204,281695.32,6224.39,5000000023,2022,2,14,皮卡,2700.0,本田,商用,17369.57,品牌E,73.88,0.0,0.147111,0.103601,8.53,0.12706,0,0.0,0.0,0,1,11846.75,1916.24
24,1,05-AUG-22,05-AUG-23,2022,1203,333664.05,6976.77,5000000024,2021,4,9,皮卡,4900.0,丰田,公务,0.0,品牌D,72.8,67.14,0.1618,0.160283,4.94,0.039116,0,86.41,2251.25,0,1,0.0,1105.34
25,0,09-AUG-23,08-AUG-24,2023,1203,125392.49,3341.98,5000000025,2018,3,15,货车,5100.0,长安,家用,0.0,品牌C,77.44,79.32,0.048215,0.167633,2.19,0.146184,0,73.35,5826.02,0,1,0.0,3138.19
26,0,10-DEC-22,10-DEC-23,2022,1205,318592.48,2877.67,5000000026,2016,4,14,货车,5700.0,大众,自用货物,0.0,品牌A,39.48,0.0,0.169612,0.059836,7.19,0.14908,1,31.29,3783.38,0,1,0.0,3282.5
27,0,10-MAY-24,10-MAY-25,2024,1202,329320.58,5298.13,5000000027,2019,7,0,MPV,1600.0,本田,商用,0.0,品牌E,97.14,0.0,0.01097,0.028366,7.22,0.02965,1,83.11,6558.33,0,1,0.0,2395.17
28,1,05-JUL-23,04-JUL-24,2023,1203,167558.01,2698.01,5000000028,2018,4,0,SUV,1600.0,宝马,家用,0.0,品牌C,99.3,35.23,0.078452,0.244888,2.84,0.151422,0,0.0,0.0,1,1,0.0,1907.14
29,0,26-MAY-22,26-MAY-23,2022,1203,358958.84,2562.58,5000000029,2013,3,11,皮卡,5100.0,丰田,公务,0.0,品牌A,43.79,0.0,0.040203,0.013986,9.59,0.059542,0,50.11,3053.07,0,1,0.0,835.95
30,0,24-NOV-23,23-NOV-24,2023,1206,139816.58,1722.88,5000000030,2017,3,11,货车,3400.0,本田,公务,0.0,品牌E,74.65,0.0,0.134352,0.268799,4.01,0.176109,1,37.93,4753.14,0,1,0.0,2584.82
31,1,12-SEP-23,11-SEP-24,2023,1205,220591.23,5914.6,5000000031,2022,3,8,货车,2300.0,大众,公务,0.0,品牌D,79.04,21.65,0.088002,0.021802,8.65,0.107879,0,0.0,0.0,0,1,0.0,3193.82
32,1,15-DEC-22,15-DEC-23,2022,1205,119127.64,2024.58,5000000032,2016,2,11,货车,4100.0,宝马,公务,0.0,品牌E,92.57,0.0,0.192589,0.204551,7.72,0.103446,0,0.0,0.0,0,1,0.0,2720.55
33,1,13-MAY-24,13-MAY-25,2024,1204,197399.16,4365.45,5000000033,2015,3,18,货车,5500.0,比亚迪,家用,13269.68,品牌B,32.2,0.0,0.193912,0.18688,4.73,0.19146,0,0.0,0.0,0,1,1516.84,3340.87
34,0,30-JAN-23,30-JAN-24,2023,1206,436369.72,2376.85,5000000034,2014,7,0,SUV,2800.0,奥迪,商用,0.0,品牌D,93.89,95.07,0.102659,0.242093,3.39,0.071308,0,0.0,0.0,1,1,0.0,3012.11
35,0,21-MAR-23,20-MAR-24,2023,1205,487527.69,2717.84,5000000035,2015,5,0,轿车,2900.0,奔驰,租赁,0.0,品牌E,62.07,0.0,0.188974,0.198076,5.75,0.131286,0,52.39,4003.77,0,1,0.0,2477.07
36,0,09-DEC-22,09-DEC-23,2022,1205,310551.8,3350.9,5000000036,2018,7,0,轿车,1700.0,别克,商用,28660.1,品牌D,67.44,55.64,0.115393,0.270404,4.19,0.06314,0,0.0,0.0,1,1,12772.34,2565.53
37,1,14-JAN-23,14-JAN-24,2023,1202,247810.5,4829.98,5000000037,2020,4,16,客车,5500.0,别克,租赁,13837.85,品牌D,77.43,71.94,0.151433,0.034782,8.37,0.183232,0,66.14,6613.17,1,1,4532.72,11309.61
38,0,10-JUL-23,09-JUL-24,2023,1205,383755.12,3374.81,5000000038,2016,5,0,轿车,3400.0,比亚迪,家用,0.0,品牌E,70.97,0.0,0.114259,0.040847,4.02,0.056599,1,61.35,6022.86,0,1,0.0,1634.5
39,1,27-OCT-23,26-OCT-24,2023,1202,447543.3,9969.0,5000000039,2015,4,0,MPV,1500.0,宝马,商用,0.0,品牌A,91.19,0.0,0.128583,0.2459,8.66,0.166886,0,0.0,0.0,1,1,0.0,2108.15
40,1,10-APR-24,10-APR-25,2024,1204,102471.71,1519.47,5000000040,2017,3,10,客车,5600.0,长安,商用,18215.11,品牌A,95.37,0.0,0.133432,0.221427,2.41,0.145725,0,82.96,1823.66,0,1,13587.39,7217.77
41,1,25-AUG-22,25-AUG-23,2022,1204,109524.22,930.69,5000000041,2014,4,20,皮卡,3100.0,长安,自用货物,0.0,品牌D,95.35,26.64,0.106835,0.04609,6.78,0.149108,0,0.0,0.0,1,1,0.0,614.21
42,1,15-FEB-23,15-FEB-24,2023,1205,258210.8,6359.36,5000000042,2023,7,0,MPV,3100.0,大众,家用,17881.0,品牌A,79.95,0.0,0.120691,0.050286,3.82,0.039859,1,38.57,2321.79,1,1,11176.17,3429.42
43,0,26-SEP-23,25-SEP-24,2023,1204,165771.18,4849.25,5000000043,2022,4,0,MPV,2700.0,奥迪,公务,42966.66,品牌A,66.44,0.0,0.031504,0.243172,1.41,0.188844,1,69.73,3630.2,0,1,12633.06,2953.1
44,0,14-OCT-23,13-OCT-24,2023,1205,158226.31,943.73,5000000044,2018,3,19,皮卡,3400.0,大众,家用,0.0,品牌D,64.98,67.86,0.079749,0.182034,6.38,0.144815,0,0.0,0.0,1,1,0.0,770.38
45,1,02-JUN-23,01-JUN-24,2023,1201,408161.0,8853.54,5000000045,2013,5,0,轿车,3300.0,比亚迪,自用货物,48712.34,品牌B,66.61,0.0,0.193868,0.213068,8.91,0.009984,0,0.0,0.0,0,1,17800.18,1829.48
46,1,08-JUL-23,07-JUL-24,2023,1205,296107.93,5579.94,5000000046,2021,7,0,轿车,3100.0,奥迪,自用货物,0.0,品牌C,54.46,54.77,0.179367,0.254405,6.07,0.19768,0,0.0,0.0,1,1,0.0,1906.05
47,0,14-AUG-22,14-AUG-23,2022,1204,228520.7,5266.19,5000000047,2017,2,10,皮卡,2800.0,奔驰,公务,41510.53,品牌C,85.04,94.3,0.078966,0.207441,5.98,0.015301,1,37.67,4948.53,1,1,9239.69,1089.75
48,0,17-FEB-23,17-FEB-24,2023,1204,392230.11,5754.58,5000000048,2014,4,0,SUV,2100.0,别克,公务,0.0,品牌E,33.01,0.0,0.018112,0.008107,2.72,0.111139,1,65.6,2578.26,1,1,0.0,1878.01
49,1,21-AUG-23,20-AUG-24,2023,1206,422264.34,10739.16,5000000049,2023,2,2,客车,4600.0,别克,租赁,40740.67,品牌A,77.99,0.0,0.169191,0.238562,7.73,0.151332,0,0.0,0.0,1,1,2372.21,12985.19
50,1,24-AUG-22,24-AUG-23,2022,1203,444858.66,11771.54,5000000050,2013,7,0,MPV,2500.0,比亚迪,公务,30546.13,品牌C,76.81,69.45,0.153609,0.219553,6.03,0.112022,0,0.0,0.0,1,1,19714.41,2190.65
51,0,13-AUG-22,13-AUG-23,2022,1204,267568.4,4872.38,5000000051,2016,3,5,货车,4700.0,奥迪,租赁,0.0,品牌E,40.19,0.0,0.038564,0.034952,1.45,0.090204,0,0.0,0.0,1,1,0.0,5298.99
52,0,21-SEP-22,21-SEP-23,2022,1202,260300.83,3925.16,5000000052,2018,4,0,SUV,2700.0,大众,商用,0.0,品牌B,71.31,0.0,0.089416,0.162217,0.14,0.118021,1,66.46,6849.29,0,1,0.0,3774.91
53,0,12-JUN-22,12-JUN-23,2022,1202,67653.93,1973.2,5000000053,2019,5,0,MPV,2900.0,本田,租赁,0.0,品牌E,61.25,0.0,0.168238,0.097074,3.83,0.001131,0,0.0,0.0,0,1,0.0,3709.91
54,0,29-MAR-24,29-MAR-25,2024,1202,186285.79,4758.95,5000000054,2021,7,0,SUV,1300.0,大众,租赁,0.0,品牌D,43.54,69.33,0.002678,0.226337,6.83,0.11078,1,76.01,6413.74,1,1,0.0,3592.04
55,0,22-DEC-22,22-DEC-23,2022,1205,164797.51,3223.68,5000000055,2019,4,6,皮卡,4600.0,大众,自用货物,0.0,品牌C,43.36,64.38,0.074329,0.28048,3.43,0.130831,1,48.7,1817.55,1,1,0.0,853.84
56,1,21-DEC-22,21-DEC-23,2022,1201,402031.31,7240.29,5000000056,2022,5,0,轿车,1500.0,比亚迪,自用货物,0.0,品牌C,56.79,70.25,0.085995,0.286016,9.21,0.041041,0,0.0,0.0,0,1,0.0,1699.24
57,0,07-SEP-22,07-SEP-23,2022,1204,443338.01,8199.36,5000000057,2021,2,8,货车,3100.0,比亚迪,租赁,23516.52,品牌C,55.44,10.65,0.13085,0.053301,4.58,0.115191,1,39.49,3247.81,1,1,18303.74,8266.81
58,0,05-MAY-24,05-MAY-25,2024,1201,263391.3,1351.66,5000000058,2024,3,1,客车,2200.0,丰田,租赁,7112.68,品牌B,45.55,0.0,0.110237,0.092078,1.59,0.13168,0,74.35,4433.71,1,1,18354.17,11112.28
59,0,02-MAR-24,02-MAR-25,2024,1203,65782.14,1214.64,5000000059,2020,4,18,客车,3200.0,别克,公务,0.0,品牌B,99.0,0.0,0.146723,0.248736,3.95,0.15534,0,81.88,6756.79,0,1,0.0,3884.34
60,1,20-MAY-23,19-MAY-24,2023,1201,187143.33,1388.11,5000000060,2019,3,6,货车,4300.0,别克,自用货物,0.0,品牌B,91.67,0.0,0.051612,0.103024,3.44,0.19423,1,77.2,4256.88,0,1,0.0,3191.68
61,1,10-AUG-23,09-AUG-24,2023,1204,307847.49,3471.33,5000000061,2022,5,0,MPV,2100.0,本田,自用货物,0.0,品牌C,67.05,75.46,0.168097,0.29407,7.67,0.192003,0,0.0,0.0,1,1,0.0,2198.73
62,0,01-NOV-23,31-OCT-24,2023,1206,151546.46,890.15,5000000062,2013,3,14,客车,2100.0,奥迪,自用货物,15266.5,品牌B,59.21,0.0,0.08753,0.008886,6.04,0.026121,1,70.34,1936.34,1,1,19771.46,3289.97
63,0,24-JAN-24,23-JAN-25,2024,1201,180731.01,1818.69,5000000063,2021,2,1,皮卡,5500.0,大众,自用货物,26138.67,品牌C,92.43,26.35,0.122155,0.062714,6.93,0.071557,1,77.58,6490.14,1,1,12522.83,1126.0
64,1,06-NOV-23,05-NOV-24,2023,1202,282931.98,7030.67,5000000064,2022,4,4,皮卡,2800.0,别克,家用,4949.33,品牌B,42.77,0.0,0.058331,0.101072,5.35,0.011956,0,37.59,2269.82,0,1,14838.65,1363.47
65,1,23-MAY-23,22-MAY-24,2023,1201,233693.42,4180.06,5000000065,2019,2,14,客车,2100.0,奔驰,租赁,20672.73,品牌D,61.92,67.81,0.105163,0.138581,1.56,0.146324,0,0.0,0.0,0,1,8656.91,8769.2
66,0,09-JAN-24,08-JAN-25,2024,1202,241966.62,1967.83,5000000066,2017,4,16,货车,2300.0,丰田,自用货物,3298.34,品牌E,79.26,0.0,0.014886,0.258806,8.1,0.075179,0,64.9,2007.89,1,1,4932.38,2979.91
67,1,12-DEC-22,12-DEC-23,2022,1201,228340.63,6335.74,5000000067,2019,4,1,客车,6000.0,丰田,公务,0.0,品牌D,43.73,18.63,0.169759,0.231271,7.15,0.070821,0,0.0,0.0,0,1,0.0,4976.95
68,1,15-JAN-24,14-JAN-25,2024,1203,68907.6,696.13,5000000068,2014,5,0,MPV,2000.0,长安,自用货物,6632.71,品牌E,50.59,0.0,0.168639,0.194474,3.85,0.014625,0,63.93,4514.65,1,1,7911.28,1447.18
69,1,07-SEP-23,06-SEP-24,2023,1203,265052.36,1682.71,5000000069,2020,4,17,皮卡,5100.0,宝马,自用货物,0.0,品牌E,52.74,0.0,0.034439,0.233363,0.54,0.113117,1,37.98,6118.51,0,1,0.0,956.1
70,1,22-DEC-22,22-DEC-23,2022,1202,106401.3,891.02,5000000070,2013,4,19,货车,4300.0,比亚迪,租赁,23106.94,品牌B,66.66,0.0,0.196409,0.140075,4.09,0.035642,0,73.66,6081.04,1,1,5774.12,5269.74
71,1,21-NOV-22,21-NOV-23,2022,1202,81707.45,454.25,5000000071,2022,5,0,SUV,2000.0,本田,商用,0.0,品牌E,47.86,0.0,0.028235,0.049741,1.69,0.097442,0,0.0,0.0,0,1,0.0,3959.34
72,0,17-JUN-22,17-JUN-23,2022,1205,474168.44,6962.27,5000000072,2018,2,16,皮卡,5600.0,别克,商用,0.0,品牌D,44.18,22.42,0.172157,0.060664,8.22,0.178125,0,65.38,5970.4,0,1,0.0,1487.48
73,1,18-MAY-22,18-MAY-23,2022,1202,458742.41,2809.6,5000000073,2016,4,2,客车,5400.0,奔驰,公务,46710.32,品牌C,36.33,33.42,0.171596,0.126138,7.77,0.078048,0,0.0,0.0,0,1,10572.13,5533.59
74,1,26-SEP-23,25-SEP-24,2023,1204,173718.67,2711.11,5000000074,2020,3,3,客车,2300.0,长安,公务,8538.88,品牌E,75.68,0.0,0.008223,0.115392,6.69,0.0479,0,0.0,0.0,0,1,6424.31,5193.71
75,1,17-JUL-22,17-JUL-23,2022,1204,397960.36,7039.03,5000000075,2016,7,0,MPV,2500.0,宝马,租赁,36588.99,品牌A,34.81,0.0,0.138997,0.105072,4.95,0.05463,0,0.0,0.0,0,1,8561.99,4155.58
76,0,07-AUG-23,06-AUG-24,2023,1205,147722.6,3244.45,5000000076,2014,5,0,MPV,3500.0,长安,商用,32881.43,品牌A,63.45,0.0,0.120284,0.152199,7.46,0.186392,0,0.0,0.0,0,1,6391.59,3106.0
77,0,13-JUN-22,13-JUN-23,2022,1202,300022.3,5033.31,5000000077,2012,5,0,MPV,1200.0,丰田,公务,0.0,品牌B,61.5,0.0,0.111129,0.117233,8.66,0.083748,1,72.87,6973.73,0,1,0.0,1181.4
78,1,04-MAR-24,04-MAR-25,2024,1201,152490.21,3419.49,5000000078,2022,7,0,MPV,3400.0,丰田,公务,0.0,品牌D,88.61,33.86,0.080523,0.038058,7.05,0.169499,0,0.0,0.0,0,1,0.0,2407.21
79,0,21-MAR-24,21-MAR-25,2024,1204,67706.69,1930.59,5000000079,2017,4,4,客车,5200.0,宝马,租赁,0.0,品牌C,49.21,83.92,0.116441,0.034607,4.69,0.082702,0,0.0,0.0,1,1,0.0,6524.85
80,1,07-JUN-22,07-JUN-23,2022,1205,301271.49,1614.69,5000000080,2021,4,1,客车,5200.0,本田,商用,0.0,品牌E,61.43,0.0,0.12738,0.110169,7.31,0.130581,0,0.0,0.0,0,1,0.0,8091.02
81,1,06-JUL-22,06-JUL-23,2022,1204,460994.75,10605.87,5000000081,2020,4,0,轿车,2900.0,长安,公务,0.0,品牌A,37.17,0.0,0.071483,0.297446,7.97,0.177448,0,0.0,0.0,0,1,0.0,2018.61
82,1,06-OCT-23,05-OCT-24,2023,1205,247115.77,2088.35,5000000082,2015,2,3,货车,5700.0,别克,公务,0.0,品牌E,65.32,0.0,0.079338,0.242518,9.69,0.079231,1,50.39,3697.91,0,1,0.0,2840.85
83,0,04-MAR-24,04-MAR-25,2024,1204,298304.79,8655.16,5000000083,2020,5,0,MPV,1400.0,本田,租赁,47940.43,品牌D,64.52,21.57,0.038628,0.293584,3.82,0.161456,1,74.65,5707.1,0,1,14341.22,3671.42
84,1,02-JUN-22,02-JUN-23,2022,1202,344668.36,2132.48,5000000084,2018,7,0,MPV,2400.0,奥迪,租赁,27403.23,品牌D,63.66,44.83,0.149411,0.237192,2.79,0.078868,0,0.0,0.0,1,1,8028.45,4502.54
85,1,17-MAR-23,16-MAR-24,2023,1206,355737.8,5190.69,5000000085,2015,4,7,皮卡,5500.0,比亚迪,公务,0.0,品牌C,95.92,52.81,0.107919,0.009449,8.2,0.108718,0,0.0,0.0,0,1,0.0,865.35
86,1,09-JUN-22,09-JUN-23,2022,1204,486560.88,6082.09,5000000086,2020,7,0,MPV,2300.0,宝马,公务,0.0,品牌E,34.92,0.0,0.177347,0.026098,1.2,0.119885,0,0.0,0.0,1,1,0.0,2352.12
87,1,11-AUG-22,11-AUG-23,2022,1203,146478.1,1701.98,5000000087,2017,4,18,客车,5700.0,长安,公务,0.0,品牌D,59.48,14.15,0.057249,0.228705,3.58,0.083596,0,52.37,5985.4,0,1,0.0,4276.37
88,1,27-SEP-23,26-SEP-24,2023,1201,268594.12,7617.88,5000000088,2022,4,0,MPV,1600.0,丰田,租赁,0.0,品牌A,86.03,0.0,0.085033,0.174191,7.87,0.143477,1,66.95,6524.44,1,1,0.0,3438.86
89,1,02-NOV-23,01-NOV-24,2023,1205,156441.39,3453.25,5000000089,2023,5,0,MPV,3100.0,本田,商用,0.0,品牌E,56.87,0.0,0.092521,0.293979,5.24,0.180817,1,76.4,3037.15,0,1,0.0,3845.85
90,0,03-JAN-24,02-JAN-25,2024,1204,418787.03,4341.58,5000000090,2015,4,17,皮卡,3200.0,本田,自用货物,0.0,品牌B,73.5,0.0,0.092726,0.22964,8.38,0.162656,0,0.0,0.0,1,1,0.0,896.97
91,1,31-MAY-22,31-MAY-23,2022,1201,120054.98,2003.62,5000000091,2020,3,1,皮卡,3500.0,别克,商用,0.0,品牌B,78.55,0.0,0.178755,0.068535,7.39,0.036546,0,0.0,0.0,1,1,0.0,1251.6
92,0,15-APR-23,14-APR-24,2023,1204,442207.87,9418.09,5000000092,2014,2,5,皮卡,3400.0,奥迪,家用,44970.14,品牌A,34.3,0.0,0.019728,0.15168,1.02,0.058739,0,0.0,0.0,1,1,10857.1,1191.71
93,1,08-MAR-24,08-MAR-25,2024,1204,164191.78,4376.48,5000000093,2016,2,2,货车,3700.0,比亚迪,租赁,0.0,品牌D,74.58,65.21,0.133584,0.097844,7.43,0.193506,0,0.0,0.0,1,1,0.0,4199.95
94,1,16-SEP-22,16-SEP-23,2022,1203,191132.81,4300.65,5000000094,2021,4,13,客车,2200.0,本田,商用,8543.36,品牌A,81.8,0.0,0.142858,0.075331,4.95,0.085469,0,0.0,0.0,1,1,9755.95,8694.82
95,0,09-FEB-24,08-FEB-25,2024,1201,453911.44,8482.57,5000000095,2024,3,13,客车,5600.0,奥迪,商用,0.0,品牌A,47.04,0.0,0.138923,0.157833,0.44,0.137297,0,87.29,3101.8,0,1,0.0,8863.71
96,1,14-NOV-23,13-NOV-24,2023,1202,384460.72,8854.09,5000000096,2019,2,15,客车,2200.0,宝马,商用,0.0,品牌B,57.25,0.0,0.086795,0.192578,3.95,0.11546,0,0.0,0.0,1,1,0.0,5849.66
97,0,09-MAY-23,08-MAY-24,2023,1203,435495.48,2261.38,5000000097,2023,2,3,客车,3600.0,奔驰,自用货物,0.0,品牌D,86.07,76.6,0.042757,0.001686,8.6,0.136083,0,0.0,0.0,1,1,0.0,5366.73
98,0,04-OCT-23,03-OCT-24,2023,1203,332022.67,8528.11,5000000098,2019,4,19,货车,4900.0,奥迪,商用,0.0,品牌E,94.37,0.0,0.121098,0.277427,7.0,0.086875,1,46.32,2885.63,0,1,0.0,5151.71
99,0,06-JUN-22,06-JUN-23,2022,1201,172756.73,2199.41,5000000099,2019,7,0,轿车,3100.0,别克,家用,0.0,品牌C,73.85,13.45,0.159436,0.28537,9.74,0.054489,0,0.0,0.0,0,1,0.0,1691.3
100,0,17-OCT-22,17-OCT-23,2022,1203,316121.78,7340.59,5000000100,2017,2,18,货车,5600.0,吉利,租赁,0.0,品牌B,84.49,0.0,0.101423,0.084641,5.95,0.033813,0,0.0,0.0,1,1,0.0,6082.24
101,1,20-FEB-23,20-FEB-24,2023,1205,353572.91,6092.13,5000000101,2015,4,0,SUV,2700.0,吉利,自用货物,26100.02,品牌B,79.32,0.0,0.133405,0.118854,9.24,0.109705,0,57.71,4184.7,0,1,2190.65,2755.49
102,0,16-JUL-22,16-JUL-23,2022,1201,253433.73,2681.25,5000000102,2017,3,2,客车,4100.0,本田,租赁,0.0,品牌E,84.45,0.0,0.042263,0.276951,1.46,0.075617,1,30.09,2504.33,1,1,0.0,7188.56
103,0,13-FEB-23,13-FEB-24,2023,1205,188956.82,2140.98,5000000103,2019,2,7,皮卡,5000.0,丰田,商用,0.0,品牌C,99.42,53.46,0.05812,0.115773,7.16,0.026207,1,72.09,6996.38,1,1,0.0,1196.57
104,1,28-SEP-22,28-SEP-23,2022,1205,190005.04,3207.91,5000000104,2018,7,0,轿车,1300.0,别克,租赁,0.0,品牌A,89.29,0.0,0.141234,0.228823,7.65,0.148502,1,54.78,4435.87,1,1,0.0,2025.47
105,1,24-OCT-23,23-OCT-24,2023,1206,201695.21,5461.69,5000000105,2022,2,4,客车,2400.0,比亚迪,商用,33273.59,品牌B,97.0,0.0,0.018045,0.227903,8.39,0.139053,1,57.65,5498.3,0,1,17499.33,8817.46
106,0,29-OCT-23,28-OCT-24,2023,1201,163806.04,4137.35,5000000106,2018,4,0,MPV,3100.0,丰田,家用,48049.4,品牌E,70.46,0.0,0.100007,0.083058,2.48,0.056138,0,55.77,6575.87,0,1,7360.01,2536.57
107,1,17-OCT-23,16-OCT-24,2023,1201,130393.81,1621.0,5000000107,2022,4,18,货车,5200.0,长安,租赁,0.0,品牌D,76.0,61.07,0.013632,0.223452,6.21,0.154069,0,0.0,0.0,0,1,0.0,7244.75
108,1,13-APR-24,13-APR-25,2024,1203,232562.55,2213.63,5000000108,2022,3,5,皮卡,4700.0,宝马,自用货物,0.0,品牌B,61.51,0.0,0.107907,0.116372,2.02,0.036405,0,0.0,0.0,0,1,0.0,962.43
109,0,24-JAN-23,24-JAN-24,2023,1203,398298.48,5648.18,5000000109,2014,2,7,货车,5300.0,别克,公务,0.0,品牌B,82.91,0.0,0.136583,0.222772,0.35,0.154871,1,58.94,2178.35,1,1,0.0,2749.88
110,1,03-SEP-23,02-SEP-24,2023,1202,413057.92,12385.75,5000000110,2023,2,17,客车,2400.0,比亚迪,公务,0.0,品牌C,51.36,73.23,0.034561,0.134139,9.27,0.051879,0,43.52,5110.48,1,1,0.0,4995.0
111,0,05-NOV-23,04-NOV-24,2023,1202,272860.87,3931.79,5000000111,2019,2,16,货车,2800.0,比亚迪,商用,46650.9,品牌E,35.36,0.0,0.080739,0.093588,8.32,0.105859,1,57.38,2919.06,1,1,12794.19,5533.97
112,1,15-JUL-23,14-JUL-24,2023,1206,491317.25,10958.66,5000000112,2016,3,6,皮卡,4300.0,吉利,商用,0.0,品牌A,82.73,0.0,0.102007,0.216795,9.78,0.173732,1,86.76,6751.74,1,1,0.0,1330.51
113,0,05-FEB-23,05-FEB-24,2023,1203,366574.31,7931.45,5000000113,2015,5,0,MPV,1800.0,吉利,商用,35978.54,品牌C,42.83,59.35,0.158687,0.159233,2.95,0.152136,0,0.0,0.0,0,1,7228.7,2768.49
114,1,30-JUL-23,29-JUL-24,2023,1206,138905.09,2954.34,5000000114,2014,2,5,客车,5700.0,别克,家用,27816.87,品牌B,39.93,0.0,0.12278,0.228923,6.85,0.10423,0,0.0,0.0,1,1,14863.82,4271.45
115,1,08-OCT-22,08-OCT-23,2022,1203,251550.77,3829.14,5000000115,2021,5,0,MPV,3300.0,长安,租赁,0.0,品牌B,44.39,0.0,0.169132,0.142043,8.34,0.045882,0,87.32,2174.83,0,1,0.0,4628.6
116,1,18-APR-23,17-APR-24,2023,1203,396773.01,5957.11,5000000116,2013,4,8,皮卡,2100.0,奔驰,商用,0.0,品牌A,75.97,0.0,0.131127,0.257407,2.17,0.01085,0,0.0,0.0,1,1,0.0,1080.45
117,1,07-JUL-23,06-JUL-24,2023,1201,74941.95,1613.2,5000000117,2023,3,2,货车,3200.0,本田,公务,0.0,品牌C,51.51,71.16,0.125097,0.120697,5.32,0.085504,0,0.0,0.0,0,1,0.0,3496.16
118,1,16-OCT-23,15-OCT-24,2023,1205,185496.02,2596.16,5000000118,2017,4,1,货车,2800.0,奔驰,租赁,0.0,品牌D,44.41,51.59,0.058946,0.215176,8.86,0.110596,0,75.4,4476.53,1,1,0.0,4432.53
119,1,24-AUG-23,23-AUG-24,2023,1203,135491.51,1633.2,5000000119,2015,4,0,SUV,3400.0,大众,公务,0.0,品牌D,64.66,63.31,0.127296,0.166305,9.4,0.164538,0,0.0,0.0,0,1,0.0,2124.0
120,0,01-JUL-22,01-JUL-23,2022,1203,437067.69,2924.62,5000000120,2013,2,7,客车,3400.0,比亚迪,公务,0.0,品牌C,99.24,12.43,0.034906,0.239885,0.68,0.051446,0,55.6,6042.95,0,1,0.0,3223.06
121,1,09-SEP-22,09-SEP-23,2022,1202,473743.6,12807.63,5000000121,2022,4,2,客车,5200.0,比亚迪,公务,21025.59,品牌A,64.32,0.0,0.089317,0.031723,9.82,0.147099,0,73.25,3379.58,0,1,898.06,7597.58
122,1,04-JUL-22,04-JUL-23,2022,1206,179249.58,5360.21,5000000122,2017,7,0,MPV,3000.0,奥迪,公务,38747.5,品牌E,72.62,0.0,0.192224,0.032223,7.57,0.148265,0,43.23,4750.4,0,1,10614.56,2518.01
123,1,26-AUG-22,26-AUG-23,2022,1203,122411.24,2486.72,5000000123,2019,5,0,MPV,3300.0,吉利,家用,0.0,品牌D,62.49,93.89,0.160987,0.112153,3.05,0.148271,0,0.0,0.0,1,1,0.0,2216.9
124,1,01-OCT-23,30-SEP-24,2023,1206,279759.74,5537.5,5000000124,2015,4,0,轿车,3200.0,丰田,公务,0.0,品牌D,43.55,97.94,0.077677,0.180357,5.85,0.087839,0,32.73,2707.93,0,1,0.0,1410.17
125,1,12-MAY-23,11-MAY-24,2023,1204,404690.62,6775.76,5000000125,2015,3,18,皮卡,4100.0,吉利,家用,0.0,品牌B,98.08,0.0,0.095821,0.025817,2.86,0.026636,0,38.41,6369.45,1,1,0.0,915.28
126,1,26-MAY-22,26-MAY-23,2022,1206,140312.04,911.49,5000000126,2020,4,3,皮卡,2700.0,别克,自用货物,0.0,品牌B,62.61,0.0,0.052128,0.039019,5.6,0.165769,0,78.36,2276.05,0,1,0.0,868.34
127,1,29-SEP-22,29-SEP-23,2022,1201,122381.72,1884.82,5000000127,2022,5,0,SUV,2500.0,奔驰,公务,0.0,品牌B,66.46,0.0,0.155755,0.257923,0.46,0.077396,0,0.0,0.0,1,1,0.0,2892.43
128,1,17-DEC-22,17-DEC-23,2022,1201,234850.97,1229.22,5000000128,2022,4,16,客车,4500.0,丰田,商用,0.0,品牌D,82.81,51.67,0.096384,0.278476,2.81,0.188468,0,0.0,0.0,0,1,0.0,8152.2
129,0,16-JUN-22,16-JUN-23,2022,1201,396883.77,3191.82,5000000129,2015,5,0,MPV,2100.0,本田,家用,0.0,品牌E,32.12,0.0,0.086599,0.258761,1.67,0.042406,0,0.0,0.0,0,1,0.0,1716.81
130,0,18-JAN-23,18-JAN-24,2023,1206,262114.39,2789.55,5000000130,2019,7,0,SUV,2700.0,奥迪,家用,0.0,品牌A,35.64,0.0,0.076892,0.168916,3.51,0.013329,0,38.0,4481.42,0,1,0.0,2556.1
131,1,28-SEP-23,27-SEP-24,2023,1204,104259.95,1102.1,5000000131,2013,2,17,皮卡,3400.0,比亚迪,公务,0.0,品牌C,74.69,77.49,0.11493,0.072245,3.5,0.159123,0,0.0,0.0,0,1,0.0,544.98
132,1,05-JAN-24,04-JAN-25,2024,1203,59956.59,429.58,5000000132,2018,4,0,轿车,2800.0,大众,商用,0.0,品牌E,54.96,0.0,0.146342,0.229842,2.99,0.198264,0,70.94,5315.43,1,1,0.0,1898.41
133,1,14-MAY-24,14-MAY-25,2024,1202,275522.44,1642.52,5000000133,2015,5,0,SUV,1100.0,吉利,自用货物,0.0,品牌E,63.52,0.0,0.001537,0.009989,1.7,0.090587,0,0.0,0.0,1,1,0.0,1469.17
134,0,28-OCT-22,28-OCT-23,2022,1204,261467.82,3875.67,5000000134,2015,5,0,轿车,3500.0,宝马,公务,0.0,品牌A,50.23,0.0,0.136645,0.184401,6.33,0.087431,0,0.0,0.0,0,1,0.0,1530.26
135,0,24-APR-24,24-APR-25,2024,1205,436924.22,7718.15,5000000135,2015,2,5,皮卡,3600.0,奥迪,商用,9220.12,品牌D,50.14,15.96,0.198698,0.090304,9.97,0.144257,0,0.0,0.0,0,1,13672.22,1514.3
136,0,04-JUN-22,04-JUN-23,2022,1204,489453.83,5807.8,5000000136,2021,4,0,SUV,2700.0,别克,租赁,0.0,品牌E,90.41,0.0,0.174054,0.099072,3.48,0.174234,1,88.02,4405.49,0,1,0.0,5564.4
137,0,08-MAR-24,08-MAR-25,2024,1204,218913.03,4204.19,5000000137,2021,3,4,皮卡,3000.0,别克,公务,0.0,品牌C,91.7,71.44,0.097223,0.203421,8.62,0.143831,0,0.0,0.0,0,1,0.0,909.04
138,1,02-JAN-24,01-JAN-25,2024,1205,252274.09,2780.46,5000000138,2014,7,0,轿车,1700.0,大众,家用,0.0,品牌E,73.09,0.0,0.061588,0.084527,4.6,0.076243,0,0.0,0.0,1,1,0.0,987.24
139,1,28-AUG-22,28-AUG-23,2022,1204,464424.73,5546.06,5000000139,2021,4,8,皮卡,5900.0,吉利,自用货物,0.0,品牌E,36.68,0.0,0.145091,0.145479,0.71,0.017874,0,41.45,1808.99,0,1,0.0,1238.71
140,0,04-AUG-22,04-AUG-23,2022,1206,331347.92,3537.74,5000000140,2019,2,5,货车,4100.0,别克,自用货物,24136.42,品牌E,59.93,0.0,0.016013,0.232665,9.66,0.111485,0,42.98,3914.62,0,1,2358.43,4493.07
141,0,26-JUL-23,25-JUL-24,2023,1201,132949.49,1328.67,5000000141,2018,2,15,客车,2100.0,丰田,自用货物,0.0,品牌E,53.0,0.0,0.088382,0.016856,3.21,0.181342,0,0.0,0.0,1,1,0.0,3481.99
142,1,09-JUL-22,09-JUL-23,2022,1202,224479.26,3454.52,5000000142,2019,3,20,客车,5500.0,奔驰,租赁,0.0,品牌D,48.75,99.47,0.163073,0.27949,9.09,0.176859,0,0.0,0.0,0,1,0.0,8715.45
143,0,18-JUN-23,17-JUN-24,2023,1205,386616.08,10374.88,5000000143,2017,4,6,客车,3300.0,宝马,自用货物,0.0,品牌C,32.84,84.99,0.121083,0.074875,2.33,0.060781,0,0.0,0.0,0,1,0.0,3775.51
144,0,19-OCT-22,19-OCT-23,2022,1203,266180.25,1845.94,5000000144,2020,2,7,客车,3600.0,大众,家用,0.0,品牌B,50.49,0.0,0.164998,0.071656,8.12,0.113637,1,57.53,3706.39,1,1,0.0,4678.45
145,1,10-SEP-22,10-SEP-23,2022,1205,460460.3,2397.37,5000000145,2018,4,0,SUV,1100.0,比亚迪,租赁,0.0,品牌B,79.84,0.0,0.166978,0.257047,5.25,0.045845,0,0.0,0.0,1,1,0.0,3520.79
146,0,12-NOV-23,11-NOV-24,2023,1201,333741.22,9751.82,5000000146,2015,2,20,客车,3500.0,本田,自用货物,0.0,品牌E,73.37,0.0,0.158789,0.236389,9.47,0.125178,0,0.0,0.0,0,1,0.0,3333.82
147,0,14-NOV-22,14-NOV-23,2022,1201,232763.5,4770.83,5000000147,2020,5,0,SUV,1200.0,丰田,租赁,6593.19,品牌B,46.48,0.0,0.014084,0.266013,1.79,0.142128,0,77.44,1897.53,1,1,19427.57,4869.74
148,1,12-NOV-23,11-NOV-24,2023,1205,85939.12,1646.98,5000000148,2020,2,10,货车,2200.0,丰田,公务,44485.28,品牌C,62.29,40.52,0.031675,0.067429,3.13,0.010968,0,0.0,0.0,1,1,15795.21,3504.84
149,0,26-JUN-22,26-JUN-23,2022,1204,272013.51,4104.69,5000000149,2020,2,11,皮卡,5400.0,宝马,租赁,41120.21,品牌D,59.54,98.44,0.152687,0.158628,8.08,0.185475,1,75.52,5326.41,1,1,17638.95,2133.93
150,1,29-OCT-23,28-OCT-24,2023,1201,448132.31,11222.19,5000000150,2019,2,19,客车,3600.0,奥迪,公务,0.0,品牌D,49.35,43.98,0.093984,0.128654,2.9,0.188119,1,31.75,1831.99,1,1,0.0,4366.69
151,0,04-APR-24,04-APR-25,2024,1203,211477.69,3847.42,5000000151,2023,4,7,货车,2700.0,本田,家用,0.0,品牌C,80.77,44.66,0.11407,0.180041,7.45,0.038453,0,0.0,0.0,1,1,0.0,3305.7
152,0,10-MAR-24,10-MAR-25,2024,1204,318207.94,6763.39,5000000152,2020,5,0,MPV,1200.0,宝马,公务,0.0,品牌D,77.71,41.44,0.124339,0.124104,5.02,0.090297,0,54.83,1856.74,1,1,0.0,1623.31
153,1,29-SEP-22,29-SEP-23,2022,1201,460290.51,10257.66,5000000153,2020,4,20,皮卡,3000.0,比亚迪,租赁,0.0,品牌C,57.77,41.43,0.023243,0.186651,5.64,0.174125,0,78.77,2609.82,1,1,0.0,1840.99
154,1,23-AUG-23,22-AUG-24,2023,1201,441672.97,9728.53,5000000154,2019,2,14,皮卡,4700.0,比亚迪,自用货物,0.0,品牌E,55.45,0.0,0.083328,0.152941,6.53,0.055707,1,56.0,6992.31,1,1,0.0,1097.42
155,1,19-MAR-24,19-MAR-25,2024,1203,299508.54,4062.52,5000000155,2019,2,5,客车,3600.0,丰田,商用,0.0,品牌B,59.49,0.0,0.114466,0.102619,9.88,0.112135,0,0.0,0.0,0,1,0.0,5889.42
156,0,07-MAR-23,06-MAR-24,2023,1206,141875.45,2454.24,5000000156,2023,7,0,MPV,1100.0,比亚迪,家用,0.0,品牌E,52.3,0.0,0.132429,0.269577,3.93,0.083772,0,0.0,0.0,0,1,0.0,1730.08
157,0,01-NOV-23,31-OCT-24,2023,1204,140923.11,1183.08,5000000157,2013,4,1,客车,4200.0,奥迪,家用,0.0,品牌D,80.34,20.82,0.038074,0.045014,2.89,0.001878,0,0.0,0.0,1,1,0.0,2856.3
158,1,21-APR-23,20-APR-24,2023,1202,134631.49,1760.55,5000000158,2021,5,0,MPV,2700.0,长安,自用货物,0.0,品牌B,44.59,0.0,0.029257,0.278597,1.08,0.178373,0,0.0,0.0,0,1,0.0,2137.1
159,1,13-JAN-23,13-JAN-24,2023,1202,438765.19,11389.49,5000000159,2022,7,0,SUV,1900.0,比亚迪,商用,0.0,品牌A,59.08,0.0,0.012836,0.167478,7.59,0.190697,0,0.0,0.0,1,1,0.0,4046.1
160,0,17-JUN-23,16-JUN-24,2023,1201,110313.8,3141.79,5000000160,2017,7,0,SUV,2800.0,本田,公务,38556.26,品牌C,42.61,41.97,0.108908,0.173553,5.68,0.069248,0,0.0,0.0,1,1,3582.0,2803.84
161,0,18-JAN-24,17-JAN-25,2024,1201,484441.05,8283.25,5000000161,2024,4,12,皮卡,3800.0,吉利,商用,0.0,品牌E,30.55,0.0,0.185338,0.019183,2.72,0.064463,0,0.0,0.0,1,1,0.0,1752.13
162,1,10-NOV-23,09-NOV-24,2023,1201,306143.94,7302.63,5000000162,2017,5,0,SUV,3000.0,比亚迪,自用货物,0.0,品牌B,45.64,0.0,0.076218,0.17547,7.93,0.10397,1,63.37,6342.66,0,1,0.0,2437.18
163,0,08-MAY-24,08-MAY-25,2024,1202,53457.6,938.03,5000000163,2024,2,18,货车,3500.0,宝马,公务,0.0,品牌A,45.1,0.0,0.070205,0.290887,1.65,0.14231,0,0.0,0.0,1,1,0.0,3570.13
164,1,24-JUL-23,23-JUL-24,2023,1204,90750.76,1251.55,5000000164,2016,4,3,客车,2300.0,别克,自用货物,0.0,品牌D,86.66,88.03,0.106965,0.215061,3.36,0.040622,0,0.0,0.0,0,1,0.0,3067.07
165,0,25-SEP-22,25-SEP-23,2022,1201,254595.2,5709.92,5000000165,2016,3,5,皮卡,3200.0,大众,商用,0.0,品牌E,71.25,0.0,0.197307,0.046771,0.53,0.196159,0,56.36,3182.72,1,1,0.0,1145.07
166,0,26-OCT-23,25-OCT-24,2023,1204,166311.86,2720.52,5000000166,2021,3,16,货车,2800.0,宝马,商用,0.0,品牌C,94.76,33.64,0.187799,0.086006,6.46,0.107014,0,0.0,0.0,0,1,0.0,4679.86
167,0,10-SEP-22,10-SEP-23,2022,1206,489388.29,13256.93,5000000167,2013,5,0,SUV,1000.0,奔驰,自用货物,19932.24,品牌B,69.51,0.0,0.169113,0.206833,9.7,0.188741,1,78.58,3725.01,1,1,11101.36,2146.08
168,1,18-MAR-23,17-MAR-24,2023,1204,415892.45,8537.66,5000000168,2013,5,0,MPV,1600.0,比亚迪,家用,6983.8,品牌E,82.96,0.0,0.038866,0.298694,6.16,0.192812,1,82.64,2903.38,0,1,5870.62,1793.51
169,1,03-AUG-22,03-AUG-23,2022,1204,109765.08,1953.43,5000000169,2016,2,7,货车,4000.0,宝马,自用货物,0.0,品牌B,46.19,0.0,0.042036,0.012111,0.6,0.093067,0,0.0,0.0,0,1,0.0,2688.6
170,0,11-FEB-23,11-FEB-24,2023,1205,186310.57,1150.25,5000000170,2021,4,2,货车,5400.0,吉利,公务,0.0,品牌A,92.86,0.0,0.185029,0.000294,3.48,0.175748,0,0.0,0.0,0,1,0.0,3884.8
171,0,12-MAR-24,12-MAR-25,2024,1204,91402.71,1605.05,5000000171,2020,4,4,货车,3400.0,吉利,商用,0.0,品牌B,43.77,0.0,0.138714,0.168934,6.58,0.017298,0,63.74,4042.24,0,1,0.0,4324.05
172,0,24-OCT-23,23-OCT-24,2023,1201,342387.49,2184.89,5000000172,2022,5,0,MPV,2600.0,比亚迪,家用,0.0,品牌E,80.33,0.0,0.001519,0.144435,2.17,0.030255,0,66.33,2402.46,1,1,0.0,2424.07
173,0,29-JUN-23,28-JUN-24,2023,1205,337878.72,6293.52,5000000173,2017,7,0,SUV,2700.0,吉利,商用,0.0,品牌A,74.72,0.0,0.011522,0.245339,5.26,0.126899,0,0.0,0.0,0,1,0.0,3434.43
174,1,17-FEB-24,16-FEB-25,2024,1203,465131.31,8250.15,5000000174,2020,4,20,皮卡,5500.0,丰田,家用,10190.13,品牌B,31.88,0.0,0.063898,0.225158,6.95,0.194454,0,0.0,0.0,0,1,8255.31,1451.16
175,1,16-JAN-24,15-JAN-25,2024,1201,126156.79,2630.9,5000000175,2024,4,0,MPV,1900.0,奥迪,公务,0.0,品牌D,31.39,76.19,0.089983,0.073626,8.68,0.063132,0,0.0,0.0,0,1,0.0,2034.55
176,0,29-JUN-22,29-JUN-23,2022,1203,178579.52,2743.38,5000000176,2020,4,18,客车,2700.0,别克,租赁,0.0,品牌D,85.9,61.68,0.120633,0.114412,5.34,0.061166,0,57.19,6477.87,0,1,0.0,7852.01
177,1,08-SEP-22,08-SEP-23,2022,1206,358317.06,2534.59,5000000177,2012,3,5,货车,4100.0,宝马,公务,0.0,品牌D,38.1,32.57,0.020686,0.259426,7.58,0.0963,0,55.05,3098.04,1,1,0.0,2345.75
178,1,30-SEP-23,29-SEP-24,2023,1204,281408.61,5660.15,5000000178,2020,4,5,客车,3400.0,丰田,租赁,0.0,品牌E,92.59,0.0,0.191643,0.254108,2.38,0.190148,0,45.85,6251.07,0,1,0.0,7827.24
179,0,19-OCT-22,19-OCT-23,2022,1205,212692.03,1958.5,5000000179,2020,2,18,货车,5900.0,比亚迪,家用,0.0,品牌C,60.74,54.99,0.145189,0.068835,1.47,0.094774,0,0.0,0.0,1,1,0.0,4054.92
180,1,30-MAY-23,29-MAY-24,2023,1206,425398.36,8548.33,5000000180,2021,5,0,SUV,3300.0,丰田,家用,0.0,品牌B,71.76,0.0,0.191552,0.205426,2.82,0.015482,1,70.6,2140.8,0,1,0.0,3279.34
181,1,30-NOV-23,29-NOV-24,2023,1206,76572.65,776.5,5000000181,2013,4,0,MPV,2500.0,比亚迪,自用货物,0.0,品牌C,30.04,68.29,0.166784,0.094558,7.9,0.141335,0,61.81,1921.87,1,1,0.0,1233.97
182,1,04-JUN-23,03-JUN-24,2023,1204,340460.02,4940.92,5000000182,2015,3,12,皮卡,5100.0,别克,商用,0.0,品牌C,66.34,70.25,0.087967,0.163083,8.54,0.196539,0,0.0,0.0,1,1,0.0,1122.97
183,0,11-FEB-24,10-FEB-25,2024,1205,142934.1,1924.23,5000000183,2015,2,6,皮卡,4500.0,大众,自用货物,0.0,品牌B,36.52,0.0,0.136,0.293128,7.54,0.03283,0,0.0,0.0,0,1,0.0,615.6
184,1,04-APR-23,03-APR-24,2023,1203,241498.82,5413.71,5000000184,2014,7,0,轿车,3000.0,吉利,商用,0.0,品牌C,42.32,41.86,0.062177,0.080794,3.62,0.176132,0,66.36,5421.91,1,1,0.0,1802.64
185,1,27-SEP-23,26-SEP-24,2023,1206,449375.31,3609.09,5000000185,2015,4,3,货车,4200.0,别克,租赁,0.0,品牌A,53.75,0.0,0.074706,0.228746,5.37,0.15417,0,50.0,2273.21,0,1,0.0,4670.86
186,1,08-AUG-23,07-AUG-24,2023,1205,57413.89,449.32,5000000186,2017,4,0,SUV,2200.0,本田,租赁,0.0,品牌E,64.55,0.0,0.109192,0.02978,6.25,0.011964,0,64.07,5208.44,1,1,0.0,3463.63
187,1,06-MAY-24,06-MAY-25,2024,1203,132556.8,1974.07,5000000187,2020,2,17,货车,3700.0,比亚迪,公务,0.0,品牌B,44.44,0.0,0.166658,0.289496,5.11,0.106628,1,61.32,6308.19,1,1,0.0,2983.42
188,0,09-APR-23,08-APR-24,2023,1206,55241.22,578.09,5000000188,2021,2,4,皮卡,2500.0,别克,自用货物,0.0,品牌A,41.53,0.0,0.191718,0.147538,7.06,0.115676,0,81.32,5907.03,1,1,0.0,781.57
189,1,03-AUG-22,03-AUG-23,2022,1203,457096.32,7217.34,5000000189,2014,5,0,轿车,2300.0,奔驰,家用,0.0,品牌A,70.87,0.0,0.074504,0.282498,0.65,0.051533,0,38.65,3955.2,0,1,0.0,1418.5
190,0,10-SEP-23,09-SEP-24,2023,1206,205684.07,2525.75,5000000190,2022,3,11,皮卡,2400.0,奥迪,租赁,0.0,品牌A,57.73,0.0,0.13006,0.17242,4.02,0.105063,1,87.33,5531.5,1,1,0.0,1660.24
191,0,04-SEP-23,03-SEP-24,2023,1206,210295.53,5875.05,5000000191,2019,4,15,货车,3400.0,比亚迪,自用货物,0.0,品牌C,44.6,63.44,0.002778,0.240388,3.04,0.169877,0,0.0,0.0,0,1,0.0,2986.42
192,1,22-APR-23,21-APR-24,2023,1201,128889.78,3006.35,5000000192,2018,3,7,皮卡,3400.0,吉利,家用,0.0,品牌D,61.4,97.22,0.094757,0.156448,5.7,0.053574,0,0.0,0.0,0,1,0.0,740.46
193,0,08-FEB-24,07-FEB-25,2024,1202,154157.42,2255.4,5000000193,2018,2,9,货车,2200.0,吉利,家用,0.0,品牌E,70.25,0.0,0.106153,0.234246,1.44,0.156987,0,46.32,5242.18,0,1,0.0,2330.58
194,1,27-NOV-22,27-NOV-23,2022,1204,366101.94,5734.66,5000000194,2013,4,15,货车,4300.0,丰田,家用,46569.42,品牌D,83.03,50.62,0.119177,0.076381,7.17,0.105746,0,0.0,0.0,0,1,779.24,3279.22
195,1,08-JUN-22,08-JUN-23,2022,1202,136646.73,4088.83,5000000195,2019,4,0,MPV,2700.0,别克,商用,1172.44,品牌B,87.52,0.0,0.055719,0.177712,6.23,0.110033,0,69.36,3561.74,1,1,18410.81,3939.24
196,1,21-AUG-22,21-AUG-23,2022,1204,437057.92,2993.41,5000000196,2016,4,0,SUV,1700.0,长安,租赁,0.0,品牌E,87.28,0.0,0.05623,0.030582,3.81,0.14441,0,0.0,0.0,1,1,0.0,3523.45
197,1,09-DEC-22,09-DEC-23,2022,1206,190307.95,1293.98,5000000197,2022,7,0,SUV,2200.0,别克,自用货物,0.0,品牌A,36.26,0.0,0.145256,0.034375,7.28,0.035978,0,0.0,0.0,1,1,0.0,2810.75
198,0,21-DEC-23,20-DEC-24,2023,1203,449361.97,6788.24,5000000198,2013,4,12,皮卡,2700.0,本田,自用货物,0.0,品牌E,40.39,0.0,0.049114,0.034117,8.56,0.159525,1,43.53,5197.72,0,1,0.0,896.99
199,1,07-MAR-24,07-MAR-25,2024,1204,415870.31,9920.18,5000000199,2020,2,9,皮卡,4800.0,奔驰,自用货物,0.0,品牌B,90.88,0.0,0.115962,0.037182,4.66,0.039394,0,0.0,0.0,0,1,0.0,1071.1
200,1,14-OCT-23,13-OCT-24,2023,1201,221883.54,1397.36,5000000200,2018,2,13,皮卡,5200.0,本田,租赁,0.0,品牌C,42.19,77.77,0.00201,0.195957,1.44,0.103421,0,0.0,0.0,1,1,0.0,1370.69
201,0,15-DEC-22,15-DEC-23,2022,1202,353923.26,7454.6,5000000201,2018,2,11,客车,4400.0,本田,商用,0.0,品牌B,53.42,0.0,0.136604,0.117929,0.25,0.184862,1,80.55,4893.67,1,1,0.0,6591.46
202,1,06-MAY-23,05-MAY-24,2023,1204,434076.4,2415.61,5000000202,2015,7,0,轿车,3200.0,丰田,家用,41474.97,品牌C,42.78,78.55,0.057651,0.049697,7.02,0.049529,0,79.01,1837.13,0,1,18645.38,2028.63
203,0,03-NOV-22,03-NOV-23,2022,1202,63271.1,1356.93,5000000203,2020,4,13,皮卡,3700.0,奥迪,商用,0.0,品牌B,96.31,0.0,0.074225,0.13849,8.36,0.135537,0,0.0,0.0,0,1,0.0,1193.68
204,1,13-FEB-23,13-FEB-24,2023,1205,459720.99,13721.07,5000000204,2020,4,0,轿车,1600.0,吉利,自用货物,0.0,品牌A,34.04,0.0,0.188586,0.140227,4.13,0.078292,0,0.0,0.0,0,1,0.0,1589.9
205,0,06-AUG-23,05-AUG-24,2023,1205,153963.76,3771.9,5000000205,2016,3,18,货车,6000.0,别克,家用,0.0,品牌D,96.72,12.91,0.128615,0.175349,6.73,0.168209,0,88.87,2462.06,0,1,0.0,2989.09
206,1,03-JUL-23,02-JUL-24,2023,1201,461787.92,3361.8,5000000206,2022,4,0,轿车,1200.0,本田,租赁,11945.48,品牌D,79.83,82.36,0.070017,0.293859,6.04,0.030014,1,47.13,2695.85,1,1,18044.95,3365.72
207,1,18-APR-23,17-APR-24,2023,1205,362418.8,2783.61,5000000207,2018,3,16,货车,2900.0,本田,公务,0.0,品牌E,36.12,0.0,0.08513,0.247914,4.58,0.127375,0,63.61,4099.89,0,1,0.0,2854.35
208,0,01-DEC-23,30-NOV-24,2023,1201,61624.12,1042.41,5000000208,2017,5,0,MPV,3400.0,吉利,家用,0.0,品牌A,60.47,0.0,0.121337,0.081654,4.81,0.108449,0,0.0,0.0,0,1,0.0,1830.37
209,1,02-JUN-22,02-JUN-23,2022,1206,147702.45,4139.7,5000000209,2021,5,0,轿车,2900.0,奔驰,租赁,0.0,品牌C,86.92,57.45,0.026282,0.163807,6.41,0.133812,0,0.0,0.0,1,1,0.0,3216.78
210,0,17-DEC-23,16-DEC-24,2023,1201,428435.62,11557.86,5000000210,2022,2,14,货车,3800.0,宝马,租赁,0.0,品牌D,74.12,48.53,0.131622,0.092639,3.54,0.153008,0,0.0,0.0,0,1,0.0,6764.78
211,1,29-FEB-24,28-FEB-25,2024,1201,62574.72,1187.43,5000000211,2022,4,3,货车,4100.0,丰田,公务,15259.65,品牌E,43.0,0.0,0.118733,0.046143,8.32,0.167297,1,77.49,3002.91,0,1,9057.1,4382.21
212,1,08-AUG-22,08-AUG-23,2022,1204,109261.51,1338.4,5000000212,2016,3,1,货车,2900.0,比亚迪,商用,0.0,品牌C,45.43,28.53,0.028761,0.277441,3.93,0.096272,0,89.33,2277.34,0,1,0.0,3663.09
213,1,30-JUL-23,29-JUL-24,2023,1206,117579.24,2436.27,5000000213,2018,4,4,客车,2400.0,奥迪,租赁,0.0,品牌B,86.82,0.0,0.079229,0.192425,5.53,0.012319,0,0.0,0.0,0,1,0.0,6374.21
214,1,27-FEB-23,27-FEB-24,2023,1203,403263.59,2238.87,5000000214,2021,7,0,轿车,2300.0,大众,自用货物,0.0,品牌C,77.83,50.39,0.171523,0.091771,0.87,0.02734,0,60.98,6418.54,1,1,0.0,1792.83
215,1,03-NOV-23,02-NOV-24,2023,1203,363744.39,5365.88,5000000215,2018,5,0,SUV,3100.0,吉利,公务,36473.49,品牌C,74.33,22.95,0.169744,0.295039,8.47,0.182931,0,51.37,5019.26,1,1,7478.74,3459.71
216,0,31-MAR-24,31-MAR-25,2024,1203,447096.32,2769.45,5000000216,2023,4,0,MPV,3500.0,比亚迪,租赁,13862.58,品牌B,65.87,0.0,0.185641,0.287595,9.82,0.138196,0,0.0,0.0,1,1,12881.65,6431.86
217,1,17-AUG-22,17-AUG-23,2022,1204,310149.84,2904.95,5000000217,2013,2,8,货车,5500.0,奥迪,公务,3855.95,品牌B,75.08,0.0,0.053754,0.150335,1.57,0.154302,1,51.79,2377.84,1,1,13306.4,3489.7
218,0,20-FEB-24,19-FEB-25,2024,1205,385565.18,3006.79,5000000218,2017,5,0,MPV,2500.0,比亚迪,租赁,0.0,品牌A,59.21,0.0,0.012091,0.0032,4.49,0.071374,0,0.0,0.0,1,1,0.0,3018.59
219,0,18-JUN-23,17-JUN-24,2023,1202,369784.55,5451.05,5000000219,2013,4,0,MPV,3400.0,奔驰,家用,0.0,品牌E,49.67,0.0,0.018312,0.16172,8.58,0.015852,0,0.0,0.0,0,1,0.0,1727.24
220,0,03-AUG-22,03-AUG-23,2022,1202,347131.1,4118.06,5000000220,2016,4,0,SUV,2300.0,奥迪,自用货物,0.0,品牌B,77.13,0.0,0.143694,0.127588,7.57,0.170419,0,0.0,0.0,0,1,0.0,2231.08
221,0,24-MAY-23,23-MAY-24,2023,1201,459657.33,5006.13,5000000221,2017,5,0,MPV,3100.0,奥迪,商用,0.0,品牌A,96.85,0.0,0.110698,0.09726,1.84,0.164002,0,0.0,0.0,1,1,0.0,3049.51
222,1,12-OCT-23,11-OCT-24,2023,1204,132544.03,889.08,5000000222,2021,4,17,货车,5000.0,奔驰,租赁,0.0,品牌A,82.89,0.0,0.033753,0.13505,8.67,0.017087,1,45.86,2978.41,0,1,0.0,6744.79
223,0,05-OCT-22,05-OCT-23,2022,1204,67436.48,1224.29,5000000223,2018,5,0,轿车,1100.0,奥迪,自用货物,0.0,品牌A,86.38,0.0,0.156907,0.133625,3.8,0.195149,1,30.35,2998.39,1,1,0.0,1001.46
224,1,17-DEC-22,17-DEC-23,2022,1203,199844.89,2448.04,5000000224,2018,4,12,客车,4600.0,本田,商用,0.0,品牌D,38.31,40.58,0.121072,0.289939,2.25,0.052754,0,63.2,5381.49,1,1,0.0,6504.57
225,0,16-APR-23,15-APR-24,2023,1206,469638.79,9544.15,5000000225,2017,4,0,轿车,2200.0,比亚迪,租赁,0.0,品牌C,75.71,95.49,0.012976,0.282778,3.73,0.047334,0,69.51,2000.69,0,1,0.0,2457.59
226,1,28-OCT-22,28-OCT-23,2022,1203,250056.89,1761.58,5000000226,2015,4,0,SUV,2200.0,奔驰,自用货物,0.0,品牌A,85.77,0.0,0.056012,0.164296,4.55,0.154901,0,0.0,0.0,0,1,0.0,1980.14
227,1,07-APR-24,07-APR-25,2024,1204,357169.44,7204.67,5000000227,2019,7,0,轿车,2500.0,奥迪,租赁,49867.57,品牌D,61.71,72.1,0.120445,0.099637,9.06,0.18964,0,66.96,2816.93,1,1,14373.03,3371.01
228,0,12-AUG-22,12-AUG-23,2022,1205,165889.34,1845.51,5000000228,2015,3,19,皮卡,2000.0,奔驰,自用货物,2255.9,品牌D,77.12,39.05,0.171617,0.261163,5.79,0.012147,0,67.25,2675.25,0,1,16507.4,913.46
229,0,27-JUL-22,27-JUL-23,2022,1206,110907.86,1349.07,5000000229,2022,5,0,轿车,1300.0,本田,公务,0.0,品牌E,34.09,0.0,0.086636,0.20151,7.36,0.082633,1,82.94,5127.7,1,1,0.0,1340.41
230,0,13-SEP-23,12-SEP-24,2023,1206,436030.35,12027.1,5000000230,2019,4,1,货车,3900.0,本田,租赁,0.0,品牌B,63.44,0.0,0.134965,0.122809,4.49,0.138763,0,58.55,3286.38,0,1,0.0,5785.14
231,1,08-JUL-23,07-JUL-24,2023,1202,305973.08,2439.05,5000000231,2018,5,0,MPV,1900.0,别克,家用,1131.92,品牌C,45.38,55.48,0.090702,0.011997,3.08,0.029691,0,0.0,0.0,1,1,5607.87,2256.82
232,1,01-OCT-23,30-SEP-24,2023,1204,469624.56,13572.97,5000000232,2014,4,0,SUV,3100.0,长安,租赁,0.0,品牌B,76.2,0.0,0.044995,0.126629,2.59,0.018174,1,82.17,4298.05,1,1,0.0,3738.05
233,1,06-DEC-23,05-DEC-24,2023,1202,295700.36,1990.33,5000000233,2015,4,0,轿车,2900.0,长安,自用货物,0.0,品牌C,79.0,47.74,0.017771,0.105964,8.94,0.143782,0,34.67,6391.11,0,1,0.0,1368.91
234,1,16-APR-24,16-APR-25,2024,1202,145034.03,774.31,5000000234,2024,5,0,SUV,2900.0,宝马,商用,0.0,品牌C,69.18,18.68,0.092039,0.218904,6.43,0.179707,1,87.56,5387.93,1,1,0.0,4721.61
235,0,02-SEP-23,01-SEP-24,2023,1206,78982.42,2344.49,5000000235,2019,3,9,货车,5300.0,奥迪,商用,35324.69,品牌D,59.99,39.35,0.110023,0.201268,3.73,0.197613,1,44.89,4308.48,0,1,12063.18,6533.83
236,0,10-APR-23,09-APR-24,2023,1203,388167.88,5148.1,5000000236,2022,5,0,MPV,1600.0,本田,商用,0.0,品牌C,48.09,55.0,0.026123,0.062206,8.54,0.006532,0,38.59,4612.88,1,1,0.0,3009.48
237,1,25-FEB-23,25-FEB-24,2023,1203,491996.78,5598.52,5000000237,2013,2,16,货车,2500.0,比亚迪,公务,34838.63,品牌E,39.17,0.0,0.129514,0.099074,8.38,0.148422,0,0.0,0.0,1,1,9165.42,2858.66
238,0,11-APR-23,10-APR-24,2023,1205,189021.71,1926.74,5000000238,2020,4,12,皮卡,3000.0,大众,租赁,0.0,品牌C,76.83,66.27,0.014298,0.194214,6.17,0.086551,0,0.0,0.0,0,1,0.0,1486.63
239,0,21-OCT-22,21-OCT-23,2022,1202,349954.11,5373.31,5000000239,2015,4,11,货车,5000.0,吉利,商用,0.0,品牌B,54.12,0.0,0.138007,0.253897,5.12,0.139802,0,62.44,2608.44,0,1,0.0,4351.33
240,0,06-MAR-23,05-MAR-24,2023,1205,284005.8,4292.85,5000000240,2022,2,16,货车,2100.0,大众,商用,0.0,品牌C,71.78,34.68,0.076945,0.035378,0.1,0.03448,0,43.88,4649.19,1,1,0.0,4740.15
241,1,11-NOV-23,10-NOV-24,2023,1206,328575.49,2835.92,5000000241,2018,4,10,客车,4000.0,宝马,家用,0.0,品牌A,75.64,0.0,0.006202,0.098793,6.05,0.044636,1,44.33,3127.32,0,1,0.0,4093.5
242,0,26-AUG-22,26-AUG-23,2022,1206,215329.1,2766.31,5000000242,2018,5,0,轿车,1900.0,长安,自用货物,0.0,品牌B,39.58,0.0,0.15084,0.177909,4.38,0.146573,0,0.0,0.0,1,1,0.0,1350.4
243,1,30-SEP-22,30-SEP-23,2022,1206,117974.97,1059.4,5000000243,2015,4,0,MPV,1400.0,本田,家用,0.0,品牌D,59.45,59.81,0.135693,0.033981,0.11,0.184189,0,0.0,0.0,1,1,0.0,1247.05
244,0,28-JAN-24,27-JAN-25,2024,1202,249121.01,6207.02,5000000244,2015,2,17,客车,5000.0,长安,租赁,0.0,品牌E,59.52,0.0,0.055911,0.098095,4.62,0.088976,0,0.0,0.0,1,1,0.0,5818.08
245,0,11-SEP-23,10-SEP-24,2023,1202,333682.31,8592.15,5000000245,2019,4,6,皮卡,5400.0,宝马,租赁,39253.6,品牌E,64.44,0.0,0.150096,0.228163,9.14,0.19033,0,58.68,6063.6,0,1,9329.08,2016.68
246,0,13-SEP-22,13-SEP-23,2022,1206,455713.66,8377.38,5000000246,2015,4,0,MPV,2900.0,本田,家用,45620.93,品牌A,88.37,0.0,0.14938,0.056904,7.5,0.009564,1,30.03,6203.38,0,1,7089.13,2573.41
247,1,25-SEP-23,24-SEP-24,2023,1202,277057.59,2815.98,5000000247,2020,7,0,MPV,3200.0,大众,自用货物,0.0,品牌A,62.82,0.0,0.031539,0.224376,1.82,0.048791,0,0.0,0.0,0,1,0.0,2340.66
248,0,13-DEC-23,12-DEC-24,2023,1202,481609.55,12774.14,5000000248,2015,5,0,MPV,2100.0,长安,家用,0.0,品牌B,34.63,0.0,0.145569,0.260446,6.07,0.034137,0,0.0,0.0,1,1,0.0,1718.58
249,0,13-MAY-24,13-MAY-25,2024,1201,247027.78,6343.02,5000000249,2022,2,11,皮卡,2300.0,比亚迪,商用,0.0,品牌B,96.43,0.0,0.095185,0.039479,7.07,0.184713,1,76.56,1965.47,0,1,0.0,1381.11
250,1,04-MAR-23,03-MAR-24,2023,1203,287171.94,4244.6,5000000250,2016,2,5,货车,5700.0,宝马,自用货物,0.0,品牌A,60.47,0.0,0.141809,0.225165,4.76,0.11655,0,75.82,5338.47,0,1,0.0,3062.02
251,1,05-SEP-22,05-SEP-23,2022,1203,269035.13,1496.85,5000000251,2015,2,5,货车,5600.0,宝马,商用,0.0,品牌A,92.03,0.0,0.137645,0.011672,4.58,0.063601,0,71.6,3317.14,1,1,0.0,4460.52
252,0,06-APR-23,05-APR-24,2023,1206,80451.45,2182.64,5000000252,2021,5,0,轿车,2400.0,丰田,租赁,0.0,品牌D,95.89,73.56,0.116783,0.066404,8.53,0.021216,0,40.79,4616.91,1,1,0.0,2719.29
253,1,03-MAR-24,03-MAR-25,2024,1206,443572.85,6407.47,5000000253,2023,5,0,SUV,1200.0,比亚迪,家用,4185.52,品牌E,93.36,0.0,0.054977,0.228087,7.88,0.006429,1,62.21,6046.51,1,1,7635.35,3180.11
254,1,18-AUG-23,17-AUG-24,2023,1204,381002.67,2488.72,5000000254,2021,7,0,SUV,1400.0,别克,自用货物,39570.25,品牌C,89.2,84.89,0.195119,0.213972,9.82,0.049737,0,0.0,0.0,0,1,5011.46,3074.71
255,1,13-AUG-23,12-AUG-24,2023,1205,318035.57,8070.31,5000000255,2019,2,2,货车,2400.0,奥迪,租赁,44014.06,品牌D,97.72,69.6,0.08487,0.079985,8.71,0.073402,0,89.31,6219.22,0,1,6486.0,6421.55
256,1,11-SEP-22,11-SEP-23,2022,1206,336518.54,6418.0,5000000256,2021,4,0,轿车,3000.0,奥迪,公务,0.0,品牌B,94.81,0.0,0.003652,0.178114,2.41,0.171248,0,0.0,0.0,0,1,0.0,2007.89
257,1,15-JUL-23,14-JUL-24,2023,1203,484499.56,12313.21,5000000257,2013,5,0,MPV,2600.0,比亚迪,租赁,49508.95,品牌A,57.32,0.0,0.009807,0.005912,0.24,0.071402,0,0.0,0.0,0,1,7228.1,3452.62
258,0,25-OCT-23,24-OCT-24,2023,1203,358611.79,5476.76,5000000258,2020,4,10,皮卡,3400.0,比亚迪,公务,0.0,品牌E,96.47,0.0,0.132932,0.272409,6.47,0.170417,0,47.51,6068.72,0,1,0.0,1051.53
259,0,08-FEB-23,08-FEB-24,2023,1205,230532.48,3529.86,5000000259,2021,2,5,皮卡,2800.0,别克,租赁,44652.88,品牌D,80.07,16.28,0.045682,0.206684,5.03,0.138757,0,86.52,6241.34,0,1,10280.13,2079.17
260,1,20-JUL-23,19-JUL-24,2023,1203,99278.1,1598.37,5000000260,2020,4,0,轿车,1000.0,奥迪,商用,0.0,品牌A,93.78,0.0,0.122378,0.065755,2.45,0.035383,0,0.0,0.0,1,1,0.0,1587.18
261,1,23-JUN-23,22-JUN-24,2023,1201,421322.04,8665.77,5000000261,2014,3,8,客车,3200.0,吉利,租赁,0.0,品牌E,50.31,0.0,0.111193,0.238808,2.17,0.020565,1,40.74,4108.19,1,1,0.0,5447.45
262,1,15-DEC-22,15-DEC-23,2022,1203,194475.33,5192.53,5000000262,2018,7,0,轿车,2400.0,宝马,商用,0.0,品牌A,50.72,0.0,0.135363,0.287741,9.76,0.045275,0,0.0,0.0,1,1,0.0,2131.08
263,1,28-MAY-22,28-MAY-23,2022,1203,276855.86,2296.55,5000000263,2013,2,10,客车,2600.0,吉利,自用货物,0.0,品牌B,57.16,0.0,0.011307,0.112701,2.91,0.187225,1,47.68,3944.59,0,1,0.0,2926.86
264,0,07-JAN-23,07-JAN-24,2023,1206,207241.36,3375.36,5000000264,2020,2,17,客车,2300.0,奥迪,自用货物,0.0,品牌C,47.73,62.73,0.01632,0.220369,3.12,0.13745,0,70.5,4926.9,1,1,0.0,4047.52
265,1,15-OCT-23,14-OCT-24,2023,1202,337511.59,5070.56,5000000265,2019,4,0,SUV,2200.0,丰田,租赁,0.0,品牌B,54.13,0.0,0.011362,0.206405,9.39,0.118898,0,0.0,0.0,1,1,0.0,4213.97
266,1,21-DEC-22,21-DEC-23,2022,1203,454247.66,11268.23,5000000266,2018,7,0,轿车,3300.0,奔驰,租赁,0.0,品牌B,68.22,0.0,0.146972,0.141495,3.19,0.048312,0,0.0,0.0,0,1,0.0,3218.52
267,1,22-JUN-23,21-JUN-24,2023,1203,199730.88,5337.03,5000000267,2017,5,0,MPV,1600.0,大众,公务,0.0,品牌C,36.67,65.7,0.195782,0.288457,4.85,0.051786,0,0.0,0.0,1,1,0.0,1462.77
268,0,05-NOV-23,04-NOV-24,2023,1201,379170.23,4181.77,5000000268,2017,4,9,皮卡,5800.0,比亚迪,家用,0.0,品牌E,54.95,0.0,0.056616,0.199074,5.21,0.119613,0,0.0,0.0,0,1,0.0,958.94
269,0,28-SEP-23,27-SEP-24,2023,1202,324030.66,5554.15,5000000269,2018,7,0,SUV,1500.0,比亚迪,家用,0.0,品牌D,82.28,33.11,0.082554,0.02749,6.88,0.080456,1,42.29,5087.83,1,1,0.0,2029.0
270,1,12-APR-24,12-APR-25,2024,1202,259444.33,2446.9,5000000270,2017,7,0,轿车,2400.0,丰田,租赁,0.0,品牌D,47.49,18.13,0.077316,0.092347,4.87,0.088228,1,74.46,5360.15,0,1,0.0,2192.67
271,1,23-SEP-23,22-SEP-24,2023,1205,68322.86,521.98,5000000271,2014,4,3,皮卡,4000.0,吉利,公务,23065.17,品牌C,96.95,25.08,0.089536,0.202706,9.78,0.014352,0,0.0,0.0,0,1,19281.31,698.18
272,1,20-MAR-23,19-MAR-24,2023,1201,284951.75,6370.64,5000000272,2016,4,0,MPV,2600.0,比亚迪,商用,0.0,品牌D,54.36,98.51,0.09828,0.026142,6.85,0.065496,0,0.0,0.0,1,1,0.0,2503.72
273,0,17-MAR-23,16-MAR-24,2023,1201,99118.68,1011.32,5000000273,2020,5,0,MPV,3300.0,大众,自用货物,0.0,品牌C,35.93,52.84,0.061358,0.245719,3.52,0.180935,0,0.0,0.0,0,1,0.0,2193.14
274,0,15-SEP-23,14-SEP-24,2023,1203,380124.51,7548.25,5000000274,2016,4,0,SUV,1500.0,丰田,租赁,0.0,品牌A,81.38,0.0,0.15117,0.218295,3.61,0.195924,0,77.25,6232.65,1,1,0.0,3145.13
275,0,21-OCT-23,20-OCT-24,2023,1202,210929.17,3918.32,5000000275,2019,4,0,MPV,2400.0,奔驰,公务,0.0,品牌D,87.49,50.29,0.05974,0.097828,5.23,0.064014,1,83.25,2940.09,0,1,0.0,1898.02
276,0,31-MAY-23,30-MAY-24,2023,1204,189849.42,5018.95,5000000276,2013,2,17,货车,2500.0,奔驰,自用货物,0.0,品牌A,59.14,0.0,0.02424,0.247498,6.78,0.173018,0,0.0,0.0,1,1,0.0,1900.78
277,0,05-MAR-23,04-MAR-24,2023,1204,70880.07,1440.52,5000000277,2020,5,0,MPV,2000.0,奔驰,商用,0.0,品牌B,67.33,0.0,0.033348,0.290965,1.13,0.027957,0,0.0,0.0,1,1,0.0,2611.0
278,1,19-JAN-23,19-JAN-24,2023,1205,388241.75,11162.47,5000000278,2021,4,0,SUV,1600.0,比亚迪,商用,0.0,品牌B,32.56,0.0,0.031059,0.248457,7.86,0.113387,0,0.0,0.0,0,1,0.0,3588.44
279,0,11-NOV-22,11-NOV-23,2022,1204,485802.4,7409.82,5000000279,2012,3,14,客车,4100.0,本田,租赁,17016.69,品牌D,56.69,97.33,0.168326,0.127182,7.55,0.185551,1,37.38,2412.05,0,1,6886.8,7020.17
280,0,27-NOV-23,26-NOV-24,2023,1206,117144.86,1113.99,5000000280,2018,7,0,轿车,2300.0,本田,自用货物,0.0,品牌A,54.69,0.0,0.088908,0.00221,6.36,0.013238,1,88.37,3094.44,0,1,0.0,1276.17
281,1,02-OCT-22,02-OCT-23,2022,1204,92035.0,915.33,5000000281,2014,4,0,轿车,1400.0,宝马,租赁,0.0,品牌B,57.28,0.0,0.107405,0.18477,2.01,0.159053,0,34.83,6600.11,0,1,0.0,1540.19
282,1,20-OCT-22,20-OCT-23,2022,1204,237468.94,3183.58,5000000282,2017,3,3,客车,5400.0,别克,商用,0.0,品牌E,49.26,0.0,0.047533,0.283999,9.28,0.012476,0,0.0,0.0,0,1,0.0,6419.71
283,1,09-MAY-24,09-MAY-25,2024,1201,256685.87,3786.53,5000000283,2024,7,0,MPV,2400.0,吉利,商用,22739.95,品牌E,83.56,0.0,0.13739,0.119284,8.13,0.152602,0,0.0,0.0,0,1,2907.33,4548.75
284,1,31-JAN-24,30-JAN-25,2024,1206,273331.06,4718.77,5000000284,2014,2,5,客车,2900.0,别克,家用,18454.53,品牌D,48.3,74.21,0.144953,0.0315,4.09,0.119811,0,0.0,0.0,1,1,16536.57,3610.89
285,1,15-AUG-22,15-AUG-23,2022,1203,372494.3,9089.17,5000000285,2012,4,9,货车,3400.0,吉利,自用货物,23282.77,品牌B,81.48,0.0,0.124954,0.209777,0.79,0.072547,0,53.18,2719.51,0,1,8103.69,2899.75
286,0,04-JUN-22,04-JUN-23,2022,1203,356746.84,8433.89,5000000286,2014,4,0,轿车,2800.0,别克,商用,0.0,品牌C,89.43,31.81,0.173796,0.099905,7.73,0.13771,1,35.35,4444.71,0,1,0.0,1972.07
287,0,16-OCT-22,16-OCT-23,2022,1206,203982.12,1258.79,5000000287,2022,3,8,皮卡,5700.0,奔驰,家用,22862.08,品牌E,68.27,0.0,0.071057,0.017057,2.42,0.064048,0,79.09,2342.02,0,1,17621.32,1310.59
288,1,19-DEC-22,19-DEC-23,2022,1203,266742.89,6268.32,5000000288,2013,4,9,货车,3000.0,比亚迪,公务,0.0,品牌D,87.71,33.73,0.15534,0.090288,0.86,0.113676,0,59.76,7175.5,0,1,0.0,2194.57
289,0,22-JAN-24,21-JAN-25,2024,1206,298442.0,6019.89,5000000289,2023,3,17,皮卡,4200.0,长安,公务,0.0,品牌B,47.31,0.0,0.132548,0.18656,4.19,0.103751,0,43.43,3924.69,1,1,0.0,1069.41
290,0,08-FEB-24,07-FEB-25,2024,1203,97227.67,754.71,5000000290,2019,3,19,客车,4600.0,奔驰,自用货物,0.0,品牌D,47.0,21.46,0.130236,0.18277,4.42,0.17747,1,43.15,3742.57,1,1,0.0,3987.62
291,1,25-MAR-24,25-MAR-25,2024,1202,382411.07,6386.04,5000000291,2021,7,0,SUV,3300.0,本田,家用,21415.67,品牌D,84.11,49.02,0.077147,0.113667,1.73,0.022052,0,0.0,0.0,0,1,18676.6,3980.54
292,0,27-APR-24,27-APR-25,2024,1205,318816.88,3606.05,5000000292,2022,4,20,皮卡,3600.0,宝马,商用,33978.99,品牌E,36.8,0.0,0.1162,0.144484,0.69,0.18393,1,33.38,2581.3,1,1,5844.93,1882.08
293,0,06-FEB-23,06-FEB-24,2023,1205,312565.91,5319.54,5000000293,2022,2,1,货车,5300.0,本田,商用,0.0,品牌E,37.32,0.0,0.188825,0.052263,0.67,0.12881,0,0.0,0.0,1,1,0.0,6252.77
294,0,29-OCT-22,29-OCT-23,2022,1202,110582.94,811.76,5000000294,2014,4,0,SUV,3100.0,比亚迪,自用货物,0.0,品牌B,53.15,0.0,0.020697,0.261413,2.0,0.097935,0,67.04,3799.37,1,1,0.0,2005.51
295,0,17-NOV-22,17-NOV-23,2022,1201,71600.3,1597.8,5000000295,2019,3,10,客车,5500.0,本田,自用货物,0.0,品牌B,55.56,0.0,0.157827,0.108495,7.42,0.07315,1,78.23,2258.18,0,1,0.0,4694.38
296,1,27-AUG-23,26-AUG-24,2023,1205,196713.61,1535.36,5000000296,2020,7,0,MPV,1700.0,本田,公务,45228.04,品牌E,84.93,0.0,0.173934,0.166976,8.43,0.107919,0,0.0,0.0,0,1,16244.1,2263.48
297,1,11-APR-24,11-APR-25,2024,1202,382893.89,8703.26,5000000297,2019,5,0,SUV,1200.0,别克,商用,0.0,品牌C,36.01,70.89,0.09586,0.101567,6.6,0.040341,1,73.01,6333.01,0,1,0.0,2819.02
298,1,24-AUG-22,24-AUG-23,2022,1206,492325.38,8215.74,5000000298,2012,4,0,SUV,3400.0,比亚迪,商用,3972.59,品牌E,83.93,0.0,0.011375,0.1181,3.2,0.130534,1,36.21,6854.9,1,1,2554.52,4066.81
299,0,21-JUL-22,21-JUL-23,2022,1204,99654.6,1410.3,5000000299,2015,4,18,皮卡,5200.0,奥迪,租赁,0.0,品牌D,64.79,44.04,0.151275,0.200936,7.56,0.126148,0,77.46,3447.0,1,1,0.0,1106.65
300,0,25-JAN-23,25-JAN-24,2023,1203,168594.08,2832.18,5000000300,2015,5,0,MPV,3000.0,大众,租赁,16206.86,品牌E,71.05,0.0,0.134689,0.084718,2.14,0.005158,0,0.0,0.0,0,1,18996.12,3693.78
301,0,03-DEC-23,02-DEC-24,2023,1201,473762.26,3686.93,5000000301,2020,3,9,货车,3900.0,丰田,家用,0.0,品牌A,30.4,0.0,0.135981,0.036714,6.34,0.013459,1,78.05,6353.91,1,1,0.0,3563.15
302,1,02-JUN-23,01-JUN-24,2023,1202,343815.23,7138.62,5000000302,2014,5,0,SUV,1600.0,别克,公务,0.0,品牌D,46.08,71.3,0.087797,0.220015,2.38,0.029669,1,47.53,5405.77,0,1,0.0,1683.73
303,0,19-FEB-24,18-FEB-25,2024,1201,137717.08,1808.25,5000000303,2023,7,0,轿车,2300.0,吉利,公务,0.0,品牌A,92.48,0.0,0.094414,0.288845,4.65,0.020424,1,65.26,4517.91,1,1,0.0,1599.48
304,0,08-JUL-22,08-JUL-23,2022,1206,70698.49,1457.4,5000000304,2012,3,18,货车,5100.0,大众,租赁,0.0,品牌B,39.83,0.0,0.102295,0.227254,6.55,0.143261,1,66.86,2049.85,0,1,0.0,4015.58
305,0,06-MAY-23,05-MAY-24,2023,1202,315200.94,6809.92,5000000305,2018,4,9,皮卡,4800.0,长安,公务,0.0,品牌A,42.06,0.0,0.010493,0.062216,1.3,0.046651,0,60.85,6672.67,1,1,0.0,930.5
306,1,09-AUG-22,09-AUG-23,2022,1203,220555.56,2656.9,5000000306,2012,4,0,SUV,2900.0,宝马,租赁,1228.49,品牌E,78.94,0.0,0.02082,0.161311,8.59,0.140072,0,0.0,0.0,0,1,14607.88,4092.84
307,1,01-NOV-23,31-OCT-24,2023,1201,181493.24,2307.18,5000000307,2021,4,11,皮卡,5900.0,比亚迪,家用,3950.45,品牌C,59.02,21.94,0.053009,0.140229,0.25,0.192551,1,54.84,2831.0,0,1,10888.3,1178.09
308,1,24-MAR-24,24-MAR-25,2024,1204,168614.08,1465.41,5000000308,2022,5,0,SUV,3300.0,大众,商用,0.0,品牌D,59.03,78.84,0.122976,0.06577,8.89,0.147042,1,66.74,4473.42,1,1,0.0,4544.24
309,1,13-JUL-23,12-JUL-24,2023,1204,275818.88,4388.89,5000000309,2020,5,0,SUV,3400.0,大众,公务,0.0,品牌B,62.37,0.0,0.051728,0.244115,3.04,0.134976,0,0.0,0.0,0,1,0.0,3009.78
310,1,11-AUG-23,10-AUG-24,2023,1201,112268.72,750.49,5000000310,2023,2,1,客车,3900.0,吉利,公务,16329.56,品牌D,59.27,78.07,0.022162,0.28371,4.26,0.119255,1,49.98,5138.72,0,1,6884.95,6631.37
311,0,16-JUN-23,15-JUN-24,2023,1202,210062.5,1485.44,5000000311,2018,4,0,SUV,1100.0,奥迪,商用,44119.22,品牌B,78.75,0.0,0.06333,0.261204,8.32,0.148228,1,58.29,3865.58,0,1,13311.47,3345.19
312,1,10-DEC-23,09-DEC-24,2023,1202,372593.06,4529.04,5000000312,2018,2,11,客车,4300.0,宝马,自用货物,0.0,品牌C,57.02,97.89,0.033247,0.215426,7.66,0.039795,0,0.0,0.0,1,1,0.0,4203.44
313,0,07-JAN-24,06-JAN-25,2024,1205,287318.82,6727.82,5000000313,2016,7,0,SUV,3400.0,大众,公务,22004.87,品牌E,95.98,0.0,0.070815,0.066327,2.68,0.006359,0,0.0,0.0,0,1,8029.27,2949.12
314,1,17-JUL-22,17-JUL-23,2022,1204,437386.87,5308.83,5000000314,2019,4,17,客车,4400.0,别克,公务,0.0,品牌B,75.97,0.0,0.126227,0.057403,5.37,0.104572,1,73.68,5522.26,1,1,0.0,4797.56
315,1,06-NOV-22,06-NOV-23,2022,1206,446509.01,2465.31,5000000315,2021,5,0,MPV,1800.0,别克,公务,1682.98,品牌B,65.29,0.0,0.186322,0.092635,3.67,0.153692,1,87.65,2141.31,0,1,14695.34,2880.85
316,1,14-OCT-22,14-OCT-23,2022,1202,308928.54,2277.56,5000000316,2012,2,4,货车,4900.0,宝马,公务,0.0,品牌C,51.16,21.35,0.02973,0.032263,6.33,0.131978,0,46.28,6594.5,0,1,0.0,2431.95
317,1,23-AUG-22,23-AUG-23,2022,1202,137511.57,1195.55,5000000317,2013,2,5,皮卡,5900.0,丰田,商用,0.0,品牌D,82.79,35.76,0.086001,0.267091,1.71,0.185374,1,82.72,3628.28,0,1,0.0,864.74
318,0,22-OCT-23,21-OCT-24,2023,1201,151206.45,2236.95,5000000318,2023,5,0,轿车,1600.0,比亚迪,商用,0.0,品牌B,33.39,0.0,0.143926,0.130887,7.89,0.113716,0,0.0,0.0,0,1,0.0,2199.67
319,0,20-JUN-22,20-JUN-23,2022,1205,87880.22,1183.75,5000000319,2019,7,0,MPV,2100.0,比亚迪,自用货物,0.0,品牌C,66.46,85.21,0.19388,0.109419,3.2,0.034384,0,0.0,0.0,1,1,0.0,1773.95
320,1,21-JUL-23,20-JUL-24,2023,1204,476529.27,6199.58,5000000320,2020,7,0,轿车,2500.0,奥迪,公务,0.0,品牌A,76.65,0.0,0.170027,0.29232,3.75,0.137373,0,80.97,4747.39,0,1,0.0,1843.51
321,1,19-DEC-23,18-DEC-24,2023,1204,369854.19,9562.63,5000000321,2023,5,0,轿车,3000.0,吉利,公务,0.0,品牌A,97.7,0.0,0.07295,0.246418,8.83,0.199138,1,86.81,2728.55,0,1,0.0,2130.52
322,1,31-AUG-23,30-AUG-24,2023,1201,370928.83,8829.26,5000000322,2013,5,0,MPV,1100.0,大众,租赁,0.0,品牌C,55.23,87.16,0.134204,0.265515,5.11,0.097741,0,46.77,3308.44,0,1,0.0,1954.6
323,0,07-SEP-22,07-SEP-23,2022,1205,182708.46,3127.25,5000000323,2021,5,0,轿车,1600.0,本田,家用,0.0,品牌E,97.11,0.0,0.125542,0.120955,5.03,0.048497,0,0.0,0.0,1,1,0.0,1439.74
324,0,20-JUN-23,19-JUN-24,2023,1201,53484.81,1002.87,5000000324,2023,4,7,客车,5700.0,丰田,租赁,0.0,品牌D,97.35,13.6,0.176823,0.240625,7.08,0.147095,1,35.28,4541.98,0,1,0.0,10246.9
325,1,15-JUL-23,14-JUL-24,2023,1206,221863.66,1430.9,5000000325,2018,2,20,货车,4800.0,本田,租赁,1330.94,品牌A,55.37,0.0,0.007902,0.006975,7.72,0.143276,1,63.92,2273.62,0,1,2902.67,7291.51
326,0,11-JUN-23,10-JUN-24,2023,1201,414096.21,3466.35,5000000326,2022,7,0,MPV,1400.0,宝马,家用,0.0,品牌B,86.59,0.0,0.015602,0.292208,1.39,0.087534,0,55.64,5863.28,0,1,0.0,2040.97
327,1,26-FEB-24,25-FEB-25,2024,1204,497541.25,2754.92,5000000327,2022,3,12,客车,3000.0,宝马,家用,0.0,品牌D,80.51,96.36,0.14136,0.18894,6.0,0.081177,1,75.45,6407.2,0,1,0.0,4758.29
328,0,14-MAY-23,13-MAY-24,2023,1206,422538.22,5492.49,5000000328,2021,5,0,轿车,2600.0,奥迪,商用,0.0,品牌E,81.35,0.0,0.057083,0.178731,3.78,0.062216,0,0.0,0.0,0,1,0.0,2693.68
329,1,02-SEP-22,02-SEP-23,2022,1201,493155.06,5645.46,5000000329,2019,5,0,SUV,3000.0,本田,租赁,0.0,品牌D,79.32,31.78,0.158101,0.01406,5.95,0.064294,0,0.0,0.0,1,1,0.0,5250.03
330,0,18-AUG-23,17-AUG-24,2023,1206,133740.4,2637.12,5000000330,2014,2,20,客车,4500.0,别克,租赁,0.0,品牌D,74.45,17.29,0.006448,0.122881,6.64,0.192261,0,0.0,0.0,1,1,0.0,5548.65
331,0,23-OCT-22,23-OCT-23,2022,1206,304160.04,3909.21,5000000331,2021,5,0,MPV,2900.0,奔驰,商用,0.0,品牌D,52.43,34.12,0.041008,0.275281,1.09,0.036383,0,40.26,6168.32,0,1,0.0,3686.07
332,1,10-JUN-23,09-JUN-24,2023,1203,307833.12,7924.88,5000000332,2019,5,0,SUV,2700.0,吉利,公务,0.0,品牌B,65.92,0.0,0.178008,0.017195,9.28,0.065529,0,0.0,0.0,0,1,0.0,2602.73
333,1,02-SEP-23,01-SEP-24,2023,1206,205368.89,3862.47,5000000333,2016,5,0,MPV,2700.0,奥迪,自用货物,0.0,品牌A,80.0,0.0,0.049988,0.224671,2.75,0.1268,0,0.0,0.0,1,1,0.0,1680.26
334,1,19-JUL-22,19-JUL-23,2022,1206,77635.76,1050.42,5000000334,2019,7,0,轿车,3300.0,奥迪,家用,0.0,品牌E,66.67,0.0,0.145204,0.195259,9.26,0.050954,0,69.82,4686.47,1,1,0.0,1646.82
335,1,01-MAR-23,29-FEB-24,2023,1202,292313.53,7285.54,5000000335,2019,5,0,MPV,2500.0,吉利,商用,0.0,品牌A,79.25,0.0,0.078565,0.071431,6.71,0.078266,1,62.65,2524.92,1,1,0.0,2933.22
336,1,08-OCT-23,07-OCT-24,2023,1206,354589.45,7801.96,5000000336,2017,3,10,客车,5300.0,比亚迪,自用货物,3388.36,品牌D,92.9,75.09,0.163195,0.122357,9.15,0.013393,0,41.07,6953.39,0,1,19280.25,5369.8
337,1,15-JUN-23,14-JUN-24,2023,1201,471342.22,11907.69,5000000337,2018,7,0,MPV,2000.0,本田,家用,0.0,品牌B,69.45,0.0,0.129045,0.050273,8.05,0.115001,0,0.0,0.0,0,1,0.0,1942.68
338,0,27-AUG-22,27-AUG-23,2022,1203,477413.76,9450.75,5000000338,2019,4,3,客车,3000.0,奔驰,自用货物,0.0,品牌B,70.92,0.0,0.094816,0.26015,8.6,0.050404,1,61.4,6526.96,1,1,0.0,4494.86
339,0,08-AUG-23,07-AUG-24,2023,1204,229208.75,2377.86,5000000339,2023,4,19,货车,2000.0,本田,自用货物,0.0,品牌E,99.15,0.0,0.08603,0.272848,9.18,0.013057,0,89.68,3268.53,0,1,0.0,3269.99
340,1,14-NOV-22,14-NOV-23,2022,1204,52071.27,1044.96,5000000340,2020,2,14,货车,3100.0,宝马,家用,0.0,品牌B,72.44,0.0,0.149405,0.066341,9.57,0.132484,0,0.0,0.0,1,1,0.0,3089.12
341,1,17-MAR-23,16-MAR-24,2023,1205,447457.3,3785.09,5000000341,2014,5,0,MPV,1500.0,大众,家用,0.0,品牌A,92.88,0.0,0.16041,0.216801,8.43,0.14983,0,61.98,5084.83,0,1,0.0,1464.14
342,1,28-AUG-22,28-AUG-23,2022,1202,233587.19,4589.31,5000000342,2020,4,6,客车,2600.0,比亚迪,家用,0.0,品牌B,84.56,0.0,0.105545,0.052046,0.84,0.004081,0,53.51,1947.66,0,1,0.0,4384.96
343,0,07-MAY-24,07-MAY-25,2024,1201,249708.42,6982.75,5000000343,2019,2,7,皮卡,4200.0,别克,公务,0.0,品牌E,43.8,0.0,0.030337,0.122214,0.01,0.146139,0,0.0,0.0,1,1,0.0,863.69
344,0,20-MAR-24,20-MAR-25,2024,1205,228833.81,4600.23,5000000344,2019,5,0,轿车,2500.0,吉利,商用,0.0,品牌D,37.0,22.91,0.195078,0.067559,9.69,0.056862,0,0.0,0.0,0,1,0.0,2084.98
345,1,06-NOV-22,06-NOV-23,2022,1203,219105.24,3610.78,5000000345,2017,2,12,皮卡,5200.0,大众,自用货物,0.0,品牌B,48.3,0.0,0.113155,0.247453,7.75,0.030099,0,0.0,0.0,1,1,0.0,832.48
346,0,12-SEP-23,11-SEP-24,2023,1206,486488.3,14568.58,5000000346,2017,4,16,皮卡,4000.0,宝马,家用,0.0,品牌A,89.24,0.0,0.192456,0.031848,8.37,0.038409,1,49.18,3820.51,1,1,0.0,1068.4
347,0,02-JUL-22,02-JUL-23,2022,1206,73894.65,465.42,5000000347,2012,4,0,MPV,1100.0,别克,租赁,0.0,品牌E,44.66,0.0,0.032242,0.17974,4.15,0.1886,0,0.0,0.0,0,1,0.0,1651.62
348,1,27-MAY-22,27-MAY-23,2022,1205,386676.63,10469.26,5000000348,2022,4,10,皮卡,2100.0,奥迪,商用,0.0,品牌D,52.9,74.3,0.078171,0.227744,6.58,0.020112,1,60.18,2221.74,1,1,0.0,1652.41
349,1,11-JUL-23,10-JUL-24,2023,1204,477897.29,10888.69,5000000349,2019,2,9,货车,5400.0,大众,家用,0.0,品牌A,87.75,0.0,0.154753,0.225973,0.3,0.105426,0,41.81,2810.19,0,1,0.0,3767.98
350,0,28-AUG-23,27-AUG-24,2023,1206,371126.26,7958.44,5000000350,2023,3,19,皮卡,3900.0,别克,家用,0.0,品牌B,56.61,0.0,0.114006,0.09781,1.7,0.067973,0,0.0,0.0,1,1,0.0,1183.22
351,1,16-APR-24,16-APR-25,2024,1206,478777.4,14347.92,5000000351,2024,5,0,轿车,3200.0,奔驰,商用,45569.97,品牌B,89.06,0.0,0.10881,0.117965,3.54,0.014083,0,67.47,2862.53,1,1,16518.35,4271.67
352,0,03-DEC-23,02-DEC-24,2023,1202,106795.34,899.2,5000000352,2021,4,17,货车,5500.0,大众,公务,0.0,品牌E,56.33,0.0,0.049181,0.17514,3.06,0.089185,1,41.14,4756.27,0,1,0.0,3832.34
353,1,21-JUN-22,21-JUN-23,2022,1202,469603.56,6017.19,5000000353,2016,4,6,客车,4300.0,奥迪,租赁,0.0,品牌D,38.92,80.52,0.191139,0.110603,3.78,0.122053,0,0.0,0.0,1,1,0.0,7045.68
354,1,14-APR-23,13-APR-24,2023,1206,464457.44,12485.19,5000000354,2013,5,0,MPV,2700.0,本田,自用货物,33386.44,品牌C,64.78,79.5,0.022096,0.004016,9.69,0.161726,0,0.0,0.0,1,1,14671.96,2164.76
355,1,24-OCT-22,24-OCT-23,2022,1204,332614.43,2600.22,5000000355,2013,3,4,客车,3600.0,比亚迪,自用货物,0.0,品牌D,56.05,97.1,0.182026,0.212591,3.39,0.065097,0,0.0,0.0,1,1,0.0,3149.71
356,0,24-JUL-22,24-JUL-23,2022,1202,146594.99,2455.81,5000000356,2012,5,0,轿车,1400.0,长安,租赁,32785.48,品牌E,62.02,0.0,0.078127,0.120043,0.09,0.060991,0,74.71,4518.42,0,1,4820.73,1821.89
357,1,29-SEP-22,29-SEP-23,2022,1202,60400.92,480.42,5000000357,2015,2,12,客车,5500.0,大众,商用,40235.07,品牌A,82.3,0.0,0.197837,0.233468,2.41,0.026317,0,0.0,0.0,1,1,7985.38,7124.83
358,1,25-SEP-23,24-SEP-24,2023,1202,326066.14,9265.9,5000000358,2023,5,0,MPV,1100.0,比亚迪,租赁,13254.8,品牌D,77.29,49.94,0.097119,0.19135,9.16,0.118296,0,0.0,0.0,1,1,4184.7,4269.63
359,0,25-JUL-22,25-JUL-23,2022,1203,376177.42,6565.7,5000000359,2016,4,0,SUV,1200.0,吉利,租赁,0.0,品牌C,88.86,23.91,0.032957,0.025859,6.61,0.065874,1,35.46,2866.42,1,1,0.0,3133.95
360,0,03-MAY-24,03-MAY-25,2024,1201,158103.73,4043.22,5000000360,2021,4,0,轿车,1500.0,本田,家用,0.0,品牌A,50.84,0.0,0.081959,0.253543,9.87,0.023363,0,0.0,0.0,0,1,0.0,1255.98
361,0,31-AUG-23,30-AUG-24,2023,1202,277332.2,4491.47,5000000361,2014,5,0,MPV,2600.0,本田,公务,0.0,品牌A,90.27,0.0,0.096738,0.071169,7.29,0.155032,0,0.0,0.0,0,1,0.0,1545.03
362,1,10-JUL-23,09-JUL-24,2023,1204,209735.0,3345.22,5000000362,2019,4,6,货车,2500.0,宝马,租赁,0.0,品牌E,32.04,0.0,0.198986,1.1e-05,5.68,0.174858,0,36.21,4775.96,1,1,0.0,4898.48
363,0,13-AUG-22,13-AUG-23,2022,1202,409661.18,2229.06,5000000363,2017,3,5,皮卡,4400.0,奔驰,公务,0.0,品牌D,72.34,53.74,0.069764,0.070003,3.69,0.034985,0,0.0,0.0,0,1,0.0,1026.85
364,0,01-APR-24,01-APR-25,2024,1202,75395.07,1786.64,5000000364,2018,4,0,SUV,1800.0,丰田,租赁,0.0,品牌B,81.72,0.0,0.197003,0.140413,3.1,0.104783,1,49.15,7138.68,1,1,0.0,3220.04
365,0,05-MAY-24,05-MAY-25,2024,1204,457783.94,5405.1,5000000365,2024,3,6,客车,3800.0,大众,商用,0.0,品牌B,39.25,0.0,0.08649,0.128741,0.55,0.176741,0,0.0,0.0,1,1,0.0,8069.0
366,0,27-MAR-24,27-MAR-25,2024,1205,121391.36,1216.85,5000000366,2020,7,0,SUV,3000.0,奔驰,自用货物,0.0,品牌D,80.34,58.41,0.17723,0.101726,3.49,0.100795,0,0.0,0.0,0,1,0.0,2533.02
367,0,25-APR-24,25-APR-25,2024,1202,252933.24,4526.61,5000000367,2014,4,19,货车,2300.0,吉利,租赁,0.0,品牌E,54.45,0.0,0.111517,0.226536,1.28,0.00025,1,85.13,4768.6,1,1,0.0,3325.13
368,1,12-AUG-22,12-AUG-23,2022,1203,272838.98,3132.48,5000000368,2014,4,1,货车,6000.0,大众,自用货物,0.0,品牌E,62.69,0.0,0.191838,0.0948,0.95,0.012745,0,0.0,0.0,0,1,0.0,2925.93
369,0,26-FEB-23,26-FEB-24,2023,1201,495567.49,6786.61,5000000369,2018,7,0,轿车,1600.0,本田,公务,0.0,品牌A,44.83,0.0,0.050355,0.200699,1.55,0.145088,0,0.0,0.0,0,1,0.0,1499.14
370,1,28-JUN-23,27-JUN-24,2023,1206,232814.38,1245.51,5000000370,2015,2,1,货车,2600.0,奔驰,家用,38613.87,品牌D,34.62,73.8,0.013713,0.113285,0.91,0.000553,0,0.0,0.0,0,1,4416.83,2870.73
371,0,15-APR-23,14-APR-24,2023,1206,217316.98,3101.13,5000000371,2016,7,0,SUV,3000.0,吉利,公务,0.0,品牌C,60.23,76.47,0.025715,0.000342,2.28,0.084483,1,41.17,2611.92,0,1,0.0,2212.14
372,1,10-FEB-23,10-FEB-24,2023,1205,329674.81,5140.23,5000000372,2018,7,0,MPV,1200.0,丰田,公务,0.0,品牌C,35.23,29.17,0.068667,0.003561,1.92,0.048965,0,50.76,6853.78,1,1,0.0,1557.4
373,0,29-APR-23,28-APR-24,2023,1202,149854.02,1796.38,5000000373,2017,4,5,客车,2000.0,丰田,自用货物,4245.5,品牌E,80.26,0.0,0.113827,0.224513,8.43,0.099544,1,34.13,4017.03,1,1,7850.52,4231.44
374,0,14-JUL-22,14-JUL-23,2022,1204,149187.42,1867.05,5000000374,2017,4,3,皮卡,4100.0,丰田,公务,0.0,品牌D,53.4,96.67,0.017454,0.268749,3.15,0.064835,0,0.0,0.0,1,1,0.0,761.16
375,1,03-OCT-23,02-OCT-24,2023,1203,83580.83,708.16,5000000375,2015,4,16,客车,2900.0,丰田,商用,0.0,品牌E,80.9,0.0,0.087649,0.184388,4.59,0.055956,0,0.0,0.0,0,1,0.0,4468.77
376,1,05-APR-24,05-APR-25,2024,1206,407724.21,8536.24,5000000376,2016,2,1,皮卡,4300.0,本田,自用货物,0.0,品牌D,67.82,40.58,0.032821,0.088163,9.29,0.065519,1,49.04,6086.83,0,1,0.0,918.38
377,1,04-NOV-22,04-NOV-23,2022,1201,273035.46,6029.68,5000000377,2017,3,14,皮卡,2900.0,奔驰,租赁,0.0,品牌D,94.32,57.92,0.126144,0.208553,9.72,0.052972,0,86.09,2793.95,1,1,0.0,1422.87
378,0,24-FEB-23,24-FEB-24,2023,1204,198313.08,3768.15,5000000378,2022,5,0,轿车,3000.0,本田,公务,7909.58,品牌D,49.97,15.59,0.023706,0.097036,1.84,0.070425,0,47.45,4614.53,1,1,18526.95,2416.01
379,1,15-NOV-22,15-NOV-23,2022,1206,211040.87,4784.56,5000000379,2019,4,9,货车,2700.0,大众,商用,0.0,品牌B,77.12,0.0,0.136978,0.119604,6.63,0.089209,1,38.12,4121.01,0,1,0.0,4424.67
380,0,08-NOV-22,08-NOV-23,2022,1203,439383.7,6512.27,5000000380,2021,7,0,SUV,3300.0,宝马,家用,37294.17,品牌A,71.49,0.0,0.086344,0.241733,3.4,0.175853,0,0.0,0.0,1,1,3454.2,4471.87
381,1,29-JUN-22,29-JUN-23,2022,1204,460328.74,4516.97,5000000381,2014,4,0,SUV,1100.0,长安,家用,0.0,品牌B,98.49,0.0,0.171695,0.271487,1.02,0.053346,0,0.0,0.0,1,1,0.0,1741.69
382,0,09-AUG-22,09-AUG-23,2022,1201,94566.99,1599.71,5000000382,2019,2,11,货车,4600.0,比亚迪,租赁,0.0,品牌B,98.06,0.0,0.166984,0.238392,6.68,0.017114,0,46.69,4814.31,1,1,0.0,6124.66
383,1,23-AUG-23,22-AUG-24,2023,1204,259856.71,4145.81,5000000383,2014,4,11,皮卡,2700.0,奔驰,家用,0.0,品牌E,58.93,0.0,0.149147,0.271244,6.22,0.161553,0,0.0,0.0,0,1,0.0,734.87
384,1,09-FEB-23,09-FEB-24,2023,1203,198026.87,2382.13,5000000384,2023,5,0,MPV,1100.0,奥迪,家用,0.0,品牌C,31.81,83.38,0.017058,0.189723,1.32,0.074158,0,0.0,0.0,0,1,0.0,1787.35
385,0,21-JUN-22,21-JUN-23,2022,1201,381547.66,4112.51,5000000385,2018,2,18,客车,5000.0,本田,商用,0.0,品牌A,82.22,0.0,0.080415,0.05463,5.8,0.067583,0,46.11,3817.12,1,1,0.0,6830.44
386,0,19-FEB-23,19-FEB-24,2023,1202,198896.46,2592.36,5000000386,2021,4,10,客车,2400.0,比亚迪,公务,0.0,品牌B,94.5,0.0,0.185297,0.037372,4.57,0.065141,0,0.0,0.0,1,1,0.0,4297.52
387,0,12-JAN-23,12-JAN-24,2023,1206,92270.7,2146.52,5000000387,2016,4,12,皮卡,3200.0,别克,公务,0.0,品牌E,98.37,0.0,0.089549,0.164178,9.4,0.028332,0,0.0,0.0,0,1,0.0,630.77
388,1,23-APR-24,23-APR-25,2024,1206,443347.1,12997.1,5000000388,2019,2,3,客车,3900.0,奔驰,商用,0.0,品牌A,38.09,0.0,0.135498,0.055717,8.52,0.046421,0,0.0,0.0,1,1,0.0,6135.06
389,0,09-SEP-22,09-SEP-23,2022,1205,315220.37,2096.29,5000000389,2022,4,0,轿车,2600.0,本田,家用,0.0,品牌A,70.82,0.0,0.063136,0.137595,8.83,0.180752,1,36.15,6673.11,0,1,0.0,1951.03
390,0,13-NOV-23,12-NOV-24,2023,1201,498916.86,13338.21,5000000390,2021,3,2,客车,4100.0,长安,公务,0.0,品牌C,71.67,46.52,0.028336,0.170076,1.84,0.071915,0,0.0,0.0,0,1,0.0,5045.97
391,0,21-JUN-23,20-JUN-24,2023,1206,108481.1,738.27,5000000391,2013,3,9,皮卡,4500.0,奔驰,租赁,0.0,品牌D,81.46,95.03,0.126735,0.144384,1.61,0.067476,1,54.47,3402.94,1,1,0.0,928.65
392,1,31-JUL-23,30-JUL-24,2023,1205,295973.37,5541.52,5000000392,2022,3,13,皮卡,3000.0,大众,租赁,0.0,品牌B,68.32,0.0,0.190216,0.150087,1.07,0.0502,0,40.65,3572.62,1,1,0.0,1752.33
393,1,16-JUN-23,15-JUN-24,2023,1203,368460.29,5402.66,5000000393,2016,4,16,皮卡,3800.0,大众,租赁,31588.65,品牌D,79.61,75.53,0.098591,0.20693,5.3,0.041557,0,83.25,2012.91,1,1,18239.66,1786.95
394,0,23-FEB-23,23-FEB-24,2023,1202,120498.98,922.51,5000000394,2014,2,16,货车,5300.0,本田,家用,0.0,品牌D,64.43,66.39,0.071455,0.212872,0.22,0.092763,0,0.0,0.0,1,1,0.0,2466.52
395,0,24-MAR-23,23-MAR-24,2023,1202,212180.0,5202.89,5000000395,2017,4,9,客车,2300.0,奥迪,租赁,0.0,品牌E,75.5,0.0,0.098543,0.051935,8.11,0.063783,1,58.63,3985.84,1,1,0.0,6038.31
396,0,02-JUN-22,02-JUN-23,2022,1202,458955.8,8702.42,5000000396,2014,3,17,客车,3800.0,别克,租赁,0.0,品牌E,41.23,0.0,0.057251,0.181238,5.76,0.155912,0,0.0,0.0,0,1,0.0,6042.56
397,0,14-DEC-23,13-DEC-24,2023,1203,257305.46,3833.66,5000000397,2022,7,0,MPV,2600.0,宝马,商用,29992.32,品牌E,82.41,0.0,0.066154,0.28515,7.97,0.017146,0,0.0,0.0,0,1,19559.96,4480.71
398,1,11-OCT-23,10-OCT-24,2023,1203,393472.06,2678.15,5000000398,2013,4,15,皮卡,5800.0,本田,家用,34069.27,品牌C,31.33,19.76,0.121494,0.27627,9.81,0.118008,0,0.0,0.0,1,1,7888.84,1087.03
399,0,27-JAN-23,27-JAN-24,2023,1202,319127.83,1635.73,5000000399,2017,5,0,轿车,3100.0,别克,商用,27884.75,品牌E,43.29,0.0,0.138174,0.297378,8.87,0.127012,1,50.05,6584.49,0,1,16761.77,2929.35
400,1,17-JUL-22,17-JUL-23,2022,1202,109061.27,1413.79,5000000400,2017,2,5,货车,4900.0,长安,租赁,0.0,品牌A,96.23,0.0,0.104502,0.254901,3.6,0.174438,0,0.0,0.0,1,1,0.0,5563.26
401,0,09-AUG-23,08-AUG-24,2023,1201,486360.92,14583.87,5000000401,2013,5,0,SUV,1700.0,奥迪,商用,0.0,品牌C,58.44,18.72,0.090063,0.003371,7.65,0.000753,0,0.0,0.0,1,1,0.0,2435.1
402,1,25-JUL-22,25-JUL-23,2022,1206,306640.91,8991.3,5000000402,2020,7,0,SUV,2000.0,奥迪,公务,0.0,品牌B,94.5,0.0,0.077188,0.260173,6.14,0.014584,0,0.0,0.0,1,1,0.0,2571.05
403,0,21-MAY-22,21-MAY-23,2022,1201,118531.11,2876.43,5000000403,2016,3,18,客车,5800.0,丰田,公务,0.0,品牌E,57.71,0.0,0.167806,0.274987,2.39,0.164732,0,0.0,0.0,1,1,0.0,4010.25
404,1,14-AUG-22,14-AUG-23,2022,1204,190233.6,1576.58,5000000404,2014,4,0,轿车,1400.0,别克,家用,0.0,品牌E,96.55,0.0,0.008282,0.076564,7.17,0.142169,0,0.0,0.0,1,1,0.0,973.74
405,0,08-OCT-23,07-OCT-24,2023,1205,342725.46,5431.42,5000000405,2020,2,13,客车,2500.0,奔驰,商用,0.0,品牌D,98.55,91.45,0.174238,0.096957,2.73,0.024577,0,0.0,0.0,0,1,0.0,6265.69
406,0,01-AUG-23,31-JUL-24,2023,1206,115599.29,3235.43,5000000406,2020,4,0,轿车,3200.0,宝马,商用,0.0,品牌D,81.73,21.07,0.064143,0.087399,5.42,0.126167,0,0.0,0.0,0,1,0.0,2495.38
407,0,21-FEB-24,20-FEB-25,2024,1204,274602.77,4790.66,5000000407,2021,4,0,MPV,3000.0,奥迪,商用,2839.58,品牌D,82.36,66.65,0.166975,0.074684,7.44,0.180306,0,0.0,0.0,1,1,14104.76,4324.26
408,0,27-JAN-23,27-JAN-24,2023,1205,217649.04,3275.06,5000000408,2023,2,17,货车,3300.0,奥迪,自用货物,38142.14,品牌E,32.22,0.0,0.076342,0.206204,4.77,0.010676,1,66.56,2529.25,1,1,16998.49,4754.18
409,1,11-SEP-22,11-SEP-23,2022,1205,332739.6,7385.96,5000000409,2017,4,19,皮卡,3400.0,奔驰,租赁,0.0,品牌A,73.07,0.0,0.019575,0.254998,8.42,0.066932,0,0.0,0.0,1,1,0.0,1483.76
410,0,21-DEC-22,21-DEC-23,2022,1203,373328.75,9586.03,5000000410,2014,2,2,货车,5700.0,丰田,公务,0.0,品牌A,99.62,0.0,0.023405,0.295767,8.49,0.196187,0,0.0,0.0,1,1,0.0,2969.59
411,1,19-DEC-23,18-DEC-24,2023,1201,98156.73,1445.75,5000000411,2014,4,18,货车,4300.0,吉利,租赁,0.0,品牌A,54.48,0.0,0.192186,0.061171,5.19,0.123832,0,0.0,0.0,0,1,0.0,4063.66
412,0,01-JAN-23,01-JAN-24,2023,1205,82576.6,917.18,5000000412,2018,5,0,SUV,3100.0,丰田,家用,9475.62,品牌D,76.57,87.27,0.094474,0.107019,3.72,0.080309,0,0.0,0.0,0,1,19813.7,3088.57
413,1,02-DEC-22,02-DEC-23,2022,1205,373295.97,6668.85,5000000413,2021,5,0,MPV,3300.0,别克,租赁,0.0,品牌D,43.0,81.06,0.157211,0.077647,6.59,0.036385,0,83.18,4867.63,1,1,0.0,4752.78
414,1,14-NOV-23,13-NOV-24,2023,1205,217421.27,5491.05,5000000414,2013,3,16,客车,3700.0,丰田,自用货物,0.0,品牌C,71.69,47.49,0.055971,0.022542,8.8,0.074299,0,0.0,0.0,1,1,0.0,2856.97
415,0,21-NOV-22,21-NOV-23,2022,1203,50034.84,1176.43,5000000415,2013,2,2,客车,5700.0,长安,商用,0.0,品牌D,54.19,88.26,0.055338,0.265658,5.86,0.146238,0,0.0,0.0,0,1,0.0,4845.92
416,0,09-MAY-24,09-MAY-25,2024,1201,420137.05,6139.61,5000000416,2020,2,15,皮卡,5300.0,吉利,公务,20784.77,品牌E,77.78,0.0,0.103079,0.290779,6.94,0.145591,0,0.0,0.0,1,1,6733.27,1391.76
417,1,08-FEB-24,07-FEB-25,2024,1203,299692.3,5933.16,5000000417,2023,5,0,轿车,2900.0,宝马,自用货物,3831.62,品牌B,68.4,0.0,0.121963,0.224129,5.83,0.175371,0,0.0,0.0,0,1,4911.47,2511.82
418,1,20-OCT-23,19-OCT-24,2023,1202,102918.93,1273.27,5000000418,2019,5,0,SUV,1100.0,本田,商用,13090.63,品牌A,72.74,0.0,0.045171,0.203021,1.84,0.198073,0,83.49,2599.99,0,1,2058.06,3402.6
419,0,21-AUG-23,20-AUG-24,2023,1205,76421.05,2165.9,5000000419,2023,5,0,轿车,2100.0,长安,商用,0.0,品牌A,62.54,0.0,0.069347,0.06655,8.17,0.05254,0,83.66,5533.99,0,1,0.0,2363.09
420,0,17-MAR-24,17-MAR-25,2024,1206,359858.38,6483.58,5000000420,2022,5,0,MPV,1100.0,吉利,家用,19071.23,品牌E,76.2,0.0,0.073354,0.225239,1.97,0.141154,1,56.93,4208.49,1,1,6611.2,2317.84
421,1,04-AUG-23,03-AUG-24,2023,1202,328196.46,5426.17,5000000421,2018,5,0,SUV,2600.0,别克,商用,24068.77,品牌C,51.46,43.62,0.150358,0.069978,6.64,0.129887,0,74.04,6851.5,0,1,2128.48,4623.53
422,1,12-OCT-22,12-OCT-23,2022,1201,80799.24,584.9,5000000422,2020,5,0,SUV,3400.0,丰田,商用,0.0,品牌A,55.22,0.0,0.061536,0.208824,1.23,0.197239,0,0.0,0.0,1,1,0.0,4524.07
423,0,12-JUN-23,11-JUN-24,2023,1203,467806.04,7354.31,5000000423,2021,5,0,轿车,2000.0,奔驰,家用,0.0,品牌E,60.18,0.0,0.141058,0.023365,4.44,0.001779,1,57.64,6344.13,0,1,0.0,1775.21
424,0,13-DEC-23,12-DEC-24,2023,1203,403073.76,7320.42,5000000424,2020,7,0,轿车,2400.0,本田,租赁,15929.67,品牌C,61.93,54.13,0.090436,0.140613,0.13,0.057002,0,34.18,6260.7,0,1,5193.18,3749.92
425,0,09-MAR-23,08-MAR-24,2023,1201,124242.55,2507.52,5000000425,2014,7,0,MPV,1200.0,大众,公务,0.0,品牌B,55.82,0.0,0.173206,0.208639,9.41,0.09853,0,0.0,0.0,1,1,0.0,1065.08
426,0,20-JUN-22,20-JUN-23,2022,1201,184632.49,4833.95,5000000426,2014,3,9,皮卡,5600.0,本田,商用,0.0,品牌D,51.17,48.0,0.093029,0.115702,7.94,0.195278,0,0.0,0.0,0,1,0.0,964.03
427,1,24-MAR-24,24-MAR-25,2024,1202,83084.57,2408.56,5000000427,2016,5,0,MPV,3100.0,本田,租赁,12146.28,品牌C,49.27,26.07,0.178228,0.199212,3.68,0.00386,1,40.96,6437.32,0,1,15326.97,3640.17
428,1,08-DEC-23,07-DEC-24,2023,1202,142511.49,1706.46,5000000428,2014,3,1,货车,3600.0,别克,租赁,0.0,品牌C,36.34,12.89,0.057591,0.056408,0.33,0.078201,0,0.0,0.0,1,1,0.0,3873.78
429,0,31-DEC-23,30-DEC-24,2023,1205,476399.64,6811.02,5000000429,2023,3,20,客车,4800.0,比亚迪,家用,12559.34,品牌C,50.4,37.39,0.092302,0.212799,2.24,0.006297,0,0.0,0.0,1,1,14783.56,7450.61
430,0,26-SEP-22,26-SEP-23,2022,1201,248591.86,6975.66,5000000430,2017,2,11,皮卡,4100.0,奔驰,公务,0.0,品牌B,38.57,0.0,0.043676,0.062891,7.33,0.150663,1,52.1,4815.15,1,1,0.0,862.56
431,0,27-OCT-23,26-OCT-24,2023,1201,161385.02,1763.72,5000000431,2023,7,0,轿车,3500.0,吉利,租赁,0.0,品牌A,63.99,0.0,0.192432,0.038416,6.67,0.109966,1,66.65,6240.62,0,1,0.0,3749.91
432,0,10-DEC-22,10-DEC-23,2022,1204,435899.04,3660.23,5000000432,2021,3,16,皮卡,3600.0,别克,商用,0.0,品牌C,66.21,76.38,0.131726,0.156947,6.6,0.114765,1,42.4,3493.37,0,1,0.0,1638.02
433,0,22-JUL-23,21-JUL-24,2023,1202,132084.58,2052.78,5000000433,2015,2,19,货车,4300.0,别克,商用,0.0,品牌D,82.89,56.76,0.149077,0.158211,8.65,0.178635,1,43.44,6392.68,0,1,0.0,3657.88
434,0,16-APR-24,16-APR-25,2024,1202,78055.59,639.46,5000000434,2024,4,0,轿车,2400.0,比亚迪,公务,0.0,品牌E,52.6,0.0,0.034845,0.206808,3.56,0.041591,0,0.0,0.0,1,1,0.0,1647.24
435,0,21-DEC-22,21-DEC-23,2022,1202,182675.02,5215.69,5000000435,2014,7,0,轿车,1100.0,本田,租赁,3733.36,品牌A,34.95,0.0,0.160338,0.177017,6.1,0.147122,0,0.0,0.0,0,1,3178.24,1974.76
436,0,11-MAY-24,11-MAY-25,2024,1201,468124.48,5912.46,5000000436,2021,3,9,货车,2800.0,丰田,家用,0.0,品牌A,96.46,0.0,0.097102,0.111512,5.23,0.0862,1,63.59,6150.36,1,1,0.0,3260.21
437,0,09-APR-23,08-APR-24,2023,1206,449961.83,11249.37,5000000437,2020,3,9,货车,4000.0,比亚迪,家用,0.0,品牌C,83.21,96.37,0.185276,0.06411,2.8,0.13801,0,0.0,0.0,1,1,0.0,3565.89
438,1,26-OCT-23,25-OCT-24,2023,1204,456024.93,8176.06,5000000438,2014,7,0,MPV,2200.0,宝马,家用,9642.76,品牌D,66.71,55.76,0.090267,0.134964,0.81,0.147841,1,78.84,1971.62,1,1,17622.91,2115.6
439,1,15-APR-24,15-APR-25,2024,1206,255377.39,5602.86,5000000439,2015,5,0,MPV,2300.0,丰田,商用,24846.03,品牌A,48.55,0.0,0.093259,0.223407,2.54,0.067247,1,64.96,7123.03,0,1,5215.97,2698.61
440,0,15-OCT-23,14-OCT-24,2023,1203,352998.64,1915.15,5000000440,2021,2,19,皮卡,5200.0,吉利,自用货物,0.0,品牌D,59.85,29.7,0.066279,0.299042,0.86,0.038778,1,36.36,3535.04,0,1,0.0,1085.28
441,0,08-JUL-23,07-JUL-24,2023,1202,340175.15,5120.88,5000000441,2014,5,0,SUV,3100.0,丰田,商用,0.0,品牌D,65.01,56.57,0.041074,0.060999,3.94,0.029537,0,0.0,0.0,1,1,0.0,3046.77
442,1,25-DEC-22,25-DEC-23,2022,1204,160618.92,1560.77,5000000442,2019,2,5,客车,5900.0,奔驰,租赁,0.0,品牌E,69.31,0.0,0.176886,0.180668,5.42,0.076135,0,60.65,6512.34,1,1,0.0,8830.55
443,0,03-NOV-22,03-NOV-23,2022,1203,418543.99,9198.12,5000000443,2021,3,8,皮卡,4100.0,别克,公务,1654.55,品牌D,84.39,83.24,0.146817,0.295371,9.11,0.120317,1,83.03,2924.94,1,1,15461.35,1542.48
444,1,16-JAN-24,15-JAN-25,2024,1203,74576.29,1567.65,5000000444,2022,3,3,皮卡,4900.0,本田,商用,0.0,品牌A,47.89,0.0,0.158307,0.15119,9.29,0.083104,1,47.08,3383.02,1,1,0.0,1205.21
445,0,07-JAN-23,07-JAN-24,2023,1203,74835.24,1092.64,5000000445,2015,4,0,轿车,3400.0,长安,租赁,0.0,品牌C,69.78,16.27,0.003081,0.05649,4.0,0.183783,0,0.0,0.0,0,1,0.0,2233.95
446,1,05-DEC-22,05-DEC-23,2022,1205,158094.87,2450.52,5000000446,2015,7,0,SUV,2700.0,大众,租赁,0.0,品牌C,76.82,69.53,0.14299,0.220905,9.37,0.145733,0,0.0,0.0,0,1,0.0,3653.96
447,0,20-FEB-24,19-FEB-25,2024,1206,139420.03,2367.89,5000000447,2023,4,0,SUV,3400.0,大众,家用,41354.44,品牌E,51.6,0.0,0.150006,0.090155,7.29,0.092079,1,30.25,3704.99,1,1,1516.55,4137.7
448,1,26-AUG-22,26-AUG-23,2022,1206,419237.55,4258.71,5000000448,2022,3,4,货车,4800.0,长安,租赁,0.0,品牌B,33.64,0.0,0.109339,0.022835,7.77,0.002341,0,0.0,0.0,1,1,0.0,7704.3
449,0,17-MAY-23,16-MAY-24,2023,1202,289944.87,5515.66,5000000449,2018,7,0,SUV,2700.0,大众,自用货物,0.0,品牌E,92.86,0.0,0.148909,0.011314,2.59,0.093585,1,30.32,5955.95,0,1,0.0,2447.16
450,1,22-MAR-24,22-MAR-25,2024,1206,67259.1,450.26,5000000450,2016,5,0,MPV,2900.0,别克,公务,0.0,品牌B,85.01,0.0,0.076978,0.160036,6.64,0.167757,0,0.0,0.0,1,1,0.0,1494.02
451,1,21-JUL-23,20-JUL-24,2023,1206,167142.11,4895.56,5000000451,2019,4,20,皮卡,5800.0,奔驰,租赁,0.0,品牌A,79.59,0.0,0.113239,0.236152,2.74,0.044048,0,58.45,6521.35,1,1,0.0,1388.47
452,1,12-NOV-23,11-NOV-24,2023,1204,179154.35,3505.19,5000000452,2016,5,0,MPV,2200.0,大众,租赁,0.0,品牌E,84.26,0.0,0.02715,0.052768,7.95,0.111879,0,84.29,2406.65,1,1,0.0,2661.03
453,1,28-OCT-23,27-OCT-24,2023,1202,267209.7,3663.51,5000000453,2014,4,0,MPV,1000.0,丰田,租赁,0.0,品牌E,80.94,0.0,0.098997,0.23217,1.98,0.016485,0,0.0,0.0,1,1,0.0,1921.0
454,1,07-NOV-23,06-NOV-24,2023,1204,297742.85,2682.78,5000000454,2013,2,9,皮卡,4000.0,本田,租赁,0.0,品牌C,64.61,23.0,0.035687,0.191975,1.05,0.056121,1,44.98,5894.64,0,1,0.0,1121.7
455,0,01-AUG-23,31-JUL-24,2023,1202,458932.5,5355.27,5000000455,2022,7,0,SUV,2300.0,比亚迪,租赁,0.0,品牌D,72.9,18.88,0.035343,0.208428,7.95,0.136603,1,85.71,2812.34,0,1,0.0,5177.82
456,0,16-OCT-22,16-OCT-23,2022,1201,93884.86,800.07,5000000456,2019,7,0,轿车,3200.0,长安,商用,0.0,品牌E,80.07,0.0,0.094388,0.209029,6.82,0.079784,1,75.46,7077.04,0,1,0.0,2473.24
457,1,24-NOV-22,24-NOV-23,2022,1203,200761.82,5692.35,5000000457,2014,3,15,客车,4900.0,比亚迪,家用,0.0,品牌D,81.12,68.32,0.124254,0.286875,7.67,0.160863,0,0.0,0.0,0,1,0.0,3447.14
458,0,21-FEB-23,21-FEB-24,2023,1205,335667.64,3052.3,5000000458,2023,4,3,客车,4100.0,奥迪,自用货物,0.0,品牌E,45.32,0.0,0.016301,0.070931,5.12,0.068546,1,59.15,6051.19,0,1,0.0,5410.25
459,1,20-JAN-23,20-JAN-24,2023,1202,273362.25,1979.13,5000000459,2020,7,0,SUV,3400.0,长安,自用货物,0.0,品牌E,97.37,0.0,0.067485,0.099736,1.76,0.024776,0,61.44,3638.8,1,1,0.0,3007.27
460,1,17-JUN-23,16-JUN-24,2023,1204,175721.15,4991.02,5000000460,2013,4,0,MPV,2300.0,奥迪,家用,0.0,品牌B,58.62,0.0,0.183355,0.073008,4.39,0.189374,0,0.0,0.0,0,1,0.0,1291.95
461,0,26-SEP-23,25-SEP-24,2023,1203,79990.85,1684.75,5000000461,2013,5,0,MPV,2400.0,奥迪,租赁,0.0,品牌E,89.23,0.0,0.004286,0.174515,6.28,0.151674,0,0.0,0.0,1,1,0.0,2175.67
462,0,08-JUN-23,07-JUN-24,2023,1205,353721.37,9323.09,5000000462,2020,5,0,MPV,1600.0,长安,租赁,5927.51,品牌E,67.72,0.0,0.116962,0.164719,9.0,0.089421,0,0.0,0.0,0,1,15700.88,4114.72
463,0,18-DEC-23,17-DEC-24,2023,1203,77348.26,787.99,5000000463,2022,3,13,货车,4300.0,奔驰,商用,0.0,品牌B,35.14,0.0,0.012537,0.234541,4.52,0.099252,0,0.0,0.0,0,1,0.0,5549.26
464,1,04-MAR-23,03-MAR-24,2023,1202,332466.32,4663.36,5000000464,2021,3,8,货车,2400.0,大众,家用,0.0,品牌A,34.87,0.0,0.18396,0.121286,2.51,0.174207,0,47.58,5887.21,1,1,0.0,3174.63
465,1,11-MAY-23,10-MAY-24,2023,1203,436271.56,3169.69,5000000465,2015,7,0,MPV,3300.0,奥迪,公务,0.0,品牌C,73.54,35.85,0.019825,0.242272,9.09,0.051189,0,0.0,0.0,0,1,0.0,1969.45
466,1,30-MAR-23,29-MAR-24,2023,1201,96434.09,2502.45,5000000466,2020,2,12,货车,3700.0,比亚迪,公务,0.0,品牌E,65.73,0.0,0.112208,0.072831,7.79,0.004773,0,0.0,0.0,0,1,0.0,3124.24
467,1,08-MAY-24,08-MAY-25,2024,1203,432637.99,11542.25,5000000467,2020,4,0,轿车,1100.0,长安,家用,0.0,品牌B,71.81,0.0,0.090502,0.170386,2.83,0.106543,0,77.49,6358.28,1,1,0.0,1373.96
468,0,28-OCT-22,28-OCT-23,2022,1205,411180.92,11674.32,5000000468,2015,3,5,客车,5300.0,丰田,商用,1497.44,品牌B,64.06,0.0,0.12337,0.069967,2.18,0.025628,0,0.0,0.0,1,1,1091.79,7513.04
469,0,22-MAR-24,22-MAR-25,2024,1205,369830.04,3195.93,5000000469,2023,2,10,客车,6000.0,宝马,自用货物,48117.71,品牌C,53.96,76.41,0.161095,0.207575,3.75,0.046364,0,77.94,2583.74,1,1,10446.86,7378.58
470,0,20-SEP-23,19-SEP-24,2023,1203,134266.59,3810.38,5000000470,2016,5,0,MPV,2500.0,奥迪,自用货物,36748.66,品牌A,77.97,0.0,0.012414,0.064212,2.8,0.052095,0,85.86,2186.75,1,1,6053.88,2012.1
471,0,11-AUG-23,10-AUG-24,2023,1204,408873.76,7475.0,5000000471,2019,4,0,SUV,1100.0,大众,公务,25907.78,品牌E,59.81,0.0,0.141466,0.138979,8.95,0.064859,1,66.18,5213.93,0,1,9479.07,2670.2
472,0,03-MAY-23,02-MAY-24,2023,1201,278282.88,5609.77,5000000472,2017,5,0,SUV,1300.0,本田,公务,48924.61,品牌C,60.78,17.32,0.064483,0.166712,6.32,0.188006,1,35.68,4438.3,1,1,13612.87,2338.09
473,1,22-NOV-23,21-NOV-24,2023,1202,67785.03,1473.23,5000000473,2017,5,0,MPV,2200.0,吉利,家用,11946.42,品牌E,40.14,0.0,0.027723,0.172855,0.45,0.009629,0,0.0,0.0,1,1,11848.98,1938.17
474,0,13-FEB-24,12-FEB-25,2024,1201,187459.12,2260.05,5000000474,2022,7,0,SUV,1500.0,别克,公务,43163.78,品牌B,33.44,0.0,0.198476,0.118009,8.6,0.044229,0,0.0,0.0,1,1,12054.73,2877.68
475,0,24-MAR-24,24-MAR-25,2024,1206,444529.01,7303.6,5000000475,2014,5,0,轿车,2800.0,宝马,家用,33186.84,品牌A,78.93,0.0,0.113441,0.038946,5.56,0.031063,1,87.98,5846.5,0,1,18713.23,1769.33
476,0,29-OCT-23,28-OCT-24,2023,1205,139762.35,2446.82,5000000476,2018,2,5,货车,4200.0,别克,家用,0.0,品牌D,64.93,40.07,0.102472,0.049496,0.86,0.018584,1,83.78,6520.15,1,1,0.0,2937.83
477,0,10-AUG-23,09-AUG-24,2023,1205,219956.47,2700.24,5000000477,2015,5,0,SUV,2800.0,长安,公务,41942.49,品牌C,74.23,80.96,0.034489,0.01601,7.7,0.153695,0,0.0,0.0,1,1,7930.01,2619.27
478,0,21-FEB-23,21-FEB-24,2023,1206,424114.84,11733.14,5000000478,2017,4,4,皮卡,3100.0,奔驰,商用,0.0,品牌C,43.24,49.0,0.054511,0.171452,6.08,0.171892,0,0.0,0.0,0,1,0.0,1317.98
479,1,12-NOV-23,11-NOV-24,2023,1201,322630.62,7384.22,5000000479,2013,3,7,货车,2300.0,奥迪,公务,21930.73,品牌C,64.91,39.03,0.165291,0.026628,1.6,0.187139,0,0.0,0.0,1,1,13023.97,2590.91
480,0,30-AUG-23,29-AUG-24,2023,1206,217644.8,2712.28,5000000480,2021,4,5,客车,3700.0,比亚迪,自用货物,0.0,品牌D,42.33,24.34,0.078698,0.045659,0.15,0.035537,0,89.57,5756.49,1,1,0.0,4654.97
481,0,29-JAN-24,28-JAN-25,2024,1204,254139.08,3695.93,5000000481,2020,4,0,MPV,2300.0,大众,自用货物,0.0,品牌A,74.94,0.0,0.005952,0.15713,1.04,0.170192,1,44.32,5610.51,1,1,0.0,1910.08
482,1,25-MAY-22,25-MAY-23,2022,1204,459873.14,12172.31,5000000482,2016,4,0,MPV,1200.0,长安,商用,0.0,品牌E,63.15,0.0,0.117139,0.231101,4.24,0.137723,0,0.0,0.0,0,1,0.0,2226.64
483,1,15-SEP-22,15-SEP-23,2022,1203,338135.94,6371.97,5000000483,2020,4,18,客车,5600.0,丰田,公务,0.0,品牌E,72.02,0.0,0.075469,0.071161,7.14,0.16108,0,0.0,0.0,0,1,0.0,5272.36
484,1,14-OCT-22,14-OCT-23,2022,1203,365041.84,4561.86,5000000484,2019,5,0,MPV,1100.0,吉利,商用,0.0,品牌D,87.8,30.74,0.18278,0.249808,3.56,0.179574,0,0.0,0.0,0,1,0.0,2440.64
485,0,24-DEC-22,24-DEC-23,2022,1202,224520.12,1154.26,5000000485,2022,5,0,MPV,2600.0,比亚迪,家用,0.0,品牌A,46.47,0.0,0.126521,0.027306,9.69,0.091615,0,0.0,0.0,1,1,0.0,2415.32
486,1,19-MAR-23,18-MAR-24,2023,1204,485792.83,13420.33,5000000486,2016,5,0,轿车,2200.0,奥迪,自用货物,0.0,品牌C,53.8,51.98,0.083557,0.194812,0.04,0.156973,0,0.0,0.0,1,1,0.0,1492.7
487,0,02-NOV-22,02-NOV-23,2022,1204,456837.76,9451.67,5000000487,2016,3,18,货车,6000.0,本田,商用,0.0,品牌E,83.67,0.0,0.040997,0.167621,9.36,0.010013,0,0.0,0.0,0,1,0.0,5076.28
488,0,03-SEP-23,02-SEP-24,2023,1206,454058.63,4256.18,5000000488,2020,4,0,MPV,2800.0,奔驰,家用,0.0,品牌D,94.68,93.5,0.168913,0.123946,8.27,0.043061,0,42.06,2599.29,1,1,0.0,2385.29
489,0,13-SEP-23,12-SEP-24,2023,1206,428127.97,4756.95,5000000489,2021,3,6,皮卡,5900.0,丰田,商用,0.0,品牌C,95.47,98.58,0.151251,0.240807,6.34,0.068694,0,62.92,4441.5,1,1,0.0,1565.83
490,1,26-MAY-22,26-MAY-23,2022,1206,302060.34,3036.17,5000000490,2017,2,14,皮卡,5200.0,丰田,家用,0.0,品牌D,62.46,19.29,0.165595,0.265297,4.87,0.156222,0,0.0,0.0,1,1,0.0,917.09
491,1,24-MAY-22,24-MAY-23,2022,1202,324121.04,3081.24,5000000491,2014,4,0,轿车,1500.0,宝马,自用货物,1679.38,品牌A,52.1,0.0,0.177763,0.143604,0.9,0.159676,0,0.0,0.0,0,1,12406.59,1461.68
492,1,14-JUN-23,13-JUN-24,2023,1201,335726.96,8182.45,5000000492,2013,5,0,SUV,2700.0,吉利,家用,0.0,品牌D,37.44,97.2,0.046848,0.08015,7.96,0.135876,0,65.86,4038.95,1,1,0.0,1883.13
493,1,02-OCT-23,01-OCT-24,2023,1205,173137.77,3856.54,5000000493,2016,3,17,皮卡,2900.0,宝马,家用,25286.67,品牌D,99.25,67.08,0.037544,0.106867,0.8,0.117304,0,33.77,3443.14,1,1,15070.27,923.03
494,1,23-JUL-23,22-JUL-24,2023,1201,260993.38,7407.5,5000000494,2015,5,0,轿车,3400.0,吉利,公务,45732.99,品牌E,46.14,0.0,0.142344,0.251419,1.67,0.031449,0,76.32,4359.7,0,1,4381.47,1849.78
495,0,04-OCT-22,04-OCT-23,2022,1206,407163.84,10110.04,5000000495,2015,7,0,MPV,2000.0,别克,家用,0.0,品牌E,57.11,0.0,0.042741,0.066481,4.69,0.076279,0,42.31,5836.6,1,1,0.0,1700.83
496,0,24-MAR-23,23-MAR-24,2023,1204,112728.95,2203.99,5000000496,2014,2,7,客车,2700.0,长安,自用货物,0.0,品牌C,94.14,10.99,0.199384,0.000326,7.13,0.110026,1,69.37,6181.07,0,1,0.0,2776.05
497,1,07-APR-24,07-APR-25,2024,1201,279305.06,7217.48,5000000497,2014,5,0,轿车,3200.0,别克,自用货物,16420.43,品牌D,36.7,35.52,0.027489,0.201375,9.63,0.163478,0,67.14,6692.53,0,1,13316.39,1637.76
498,1,13-MAY-23,12-MAY-24,2023,1206,93958.66,773.6,5000000498,2017,4,15,货车,2600.0,奔驰,租赁,0.0,品牌B,53.75,0.0,0.019144,0.069272,2.54,0.044023,1,71.62,7040.77,0,1,0.0,4256.77
499,1,17-JUN-22,17-JUN-23,2022,1202,288900.79,6911.69,5000000499,2016,7,0,SUV,2100.0,奔驰,家用,24707.37,品牌E,81.21,0.0,0.120785,0.179336,3.48,0.153626,0,69.13,2864.69,1,1,5660.74,2718.75
500,0,26-SEP-22,26-SEP-23,2022,1206,464696.33,5068.63,5000000500,2022,2,10,货车,4600.0,比亚迪,租赁,0.0,品牌B,55.92,0.0,0.115916,0.01477,7.23,0.052398,0,70.55,4779.4,1,1,0.0,7632.35
501,0,22-SEP-22,22-SEP-23,2022,1204,310311.58,7189.28,5000000501,2016,5,0,轿车,1200.0,丰田,公务,0.0,品牌C,92.9,56.29,0.136041,0.238301,7.77,0.069828,0,0.0,0.0,0,1,0.0,1161.91
502,0,13-JAN-23,13-JAN-24,2023,1205,356981.06,7702.73,5000000502,2017,3,7,客车,3600.0,吉利,自用货物,15307.27,品牌A,92.86,0.0,0.032663,0.062484,6.95,0.047685,0,86.71,6218.57,1,1,2223.27,4925.75
503,0,23-DEC-23,22-DEC-24,2023,1204,297304.72,8083.51,5000000503,2018,5,0,MPV,2500.0,比亚迪,公务,32543.33,品牌D,58.4,89.86,0.176519,0.074758,6.5,0.003433,0,0.0,0.0,1,1,7011.2,2479.09
504,0,22-MAR-24,22-MAR-25,2024,1206,323909.08,4711.37,5000000504,2014,3,6,货车,2800.0,奔驰,租赁,34758.43,品牌C,52.87,87.73,0.007608,0.189084,6.12,0.034859,0,0.0,0.0,1,1,10307.89,4599.32
505,0,10-NOV-22,10-NOV-23,2022,1204,146579.18,2325.13,5000000505,2014,5,0,轿车,2300.0,别克,自用货物,0.0,品牌C,67.72,17.73,0.039463,0.087309,4.82,0.16179,0,40.55,4267.99,0,1,0.0,1101.77
506,1,25-APR-23,24-APR-24,2023,1201,196097.39,2253.29,5000000506,2020,4,6,客车,4400.0,别克,自用货物,0.0,品牌C,52.64,40.14,0.059564,0.22355,8.18,0.151084,0,30.68,6220.03,1,1,0.0,4551.45
507,1,21-AUG-22,21-AUG-23,2022,1203,468147.34,5124.18,5000000507,2016,7,0,轿车,3400.0,宝马,公务,0.0,品牌A,37.08,0.0,0.103628,0.280272,7.63,0.135571,0,65.38,1883.01,1,1,0.0,1803.89
508,1,15-AUG-22,15-AUG-23,2022,1201,210684.63,5546.88,5000000508,2014,5,0,轿车,1600.0,丰田,自用货物,0.0,品牌A,50.39,0.0,0.165514,0.168834,9.98,0.088529,0,57.21,6612.44,1,1,0.0,1032.95
509,0,29-NOV-22,29-NOV-23,2022,1201,261673.94,7486.99,5000000509,2019,4,5,皮卡,4000.0,宝马,家用,0.0,品牌D,56.14,67.22,0.024127,0.260751,0.96,0.072108,0,0.0,0.0,0,1,0.0,952.65
510,1,31-AUG-23,30-AUG-24,2023,1205,340807.27,9003.87,5000000510,2019,4,4,货车,4700.0,别克,商用,0.0,品牌E,83.02,0.0,0.056022,0.010022,5.13,0.018036,0,0.0,0.0,0,1,0.0,5083.04
511,0,18-APR-23,17-APR-24,2023,1206,183321.0,4106.05,5000000511,2017,4,0,SUV,1100.0,奔驰,商用,0.0,品牌B,72.85,0.0,0.175031,0.24728,5.44,0.003997,0,35.89,3507.85,1,1,0.0,2409.47
512,0,04-MAY-24,04-MAY-25,2024,1206,474128.93,3907.5,5000000512,2021,7,0,轿车,2400.0,丰田,自用货物,34067.42,品牌D,70.29,42.77,0.110933,0.123777,7.13,0.026695,1,30.47,6361.78,0,1,15402.98,2348.55
513,1,17-DEC-23,16-DEC-24,2023,1205,96537.1,1877.13,5000000513,2023,4,0,轿车,2200.0,奔驰,公务,37637.56,品牌B,42.09,0.0,0.094476,0.055773,4.4,0.145181,0,0.0,0.0,0,1,17771.2,2076.04
514,1,30-JUN-23,29-JUN-24,2023,1206,275972.61,7997.83,5000000514,2014,4,0,SUV,2900.0,别克,自用货物,15148.25,品牌A,43.15,0.0,0.0159,0.174524,4.46,0.130181,1,43.29,6787.57,0,1,8222.51,2576.92
515,1,27-JUL-23,26-JUL-24,2023,1201,50043.25,395.25,5000000515,2014,3,15,皮卡,3100.0,宝马,租赁,0.0,品牌E,64.77,0.0,0.110295,0.152299,0.19,0.019782,1,87.67,5513.61,1,1,0.0,928.32
516,0,14-SEP-23,13-SEP-24,2023,1201,381355.86,7054.5,5000000516,2013,7,0,SUV,3100.0,比亚迪,家用,0.0,品牌B,73.65,0.0,0.064881,0.002403,4.46,0.120518,0,0.0,0.0,0,1,0.0,2037.79
517,1,11-DEC-22,11-DEC-23,2022,1204,414842.3,12430.31,5000000517,2019,2,19,客车,5700.0,本田,租赁,0.0,品牌E,75.09,0.0,0.022212,0.201463,0.51,0.019073,0,0.0,0.0,1,1,0.0,8999.74
518,0,17-JUN-23,16-JUN-24,2023,1205,445166.19,2928.27,5000000518,2020,7,0,轿车,2400.0,别克,自用货物,0.0,品牌B,51.79,0.0,0.185177,0.236908,8.18,0.135804,0,0.0,0.0,0,1,0.0,1785.24
519,0,16-APR-23,15-APR-24,2023,1205,99008.34,699.79,5000000519,2015,3,14,客车,2600.0,大众,商用,26317.1,品牌B,76.93,0.0,0.161396,0.11577,1.8,0.069011,0,0.0,0.0,1,1,9489.62,5698.65
520,0,12-FEB-24,11-FEB-25,2024,1203,173598.05,3976.57,5000000520,2015,3,12,客车,5600.0,大众,商用,0.0,品牌E,34.69,0.0,0.155665,0.132879,2.88,0.135495,0,64.58,4113.03,0,1,0.0,4946.76
521,1,25-JUN-23,24-JUN-24,2023,1202,188615.99,4682.78,5000000521,2023,3,13,货车,5100.0,奥迪,商用,0.0,品牌B,35.67,0.0,0.117278,0.218665,5.7,0.005993,1,52.74,4584.64,0,1,0.0,6361.35
522,1,28-SEP-22,28-SEP-23,2022,1206,204761.93,3584.67,5000000522,2013,4,0,MPV,2300.0,比亚迪,租赁,0.0,品牌E,54.69,0.0,0.07101,0.181736,3.15,0.078465,0,59.99,2346.9,1,1,0.0,2412.89
523,0,16-JAN-24,15-JAN-25,2024,1206,373093.18,10378.92,5000000523,2022,4,12,客车,4800.0,比亚迪,公务,0.0,品牌E,36.2,0.0,0.057584,0.194557,6.33,0.05891,0,0.0,0.0,0,1,0.0,5099.81
524,1,07-SEP-23,06-SEP-24,2023,1205,193558.78,4574.44,5000000524,2017,3,3,货车,2700.0,长安,家用,0.0,品牌E,79.65,0.0,0.032871,0.031851,5.66,0.004927,0,85.74,4097.02,0,1,0.0,2482.8
525,1,30-SEP-23,29-SEP-24,2023,1204,224249.51,5614.58,5000000525,2014,2,4,客车,2800.0,吉利,租赁,44491.91,品牌C,79.44,72.86,0.013831,0.110215,2.78,0.097847,0,0.0,0.0,0,1,8067.98,6632.4
526,1,26-FEB-23,26-FEB-24,2023,1201,54936.71,1637.13,5000000526,2023,4,12,货车,2600.0,别克,家用,0.0,品牌E,70.8,0.0,0.146631,0.292183,0.17,0.115555,0,0.0,0.0,1,1,0.0,3284.0
527,1,25-SEP-23,24-SEP-24,2023,1205,153492.83,2980.77,5000000527,2022,2,10,客车,2500.0,吉利,商用,0.0,品牌B,94.96,0.0,0.168652,0.293927,3.82,0.063119,0,0.0,0.0,0,1,0.0,6806.33
528,0,05-SEP-23,04-SEP-24,2023,1205,459502.03,12869.72,5000000528,2022,4,0,轿车,2100.0,大众,公务,0.0,品牌C,37.47,69.16,0.044343,0.176725,1.16,0.164296,0,0.0,0.0,0,1,0.0,1868.95
529,1,15-SEP-23,14-SEP-24,2023,1206,375718.92,6130.83,5000000529,2018,7,0,SUV,1000.0,长安,自用货物,15586.08,品牌C,38.81,58.21,0.08442,0.197332,0.63,0.103383,0,34.64,3115.85,0,1,12797.78,2449.76
530,1,24-DEC-22,24-DEC-23,2022,1203,333045.41,3751.43,5000000530,2013,7,0,MPV,1200.0,长安,商用,0.0,品牌E,73.38,0.0,0.065383,0.128122,4.91,0.016071,0,80.0,4615.96,0,1,0.0,1775.29
531,1,02-MAR-23,01-MAR-24,2023,1204,53734.76,629.71,5000000531,2021,3,12,客车,5200.0,别克,自用货物,12986.98,品牌A,65.96,0.0,0.187805,0.191161,2.04,0.088312,1,47.38,6888.31,0,1,1206.61,6312.92
532,1,21-JUN-22,21-JUN-23,2022,1203,248178.51,4840.2,5000000532,2013,3,2,皮卡,4900.0,吉利,商用,0.0,品牌D,79.12,31.36,0.065441,0.063391,1.16,0.019355,0,0.0,0.0,0,1,0.0,977.62
533,0,21-FEB-23,21-FEB-24,2023,1206,441052.39,3041.56,5000000533,2020,2,4,皮卡,3000.0,别克,商用,0.0,品牌D,79.4,99.48,0.140403,0.235162,0.04,0.148212,0,0.0,0.0,1,1,0.0,1515.67
534,0,14-OCT-23,13-OCT-24,2023,1201,232741.93,6453.98,5000000534,2013,2,2,货车,5900.0,比亚迪,公务,1353.44,品牌B,86.78,0.0,0.09473,0.02478,6.95,0.0107,0,0.0,0.0,1,1,16600.43,3267.58
535,0,07-SEP-23,06-SEP-24,2023,1204,200038.87,2331.53,5000000535,2019,4,0,SUV,3500.0,奥迪,家用,0.0,品牌D,89.62,71.47,0.187542,0.175206,4.89,0.164295,0,34.9,1896.94,0,1,0.0,2814.01
536,0,17-FEB-23,17-FEB-24,2023,1204,134800.47,2180.69,5000000536,2013,4,0,轿车,1900.0,别克,商用,37788.04,品牌D,33.17,25.8,0.05559,0.103095,5.41,0.190345,0,0.0,0.0,1,1,9313.65,1691.26
537,1,04-MAR-23,03-MAR-24,2023,1206,494732.09,10734.63,5000000537,2017,7,0,MPV,3500.0,宝马,家用,0.0,品牌A,50.36,0.0,0.151777,0.051916,9.74,0.194262,0,0.0,0.0,0,1,0.0,2300.38
538,1,12-AUG-22,12-AUG-23,2022,1206,272914.33,2395.13,5000000538,2022,2,16,客车,5800.0,大众,公务,0.0,品牌E,75.37,0.0,0.068149,0.083203,6.3,0.102952,0,69.12,6291.87,0,1,0.0,5840.43
539,1,19-OCT-22,19-OCT-23,2022,1203,228122.96,2949.64,5000000539,2012,3,11,客车,5200.0,吉利,家用,0.0,品牌B,46.65,0.0,0.156271,0.001556,8.84,0.194796,1,78.72,2979.08,1,1,0.0,3099.95
540,1,20-JAN-24,19-JAN-25,2024,1202,147703.15,2063.88,5000000540,2016,4,17,货车,5600.0,吉利,租赁,10534.61,品牌E,91.69,0.0,0.023344,0.097632,7.12,0.057357,0,68.14,1988.31,0,1,12518.52,6298.75
541,0,28-FEB-24,27-FEB-25,2024,1206,198673.28,2819.3,5000000541,2020,5,0,轿车,1900.0,吉利,租赁,0.0,品牌E,60.51,0.0,0.177153,0.023595,2.49,0.014465,0,86.07,4008.76,0,1,0.0,2311.37
542,1,31-DEC-23,30-DEC-24,2023,1201,243138.18,5350.04,5000000542,2021,5,0,MPV,2100.0,别克,商用,26515.35,品牌A,85.78,0.0,0.093071,0.123389,4.18,0.123746,0,0.0,0.0,0,1,15595.42,3876.48
543,0,25-DEC-22,25-DEC-23,2022,1202,303331.21,3182.78,5000000543,2015,7,0,SUV,1800.0,比亚迪,自用货物,0.0,品牌E,94.08,0.0,0.144152,0.233537,7.22,0.125023,0,82.81,1869.92,1,1,0.0,1901.78
544,1,11-MAR-24,11-MAR-25,2024,1201,280502.46,5348.96,5000000544,2022,3,6,皮卡,2000.0,吉利,租赁,0.0,品牌A,88.24,0.0,0.108114,0.262539,7.27,0.032164,1,62.35,4676.49,1,1,0.0,1657.6
545,0,07-NOV-23,06-NOV-24,2023,1202,389453.27,7106.41,5000000545,2016,3,6,货车,4800.0,别克,公务,18618.37,品牌E,95.23,0.0,0.040759,0.27913,3.39,0.058057,0,36.38,4924.34,0,1,17716.38,3853.3
546,1,15-JUL-23,14-JUL-24,2023,1205,260123.56,6034.59,5000000546,2016,5,0,SUV,2000.0,比亚迪,租赁,46190.61,品牌D,68.98,12.79,0.013696,0.1561,3.06,0.067649,0,0.0,0.0,1,1,1956.47,4308.25
547,1,20-FEB-24,19-FEB-25,2024,1204,217832.74,2087.69,5000000547,2021,3,3,客车,2700.0,比亚迪,自用货物,0.0,品牌E,49.13,0.0,0.183727,0.13018,7.62,0.156967,1,62.64,2826.45,0,1,0.0,4156.47
548,0,01-JUN-23,31-MAY-24,2023,1204,244034.52,5440.08,5000000548,2020,4,17,货车,5700.0,比亚迪,商用,0.0,品牌D,73.45,93.04,0.074807,0.258269,3.74,0.12961,1,31.84,4077.59,1,1,0.0,5696.38
549,0,27-OCT-23,26-OCT-24,2023,1204,280461.18,1665.44,5000000549,2020,3,19,货车,4200.0,别克,商用,0.0,品牌B,90.82,0.0,0.011065,0.121669,8.97,0.041541,1,43.55,3701.23,0,1,0.0,5114.51
550,1,16-JAN-23,16-JAN-24,2023,1205,442215.23,6687.91,5000000550,2015,2,4,客车,4800.0,长安,自用货物,39585.59,品牌C,33.36,24.85,0.14854,0.14918,3.48,0.195202,0,0.0,0.0,1,1,12229.26,4756.71
551,1,26-JUN-23,25-JUN-24,2023,1203,389871.61,3926.04,5000000551,2018,4,0,MPV,2900.0,吉利,租赁,0.0,品牌E,66.52,0.0,0.10125,0.188551,3.39,0.00463,0,0.0,0.0,1,1,0.0,3613.8
552,0,11-OCT-22,11-OCT-23,2022,1202,227051.33,5604.56,5000000552,2022,7,0,MPV,1700.0,吉利,租赁,0.0,品牌A,97.61,0.0,0.138781,0.239619,0.9,0.19701,1,47.62,2751.19,0,1,0.0,3648.08
553,1,06-JUN-23,05-JUN-24,2023,1205,55906.67,1542.41,5000000553,2015,2,12,皮卡,4700.0,奔驰,自用货物,0.0,品牌E,33.9,0.0,0.168706,0.226728,9.55,0.146735,0,86.87,4693.09,0,1,0.0,559.52
554,0,12-SEP-23,11-SEP-24,2023,1206,328785.63,5153.09,5000000554,2020,5,0,轿车,2600.0,比亚迪,家用,0.0,品牌A,41.52,0.0,0.193451,0.039559,2.5,0.029432,0,0.0,0.0,0,1,0.0,1719.08
555,0,15-NOV-22,15-NOV-23,2022,1201,429118.46,6390.7,5000000555,2018,4,16,皮卡,5700.0,大众,家用,0.0,品牌E,37.51,0.0,0.099329,0.214486,4.1,0.097236,0,57.74,2490.94,1,1,0.0,1084.62
556,0,12-JUN-22,12-JUN-23,2022,1201,408262.85,7337.82,5000000556,2022,3,14,皮卡,2300.0,大众,自用货物,0.0,品牌C,84.75,68.41,0.010061,0.066284,6.57,0.068074,0,0.0,0.0,1,1,0.0,1221.09
557,1,13-JUN-23,12-JUN-24,2023,1203,402625.03,11458.39,5000000557,2014,3,18,货车,2300.0,宝马,自用货物,0.0,品牌D,30.32,87.67,0.043787,0.102048,2.78,0.053055,0,87.4,7068.21,1,1,0.0,2205.01
558,0,24-DEC-22,24-DEC-23,2022,1202,385563.77,9493.09,5000000558,2019,4,4,货车,4200.0,丰田,公务,0.0,品牌C,70.51,24.59,0.022043,0.174082,4.32,0.181986,0,79.93,1895.8,1,1,0.0,3554.23
559,0,19-JAN-24,18-JAN-25,2024,1202,433312.21,5432.96,5000000559,2020,7,0,MPV,3200.0,宝马,商用,0.0,品牌B,58.45,0.0,0.015382,0.060585,4.09,0.002177,0,37.01,2759.09,1,1,0.0,3421.35
560,0,24-JAN-24,23-JAN-25,2024,1204,281375.12,1586.8,5000000560,2014,2,16,货车,4900.0,本田,自用货物,0.0,品牌B,63.0,0.0,0.119913,0.162632,0.58,0.036455,0,0.0,0.0,1,1,0.0,2403.84
561,1,26-MAY-22,26-MAY-23,2022,1203,356216.82,2593.99,5000000561,2015,5,0,轿车,1500.0,吉利,自用货物,0.0,品牌E,85.73,0.0,0.135104,0.017303,4.24,0.118319,1,47.0,4718.53,0,1,0.0,1217.1
562,0,06-AUG-22,06-AUG-23,2022,1206,234703.77,6654.12,5000000562,2013,4,0,轿车,2900.0,吉利,自用货物,0.0,品牌E,74.47,0.0,0.016701,0.182508,9.52,0.037464,0,0.0,0.0,0,1,0.0,1236.63
563,1,01-MAR-23,29-FEB-24,2023,1203,128686.52,2405.71,5000000563,2016,3,6,皮卡,3300.0,本田,公务,0.0,品牌E,62.09,0.0,0.000337,0.134656,1.06,0.048511,1,78.81,6623.53,0,1,0.0,667.91
564,0,02-JAN-24,01-JAN-25,2024,1201,468062.64,7372.17,5000000564,2020,4,12,皮卡,4800.0,奥迪,租赁,0.0,品牌B,96.64,0.0,0.097792,0.051425,0.87,0.148727,0,30.87,6681.62,0,1,0.0,1695.41
565,1,06-APR-24,06-APR-25,2024,1201,151120.53,3673.78,5000000565,2015,4,0,MPV,1700.0,本田,家用,0.0,品牌E,84.95,0.0,0.123844,0.103124,0.58,0.168538,0,36.15,3298.4,0,1,0.0,1208.14
566,1,23-MAY-23,22-MAY-24,2023,1202,383868.67,10124.27,5000000566,2014,7,0,轿车,1600.0,比亚迪,商用,2359.89,品牌B,45.8,0.0,0.114301,0.149961,8.33,0.005186,1,58.17,3476.09,1,1,6643.16,2023.16
567,0,14-DEC-22,14-DEC-23,2022,1201,329829.57,4811.38,5000000567,2019,2,5,客车,2800.0,大众,公务,40828.28,品牌C,37.31,28.61,0.060745,0.236407,6.68,0.089537,0,0.0,0.0,0,1,14964.32,5558.55
568,0,22-JUN-22,22-JUN-23,2022,1206,369456.59,10318.66,5000000568,2012,2,2,皮卡,5900.0,长安,自用货物,0.0,品牌C,33.47,53.81,0.188603,0.234441,8.52,0.006246,0,0.0,0.0,1,1,0.0,815.48
569,1,20-FEB-23,20-FEB-24,2023,1203,194736.79,5452.84,5000000569,2013,5,0,SUV,2600.0,长安,商用,0.0,品牌C,56.99,67.21,0.169425,0.084824,2.43,0.19533,0,0.0,0.0,1,1,0.0,2508.95
570,1,22-SEP-22,22-SEP-23,2022,1206,301837.14,2015.78,5000000570,2013,2,17,客车,4300.0,奔驰,自用货物,29436.28,品牌A,48.52,0.0,0.129942,0.035511,2.44,0.009861,0,41.16,6501.94,0,1,17205.35,4185.82
571,1,20-AUG-23,19-AUG-24,2023,1203,122848.94,912.48,5000000571,2019,4,15,皮卡,5600.0,大众,租赁,0.0,品牌E,84.97,0.0,0.011564,0.167157,8.17,0.047797,1,42.28,5366.26,0,1,0.0,1343.29
572,1,28-NOV-23,27-NOV-24,2023,1203,140508.24,2381.26,5000000572,2022,4,0,SUV,3200.0,宝马,租赁,0.0,品牌C,35.1,18.23,0.045371,0.202419,6.22,0.14622,0,0.0,0.0,1,1,0.0,5652.79
573,1,08-JUN-23,07-JUN-24,2023,1203,81777.84,680.84,5000000573,2020,3,14,皮卡,5000.0,别克,租赁,0.0,品牌A,97.7,0.0,0.061585,0.082056,4.49,0.016387,0,0.0,0.0,0,1,0.0,1377.24
574,0,22-JUN-22,22-JUN-23,2022,1205,288077.04,4194.88,5000000574,2016,7,0,SUV,2900.0,比亚迪,家用,0.0,品牌B,88.58,0.0,0.011378,0.022753,9.76,0.072111,0,63.45,3022.89,0,1,0.0,2383.34
575,1,28-JUL-22,28-JUL-23,2022,1203,257842.86,1861.72,5000000575,2012,3,1,客车,5300.0,长安,家用,32987.29,品牌B,50.82,0.0,0.131567,0.153323,1.07,0.132617,0,0.0,0.0,1,1,14526.59,4070.95
576,1,08-JUN-23,07-JUN-24,2023,1205,73042.66,1169.33,5000000576,2023,4,0,MPV,1200.0,本田,自用货物,0.0,品牌D,49.42,71.73,0.131858,0.034642,7.2,0.131251,0,0.0,0.0,0,1,0.0,1699.93
577,1,12-MAY-24,12-MAY-25,2024,1204,75688.92,1166.53,5000000577,2015,4,0,轿车,2200.0,别克,商用,0.0,品牌C,49.29,47.18,0.027927,0.147727,9.94,0.002123,0,0.0,0.0,0,1,0.0,1413.8
578,0,21-NOV-22,21-NOV-23,2022,1201,331081.18,6160.89,5000000578,2018,3,3,货车,4400.0,大众,商用,11137.26,品牌E,98.89,0.0,0.191388,0.189778,8.75,0.13663,0,33.75,6843.35,1,1,6612.99,6414.52
579,1,23-FEB-23,23-FEB-24,2023,1201,397828.78,3610.7,5000000579,2023,7,0,SUV,1300.0,别克,租赁,0.0,品牌E,50.55,0.0,0.111747,0.283511,5.7,0.063932,1,38.06,6194.63,1,1,0.0,4440.91
580,1,21-OCT-23,20-OCT-24,2023,1204,70388.88,583.61,5000000580,2013,7,0,SUV,3200.0,长安,公务,4900.26,品牌D,61.33,23.84,0.046949,0.13764,1.67,0.121269,0,0.0,0.0,1,1,12388.59,2261.64
581,0,14-JUL-22,14-JUL-23,2022,1202,225321.7,6711.99,5000000581,2014,7,0,SUV,1800.0,吉利,商用,43693.7,品牌B,89.09,0.0,0.131682,0.211662,0.96,0.184429,0,0.0,0.0,0,1,13411.06,3243.06
582,0,07-MAR-24,07-MAR-25,2024,1204,499111.26,10446.34,5000000582,2015,5,0,MPV,1200.0,宝马,商用,0.0,品牌B,30.17,0.0,0.123821,0.1723,9.97,0.096445,0,0.0,0.0,1,1,0.0,1944.68
583,0,18-JAN-24,17-JAN-25,2024,1204,473284.64,5665.3,5000000583,2024,2,12,货车,4000.0,奔驰,公务,0.0,品牌E,32.01,0.0,0.056242,0.201452,0.14,0.023323,0,56.4,4387.23,1,1,0.0,4158.15
584,0,08-FEB-23,08-FEB-24,2023,1201,101513.4,605.41,5000000584,2013,4,1,货车,4300.0,别克,商用,25116.72,品牌E,67.26,0.0,0.156284,0.258594,8.33,0.079979,0,0.0,0.0,1,1,13144.74,4098.64
585,0,19-JUL-23,18-JUL-24,2023,1205,491601.82,3672.17,5000000585,2013,4,7,皮卡,5600.0,大众,商用,0.0,品牌C,37.01,28.3,0.169647,0.25518,3.46,0.166887,1,76.27,4115.96,0,1,0.0,1177.17
586,0,08-MAR-24,08-MAR-25,2024,1205,240351.0,3564.15,5000000586,2016,4,0,轿车,1600.0,奔驰,自用货物,0.0,品牌D,36.35,87.06,0.020012,0.298899,9.19,0.129559,0,0.0,0.0,0,1,0.0,1063.21
587,1,02-JUN-22,02-JUN-23,2022,1201,281394.65,7307.77,5000000587,2019,4,0,轿车,1200.0,本田,自用货物,0.0,品牌E,60.63,0.0,0.088371,0.204669,9.75,0.184468,0,0.0,0.0,1,1,0.0,1302.92
588,0,02-APR-23,01-APR-24,2023,1202,194777.59,5462.34,5000000588,2021,4,10,皮卡,4500.0,宝马,家用,0.0,品牌C,87.59,62.58,0.055962,0.05589,5.22,0.05642,0,0.0,0.0,0,1,0.0,923.89
589,1,08-SEP-23,07-SEP-24,2023,1206,306457.23,8321.33,5000000589,2023,4,0,SUV,1400.0,丰田,家用,0.0,品牌A,84.09,0.0,0.159861,0.245548,0.2,0.093308,0,89.14,3197.31,1,1,0.0,2526.67
590,0,22-JAN-24,21-JAN-25,2024,1204,344817.72,9409.86,5000000590,2019,7,0,MPV,3200.0,丰田,家用,0.0,品牌C,88.42,72.47,0.105149,0.218835,4.61,0.050594,1,76.99,6878.45,0,1,0.0,2174.81
591,0,26-JUN-23,25-JUN-24,2023,1204,399121.8,3523.99,5000000591,2023,3,15,货车,5600.0,比亚迪,家用,0.0,品牌C,84.94,91.35,0.100527,0.017516,5.46,0.056479,0,0.0,0.0,0,1,0.0,4593.86
592,0,11-SEP-22,11-SEP-23,2022,1201,343826.27,7786.59,5000000592,2022,4,0,轿车,3000.0,丰田,租赁,0.0,品牌D,42.09,91.48,0.028386,0.00242,6.75,0.19105,1,87.88,5810.8,1,1,0.0,3645.3
593,0,15-OCT-23,14-OCT-24,2023,1202,249623.55,2490.98,5000000593,2016,7,0,SUV,1100.0,别克,商用,0.0,品牌A,94.52,0.0,0.196698,0.278361,7.65,0.07828,0,0.0,0.0,1,1,0.0,2334.86
594,0,15-MAR-24,15-MAR-25,2024,1206,104766.38,1572.21,5000000594,2020,5,0,MPV,2200.0,大众,自用货物,0.0,品牌C,33.79,30.76,0.08526,0.287608,4.04,0.039443,0,0.0,0.0,0,1,0.0,1725.71
595,0,17-OCT-22,17-OCT-23,2022,1203,436508.12,4173.49,5000000595,2015,3,13,客车,4400.0,长安,家用,0.0,品牌B,72.21,0.0,0.128484,0.160686,8.89,0.152048,0,73.61,2331.0,0,1,0.0,3819.3
596,0,04-OCT-22,04-OCT-23,2022,1201,339252.64,6704.76,5000000596,2020,7,0,轿车,1300.0,别克,自用货物,0.0,品牌C,71.42,66.18,0.101066,0.207868,5.89,0.130217,0,0.0,0.0,0,1,0.0,1449.38
597,1,12-JAN-23,12-JAN-24,2023,1203,160912.3,3930.33,5000000597,2013,2,12,皮卡,4100.0,吉利,租赁,0.0,品牌C,46.89,63.82,0.007769,0.148426,4.07,0.078406,0,0.0,0.0,0,1,0.0,982.13
598,1,07-DEC-23,06-DEC-24,2023,1202,215473.11,1467.31,5000000598,2013,5,0,SUV,2900.0,大众,商用,24627.73,品牌D,60.82,61.67,0.099008,0.04394,1.05,0.142019,0,36.56,3250.79,1,1,19587.01,3434.41
599,1,26-NOV-22,26-NOV-23,2022,1202,311137.31,8121.99,5000000599,2021,7,0,轿车,1300.0,奥迪,自用货物,32575.41,品牌B,48.82,0.0,0.172487,0.008069,4.77,0.143585,0,34.26,3636.34,1,1,3252.46,1918.67
600,0,09-OCT-23,08-OCT-24,2023,1206,353142.88,3570.94,5000000600,2015,2,19,客车,4800.0,奥迪,自用货物,0.0,品牌C,60.92,96.14,0.098492,0.244924,4.48,0.10366,0,0.0,0.0,0,1,0.0,3584.78
601,0,01-NOV-22,01-NOV-23,2022,1203,432362.16,4280.71,5000000601,2015,3,3,皮卡,5700.0,宝马,公务,0.0,品牌B,76.57,0.0,0.159345,0.187493,3.61,0.195877,0,69.77,3407.97,0,1,0.0,977.66
602,0,26-DEC-23,25-DEC-24,2023,1206,395474.38,4558.83,5000000602,2016,3,16,客车,5200.0,长安,家用,0.0,品牌C,86.34,97.44,0.092574,0.215203,3.49,0.111793,0,0.0,0.0,1,1,0.0,3929.66
603,0,27-APR-23,26-APR-24,2023,1206,411596.58,5169.32,5000000603,2015,7,0,轿车,3300.0,比亚迪,家用,0.0,品牌B,61.17,0.0,0.045662,0.104683,3.89,0.131006,1,63.06,6452.36,1,1,0.0,1563.82
604,1,07-SEP-23,06-SEP-24,2023,1202,405880.78,10596.79,5000000604,2018,7,0,MPV,2800.0,丰田,公务,0.0,品牌C,85.25,81.17,0.017939,0.09112,6.84,0.185998,0,81.23,2605.17,1,1,0.0,2116.7
605,1,13-MAY-23,12-MAY-24,2023,1206,461158.18,10044.74,5000000605,2018,7,0,轿车,2500.0,大众,商用,0.0,品牌A,55.6,0.0,0.159111,0.05354,7.39,0.022395,0,75.37,6274.93,1,1,0.0,2321.95
606,1,28-MAR-24,28-MAR-25,2024,1202,172947.46,1047.14,5000000606,2022,7,0,轿车,3500.0,丰田,公务,0.0,品牌E,65.42,0.0,0.090332,0.100105,7.95,0.107029,0,86.52,5182.72,0,1,0.0,1891.69
607,1,07-MAY-23,06-MAY-24,2023,1206,167436.32,1856.06,5000000607,2020,7,0,MPV,1100.0,奔驰,家用,0.0,品牌A,83.01,0.0,0.177466,0.140399,2.86,0.078321,0,86.78,3529.16,0,1,0.0,1515.32
608,0,30-JUN-23,29-JUN-24,2023,1201,477759.83,12223.12,5000000608,2020,2,10,客车,4900.0,丰田,商用,0.0,品牌A,74.74,0.0,0.023836,0.079366,1.45,0.110846,0,0.0,0.0,1,1,0.0,7300.18
609,1,03-NOV-22,03-NOV-23,2022,1206,278004.38,2327.18,5000000609,2017,4,0,MPV,2100.0,宝马,自用货物,0.0,品牌E,72.57,0.0,0.066194,0.25878,8.21,0.036816,1,68.51,4535.18,1,1,0.0,1775.58
610,0,04-APR-24,04-APR-25,2024,1201,150142.33,761.1,5000000610,2020,7,0,MPV,1400.0,丰田,家用,0.0,品牌C,99.81,77.88,0.186865,0.283861,4.32,0.174603,0,0.0,0.0,1,1,0.0,1515.9
611,1,25-OCT-22,25-OCT-23,2022,1202,417437.65,8039.05,5000000611,2017,4,0,轿车,1800.0,长安,自用货物,0.0,品牌B,95.99,0.0,0.109336,0.138018,5.36,0.007772,0,0.0,0.0,1,1,0.0,1466.03
612,0,16-FEB-24,15-FEB-25,2024,1206,67949.56,979.1,5000000612,2019,4,0,MPV,2600.0,大众,公务,0.0,品牌D,70.97,30.01,0.023391,0.215503,9.03,0.112747,0,42.26,4818.62,1,1,0.0,1711.81
613,0,12-JUN-22,12-JUN-23,2022,1202,191676.66,3642.45,5000000613,2017,3,15,皮卡,3500.0,本田,公务,41586.44,品牌C,99.94,29.46,0.100087,0.28638,6.57,0.172291,0,0.0,0.0,1,1,4002.03,1041.12
614,0,11-FEB-24,10-FEB-25,2024,1201,473349.16,11247.02,5000000614,2016,4,19,货车,2800.0,本田,公务,0.0,品牌C,84.14,44.17,0.177069,0.17896,5.35,0.103319,0,0.0,0.0,1,1,0.0,2502.86
615,1,21-APR-24,21-APR-25,2024,1206,399570.06,7649.3,5000000615,2020,2,10,客车,4800.0,本田,自用货物,0.0,品牌E,67.95,0.0,0.089496,0.168137,8.84,0.127023,1,48.91,3236.94,1,1,0.0,4594.21
616,1,10-MAY-24,10-MAY-25,2024,1204,394136.27,3469.81,5000000616,2020,4,0,SUV,3100.0,比亚迪,租赁,0.0,品牌A,47.06,0.0,0.119926,0.267004,6.42,0.01557,0,73.96,3614.26,1,1,0.0,4941.49
617,0,28-JUL-22,28-JUL-23,2022,1203,309953.59,6467.16,5000000617,2019,5,0,SUV,1100.0,别克,租赁,0.0,品牌E,37.89,0.0,0.066093,0.227417,0.07,0.092528,0,0.0,0.0,0,1,0.0,3559.95
618,1,14-APR-24,14-APR-25,2024,1206,152661.01,4305.15,5000000618,2023,2,9,客车,4500.0,长安,公务,0.0,品牌C,31.98,98.85,0.137443,0.196784,8.46,0.157554,0,0.0,0.0,0,1,0.0,5067.01
619,0,01-SEP-23,31-AUG-24,2023,1202,91848.22,2719.22,5000000619,2016,7,0,MPV,3500.0,吉利,自用货物,28132.04,品牌D,66.75,71.52,0.013594,0.156449,4.83,0.148221,0,0.0,0.0,1,1,17497.64,2298.61
620,1,03-APR-23,02-APR-24,2023,1202,254840.4,4072.72,5000000620,2019,4,0,轿车,1300.0,宝马,租赁,21397.4,品牌E,55.2,0.0,0.164252,0.140095,4.74,0.197144,1,39.88,3037.77,1,1,6757.39,2706.77
621,0,02-JUN-23,01-JUN-24,2023,1204,269053.97,2460.3,5000000621,2023,5,0,轿车,3400.0,奔驰,自用货物,0.0,品牌A,96.07,0.0,0.070986,0.030832,3.13,0.042792,0,0.0,0.0,0,1,0.0,2151.46
622,0,01-NOV-22,01-NOV-23,2022,1205,155902.44,1104.13,5000000622,2022,4,13,皮卡,3200.0,别克,商用,34586.21,品牌D,38.56,27.4,0.136888,0.057629,5.98,0.040786,0,81.43,2634.53,0,1,15226.62,1833.79
623,0,12-JUN-23,11-JUN-24,2023,1206,262824.77,4786.57,5000000623,2019,4,12,皮卡,5400.0,奔驰,自用货物,0.0,品牌C,94.57,78.04,0.013228,0.078391,5.62,0.052179,1,59.64,4576.41,1,1,0.0,915.0
624,1,08-APR-24,08-APR-25,2024,1204,157376.58,2804.48,5000000624,2023,4,0,SUV,2600.0,奥迪,家用,0.0,品牌B,64.74,0.0,0.197216,0.051032,2.49,0.198738,0,0.0,0.0,0,1,0.0,2833.74
625,1,28-JUN-22,28-JUN-23,2022,1204,164008.27,2576.48,5000000625,2021,4,1,客车,2400.0,丰田,自用货物,0.0,品牌A,62.72,0.0,0.159244,0.291458,1.0,0.136562,0,0.0,0.0,0,1,0.0,4500.25
626,1,09-FEB-23,09-FEB-24,2023,1203,60379.48,1290.72,5000000626,2017,4,19,客车,3500.0,别克,自用货物,0.0,品牌D,70.27,59.51,0.085434,0.050855,1.5,0.071663,0,0.0,0.0,0,1,0.0,3483.4
627,0,24-MAY-23,23-MAY-24,2023,1202,430425.34,5216.3,5000000627,2013,2,7,客车,5300.0,奔驰,公务,0.0,品牌B,71.06,0.0,0.027827,0.216853,3.22,0.144303,1,49.48,6928.46,0,1,0.0,3321.77
628,1,22-APR-24,22-APR-25,2024,1206,350872.76,3793.5,5000000628,2024,2,5,客车,5000.0,别克,租赁,32678.5,品牌E,34.55,0.0,0.019523,0.159539,8.99,0.193364,0,0.0,0.0,0,1,830.51,13168.15
629,1,20-MAY-22,20-MAY-23,2022,1201,202927.77,1170.34,5000000629,2016,3,18,货车,3800.0,本田,自用货物,0.0,品牌E,95.95,0.0,0.161818,0.292392,4.01,0.021931,0,54.58,5162.87,0,1,0.0,2738.81
630,1,13-AUG-23,12-AUG-24,2023,1206,90669.52,1757.89,5000000630,2014,5,0,轿车,3100.0,比亚迪,商用,0.0,品牌B,78.05,0.0,0.066877,0.280299,8.93,0.059544,0,0.0,0.0,1,1,0.0,1676.25
631,1,20-DEC-22,20-DEC-23,2022,1201,344670.15,2944.23,5000000631,2015,4,8,皮卡,3600.0,本田,公务,1907.71,品牌A,32.71,0.0,0.169968,0.00539,5.44,0.01764,0,0.0,0.0,1,1,3330.69,1149.45
632,0,02-MAR-23,01-MAR-24,2023,1202,414178.98,11417.41,5000000632,2018,5,0,轿车,2600.0,长安,家用,0.0,品牌A,77.05,0.0,0.121749,0.186378,6.63,0.005173,0,84.6,6434.94,0,1,0.0,1649.01
633,1,24-AUG-22,24-AUG-23,2022,1201,51986.34,918.54,5000000633,2020,4,8,客车,5200.0,丰田,家用,0.0,品牌E,49.08,0.0,0.163357,0.002764,6.68,0.193533,0,0.0,0.0,1,1,0.0,4876.38
634,0,17-AUG-22,17-AUG-23,2022,1204,60591.98,800.25,5000000634,2014,2,17,货车,4300.0,奔驰,家用,0.0,品牌E,74.0,0.0,0.069225,0.174039,2.6,0.159436,1,34.49,6193.57,1,1,0.0,2376.03
635,1,15-AUG-22,15-AUG-23,2022,1205,385758.38,3882.8,5000000635,2015,7,0,轿车,1800.0,宝马,商用,0.0,品牌A,63.46,0.0,0.120073,0.245346,1.44,0.069873,0,0.0,0.0,0,1,0.0,1799.01
636,0,06-APR-24,06-APR-25,2024,1201,288406.4,7209.12,5000000636,2020,7,0,MPV,3100.0,比亚迪,租赁,0.0,品牌B,94.7,0.0,0.037528,0.085246,3.74,0.180707,0,0.0,0.0,1,1,0.0,3838.31
637,0,12-JUN-23,11-JUN-24,2023,1201,348172.46,6858.7,5000000637,2020,5,0,SUV,2100.0,吉利,商用,0.0,品牌E,34.95,0.0,0.197083,0.178588,1.72,0.169139,1,79.58,2288.42,1,1,0.0,3692.32
638,0,21-SEP-22,21-SEP-23,2022,1201,206667.73,3124.17,5000000638,2021,7,0,MPV,1900.0,大众,家用,47498.12,品牌E,85.54,0.0,0.164901,0.154775,4.93,0.073599,0,0.0,0.0,1,1,7617.42,2613.46
639,1,07-APR-24,07-APR-25,2024,1202,153988.11,3553.64,5000000639,2014,5,0,轿车,2800.0,别克,公务,0.0,品牌E,70.96,0.0,0.055898,0.149452,2.57,0.130502,0,60.52,4282.67,1,1,0.0,1070.86
640,1,16-JUL-22,16-JUL-23,2022,1205,162631.07,1075.63,5000000640,2017,3,1,货车,2400.0,别克,家用,0.0,品牌A,40.76,0.0,0.004996,0.122639,8.05,0.147897,0,0.0,0.0,0,1,0.0,2531.12
641,0,25-APR-24,25-APR-25,2024,1205,444367.26,7535.4,5000000641,2021,5,0,SUV,1900.0,别克,自用货物,0.0,品牌E,49.22,0.0,0.106731,0.173204,8.42,0.118234,1,46.36,6807.45,1,1,0.0,2542.22
642,1,22-JUN-23,21-JUN-24,2023,1202,281694.78,2729.05,5000000642,2023,7,0,MPV,1600.0,吉利,公务,0.0,品牌D,38.18,69.58,0.078922,0.077951,2.19,0.011887,0,0.0,0.0,0,1,0.0,2073.01
643,0,07-DEC-22,07-DEC-23,2022,1204,104601.29,2964.97,5000000643,2019,7,0,SUV,2200.0,本田,自用货物,0.0,品牌B,45.21,0.0,0.085766,0.129264,1.76,0.082777,0,69.95,5800.3,0,1,0.0,2323.55
644,1,22-APR-24,22-APR-25,2024,1204,330918.05,7580.29,5000000644,2016,3,17,货车,5800.0,本田,商用,47286.06,品牌D,96.78,81.69,0.074869,0.258797,8.95,0.192693,0,0.0,0.0,0,1,18353.09,5575.76
645,0,30-MAR-24,30-MAR-25,2024,1201,421574.94,8622.68,5000000645,2017,2,5,客车,3700.0,大众,商用,0.0,品牌B,61.94,0.0,0.139614,0.104753,9.37,0.120006,0,0.0,0.0,1,1,0.0,5353.64
646,0,21-MAR-23,20-MAR-24,2023,1202,400967.24,9817.89,5000000646,2022,3,16,客车,4300.0,本田,家用,43456.82,品牌A,63.29,0.0,0.136089,0.139987,0.94,0.126767,0,59.22,3919.94,1,1,17939.68,6813.8
647,0,11-DEC-23,10-DEC-24,2023,1201,460553.24,10532.75,5000000647,2021,5,0,轿车,3100.0,大众,家用,0.0,品牌C,84.59,34.29,0.015235,0.212005,0.98,0.094321,1,80.37,6861.03,1,1,0.0,2073.79
648,1,28-FEB-24,27-FEB-25,2024,1205,406806.4,5260.14,5000000648,2019,7,0,轿车,2600.0,宝马,租赁,10259.71,品牌C,31.65,78.8,0.085467,0.291759,6.6,0.168132,0,76.18,5128.15,0,1,1409.09,3492.65
649,0,26-OCT-22,26-OCT-23,2022,1203,230467.57,5147.83,5000000649,2018,7,0,SUV,3300.0,奥迪,自用货物,0.0,品牌C,75.64,37.12,0.188627,0.170779,3.63,0.049802,1,60.11,3518.21,1,1,0.0,2764.74
650,0,13-OCT-22,13-OCT-23,2022,1201,470262.52,7504.94,5000000650,2013,2,17,客车,4400.0,吉利,商用,1120.74,品牌D,42.26,85.77,0.158121,0.119003,3.74,0.022793,0,0.0,0.0,1,1,16568.55,6402.07
651,0,25-DEC-23,24-DEC-24,2023,1205,496078.95,9785.53,5000000651,2013,4,0,轿车,2400.0,大众,自用货物,20279.28,品牌C,92.43,25.38,0.036533,0.081127,5.77,0.032694,1,77.12,7165.78,1,1,14176.41,1750.85
652,0,29-SEP-23,28-SEP-24,2023,1205,424913.94,2450.52,5000000652,2017,4,0,轿车,2000.0,别克,自用货物,17940.65,品牌D,61.24,77.51,0.159909,0.020235,3.02,0.122447,0,32.72,7124.72,1,1,10585.92,1881.27
653,0,17-OCT-23,16-OCT-24,2023,1206,165638.89,3586.18,5000000653,2019,2,12,货车,2100.0,奔驰,商用,0.0,品牌A,68.01,0.0,0.144084,0.095942,8.43,0.068835,0,61.62,2653.64,1,1,0.0,3895.18
654,1,19-MAR-24,19-MAR-25,2024,1206,397777.12,8516.56,5000000654,2022,7,0,SUV,2400.0,本田,公务,0.0,品牌A,37.17,0.0,0.104217,0.220175,2.18,0.128248,0,0.0,0.0,0,1,0.0,2844.68
655,1,12-MAY-23,11-MAY-24,2023,1205,491404.14,3082.58,5000000655,2013,2,18,货车,5400.0,比亚迪,租赁,0.0,品牌E,66.9,0.0,0.170432,0.282761,5.65,0.189146,0,0.0,0.0,0,1,0.0,4538.59
656,1,11-AUG-23,10-AUG-24,2023,1205,492501.09,12169.74,5000000656,2013,3,9,客车,5300.0,丰田,家用,0.0,品牌A,71.9,0.0,0.07792,0.17647,0.21,0.180204,0,0.0,0.0,0,1,0.0,3385.09
657,0,26-MAR-23,25-MAR-24,2023,1206,326735.45,6544.62,5000000657,2023,5,0,轿车,2300.0,奔驰,商用,0.0,品牌A,87.56,0.0,0.073267,0.125719,5.78,0.076876,1,57.37,7081.39,1,1,0.0,2714.29
658,1,19-AUG-23,18-AUG-24,2023,1204,464638.17,3891.41,5000000658,2015,4,0,轿车,1800.0,吉利,家用,7365.91,品牌A,78.71,0.0,0.139788,0.056556,9.35,0.154371,1,82.76,4755.54,1,1,691.98,1721.6
659,0,12-FEB-24,11-FEB-25,2024,1205,78131.86,1771.26,5000000659,2017,2,2,客车,2100.0,长安,自用货物,0.0,品牌A,53.24,0.0,0.083499,0.241495,9.56,0.011133,0,0.0,0.0,0,1,0.0,3016.14
660,1,19-OCT-23,18-OCT-24,2023,1204,256899.99,6931.49,5000000660,2016,5,0,MPV,3100.0,吉利,自用货物,0.0,品牌E,93.03,0.0,0.092526,0.232484,0.29,0.054232,0,0.0,0.0,0,1,0.0,1838.69
661,1,13-NOV-22,13-NOV-23,2022,1202,327666.69,4361.25,5000000661,2022,4,0,轿车,1700.0,别克,家用,0.0,品牌A,82.46,0.0,0.112653,0.051881,9.12,0.065285,0,0.0,0.0,0,1,0.0,1685.27
662,0,29-OCT-22,29-OCT-23,2022,1201,107237.39,1827.17,5000000662,2015,3,6,皮卡,2200.0,奔驰,租赁,43910.33,品牌E,56.17,0.0,0.146199,0.20239,1.39,0.070129,0,0.0,0.0,1,1,10863.74,1442.14
663,1,26-SEP-23,25-SEP-24,2023,1203,479690.21,6952.51,5000000663,2017,5,0,MPV,3200.0,大众,自用货物,0.0,品牌C,74.18,23.38,0.192711,0.125879,8.33,0.026768,0,71.62,3382.78,1,1,0.0,2200.3
664,1,12-AUG-23,11-AUG-24,2023,1201,166002.51,3729.53,5000000664,2020,4,0,轿车,1200.0,奔驰,租赁,0.0,品牌D,97.03,48.51,0.055347,0.233202,8.89,0.134448,0,0.0,0.0,1,1,0.0,2066.94
665,1,19-JUL-23,18-JUL-24,2023,1206,88012.27,2296.5,5000000665,2022,2,10,货车,2200.0,大众,租赁,0.0,品牌C,94.74,97.69,0.195889,0.262415,0.1,0.164043,0,0.0,0.0,0,1,0.0,5521.58
666,0,03-FEB-24,02-FEB-25,2024,1206,152150.73,3818.36,5000000666,2024,7,0,轿车,2900.0,长安,自用货物,0.0,品牌B,38.32,0.0,0.086068,0.059896,2.47,0.07669,1,50.96,7050.85,0,1,0.0,1877.52
667,1,19-SEP-23,18-SEP-24,2023,1202,123067.93,2588.13,5000000667,2013,2,16,皮卡,2900.0,奥迪,租赁,0.0,品牌D,45.32,76.76,0.170803,0.042034,5.88,0.17505,1,65.02,5545.85,0,1,0.0,943.53
668,1,19-JUL-23,18-JUL-24,2023,1203,345959.2,8682.06,5000000668,2016,2,9,货车,3000.0,丰田,家用,0.0,品牌B,82.23,0.0,0.000849,0.126645,7.03,0.048319,0,86.88,2982.51,1,1,0.0,2555.58
669,1,24-SEP-22,24-SEP-23,2022,1205,93556.88,1898.16,5000000669,2022,7,0,MPV,1400.0,大众,租赁,0.0,品牌E,36.71,0.0,0.076027,0.07806,4.13,0.115193,0,0.0,0.0,0,1,0.0,3287.01
670,0,24-JUN-22,24-JUN-23,2022,1204,327889.01,4648.47,5000000670,2013,5,0,轿车,1400.0,吉利,自用货物,0.0,品牌A,70.33,0.0,0.032633,0.047377,5.08,0.125485,0,74.87,3370.32,0,1,0.0,1062.96
671,0,24-JUN-23,23-JUN-24,2023,1206,396402.57,10805.97,5000000671,2016,5,0,MPV,2300.0,大众,租赁,11793.57,品牌E,60.16,0.0,0.01787,0.271391,7.13,0.158303,1,72.78,4615.75,0,1,11132.4,3793.88
672,0,17-JUL-22,17-JUL-23,2022,1205,340532.45,5314.53,5000000672,2020,5,0,MPV,3000.0,别克,公务,0.0,品牌B,95.36,0.0,0.116063,0.007879,6.52,0.061069,0,0.0,0.0,0,1,0.0,2455.07
673,0,16-AUG-22,16-AUG-23,2022,1202,190785.41,4683.84,5000000673,2018,7,0,MPV,3400.0,丰田,公务,39946.92,品牌D,35.42,79.08,0.031762,0.008758,6.35,0.178154,0,0.0,0.0,1,1,3973.5,2843.93
674,0,03-JUL-23,02-JUL-24,2023,1205,415569.6,12057.75,5000000674,2013,5,0,轿车,1700.0,丰田,家用,0.0,品牌D,77.75,79.03,0.119753,0.016327,4.77,0.149046,0,0.0,0.0,1,1,0.0,1153.8
675,1,12-AUG-22,12-AUG-23,2022,1204,57786.09,605.46,5000000675,2018,4,0,MPV,1700.0,丰田,公务,0.0,品牌D,58.66,26.32,0.008199,0.049776,7.82,0.046167,0,0.0,0.0,1,1,0.0,1517.73
676,0,10-JUL-23,09-JUL-24,2023,1205,201514.64,1027.18,5000000676,2021,4,16,客车,2800.0,奥迪,商用,44025.71,品牌E,59.46,0.0,0.127597,0.037477,6.07,0.086213,0,0.0,0.0,0,1,12366.04,8545.88
677,0,25-JUL-23,24-JUL-24,2023,1203,158151.84,3884.57,5000000677,2014,2,5,客车,2300.0,吉利,公务,0.0,品牌A,39.35,0.0,0.055162,0.13706,7.89,0.057914,0,0.0,0.0,0,1,0.0,2755.99
678,1,20-JUL-22,20-JUL-23,2022,1202,139991.37,3479.68,5000000678,2013,3,2,皮卡,4400.0,丰田,租赁,0.0,品牌E,47.22,0.0,0.095794,0.266376,4.74,0.118799,1,76.33,4855.6,1,1,0.0,1020.07
679,0,16-MAY-24,16-MAY-25,2024,1204,186541.92,4172.42,5000000679,2020,4,8,客车,4600.0,奔驰,家用,0.0,品牌D,40.21,34.09,0.070459,0.274258,1.38,0.071564,0,48.55,6153.72,0,1,0.0,4330.75
680,1,02-JAN-24,01-JAN-25,2024,1203,127170.05,878.87,5000000680,2021,7,0,MPV,1600.0,宝马,家用,28537.77,品牌E,45.57,0.0,0.199666,0.203642,1.8,0.068835,0,0.0,0.0,0,1,5660.45,2127.71
681,1,29-JAN-23,29-JAN-24,2023,1202,124211.54,1037.76,5000000681,2022,2,19,皮卡,4900.0,本田,自用货物,46079.13,品牌D,53.83,74.7,0.049203,0.051469,2.99,0.018285,0,0.0,0.0,1,1,18705.52,1153.96
682,0,22-MAR-24,22-MAR-25,2024,1201,65436.41,1802.14,5000000682,2021,4,4,客车,4000.0,丰田,自用货物,21762.86,品牌D,32.71,68.76,0.112708,0.147085,7.82,0.114496,1,85.53,5438.65,0,1,18781.33,5590.62
683,1,20-JUN-22,20-JUN-23,2022,1205,491976.6,8029.12,5000000683,2018,3,2,客车,4200.0,吉利,公务,0.0,品牌C,36.27,47.08,0.071582,0.15441,7.18,0.063201,0,36.85,2467.77,0,1,0.0,4549.94
684,1,01-JUN-22,01-JUN-23,2022,1206,471518.82,2493.89,5000000684,2015,4,1,皮卡,4400.0,比亚迪,商用,0.0,品牌A,78.91,0.0,0.1221,0.089361,1.27,0.143909,0,0.0,0.0,0,1,0.0,1310.32
685,1,26-JAN-23,26-JAN-24,2023,1203,100949.63,896.64,5000000685,2017,3,6,皮卡,5900.0,比亚迪,公务,0.0,品牌C,87.07,81.6,0.069786,0.153354,8.78,0.175762,1,60.85,6047.81,0,1,0.0,675.15
686,1,02-DEC-23,01-DEC-24,2023,1204,291224.86,3464.44,5000000686,2013,3,3,客车,4100.0,大众,公务,0.0,品牌D,94.16,50.79,0.168714,0.158108,9.48,0.08218,1,64.47,2048.96,0,1,0.0,2994.14
687,1,10-SEP-23,09-SEP-24,2023,1203,236085.35,3212.68,5000000687,2018,4,0,SUV,3300.0,奥迪,租赁,0.0,品牌A,46.15,0.0,0.092934,0.049054,3.77,0.156432,1,42.68,4453.14,1,1,0.0,4642.41
688,1,12-FEB-23,12-FEB-24,2023,1201,318326.22,7489.21,5000000688,2013,4,0,SUV,2000.0,宝马,商用,0.0,品牌E,50.07,0.0,0.103507,0.080266,6.3,0.05135,1,73.21,5715.98,1,1,0.0,2387.47
689,0,09-NOV-22,09-NOV-23,2022,1203,152858.79,2390.41,5000000689,2020,4,0,MPV,2300.0,别克,商用,42196.29,品牌C,63.84,30.18,0.120604,0.106995,4.05,0.00653,0,0.0,0.0,1,1,9246.08,3900.76
690,1,13-JUL-23,12-JUL-24,2023,1201,424924.03,10979.59,5000000690,2022,4,8,客车,4200.0,比亚迪,租赁,46136.13,品牌A,53.25,0.0,0.15138,0.156382,3.12,0.180316,1,40.23,3586.62,1,1,4195.76,12058.84
691,0,27-JAN-24,26-JAN-25,2024,1205,315955.16,2721.28,5000000691,2019,5,0,SUV,2700.0,宝马,自用货物,0.0,品牌A,64.83,0.0,0.141896,0.270625,8.0,0.136362,0,0.0,0.0,0,1,0.0,2473.69
692,1,12-DEC-22,12-DEC-23,2022,1201,184051.1,1140.21,5000000692,2017,5,0,MPV,1900.0,吉利,公务,0.0,品牌A,98.55,0.0,0.052756,0.296574,8.48,0.084926,0,78.07,3574.62,0,1,0.0,1619.55
693,1,04-JUN-22,04-JUN-23,2022,1203,434683.5,4597.32,5000000693,2014,5,0,MPV,2500.0,吉利,公务,0.0,品牌A,73.42,0.0,0.052831,0.06662,8.33,0.11979,0,64.07,4778.85,1,1,0.0,1769.75
694,0,23-AUG-22,23-AUG-23,2022,1205,480771.89,6619.01,5000000694,2013,4,16,客车,5700.0,宝马,租赁,0.0,品牌E,66.93,0.0,0.093997,0.047103,2.71,0.073802,1,57.24,6879.78,0,1,0.0,6266.81
695,0,31-MAY-22,31-MAY-23,2022,1201,322266.22,4080.71,5000000695,2015,3,3,货车,3300.0,别克,家用,0.0,品牌A,35.63,0.0,0.168886,0.141377,2.86,0.139715,0,0.0,0.0,1,1,0.0,2594.35
696,0,16-NOV-23,15-NOV-24,2023,1206,451130.44,10872.88,5000000696,2016,2,7,货车,3000.0,宝马,租赁,0.0,品牌A,97.45,0.0,0.073345,0.214238,7.78,0.037796,1,53.03,6495.39,1,1,0.0,4506.98
697,0,26-JUN-23,25-JUN-24,2023,1201,277913.28,7392.22,5000000697,2017,4,16,客车,5900.0,宝马,租赁,0.0,品牌E,90.59,0.0,0.026957,0.044205,5.43,0.083283,1,31.61,5359.67,1,1,0.0,7446.0
698,1,24-MAR-24,24-MAR-25,2024,1205,325719.91,5030.53,5000000698,2020,7,0,轿车,2200.0,吉利,租赁,0.0,品牌A,56.65,0.0,0.084588,0.080393,8.4,0.173634,0,63.56,7008.2,1,1,0.0,2579.48
699,0,12-MAR-23,11-MAR-24,2023,1204,315213.24,2385.93,5000000699,2018,7,0,轿车,3300.0,吉利,公务,39891.19,品牌C,72.63,18.13,0.187111,0.05785,7.76,0.122199,1,35.46,2288.2,0,1,8854.43,2214.35
700,0,09-DEC-23,08-DEC-24,2023,1204,59364.12,1590.42,5000000700,2013,2,6,皮卡,3300.0,奥迪,公务,42443.23,品牌B,66.77,0.0,0.015124,0.24291,8.72,0.052927,0,0.0,0.0,1,1,7869.15,646.01
701,0,16-AUG-22,16-AUG-23,2022,1205,436374.03,2815.49,5000000701,2012,2,11,货车,5500.0,吉利,公务,0.0,品牌E,69.33,0.0,0.159742,0.095575,6.9,0.051731,0,30.76,4757.03,1,1,0.0,2664.37
702,1,20-MAR-23,19-MAR-24,2023,1201,103892.31,2979.22,5000000702,2020,7,0,SUV,2100.0,大众,公务,0.0,品牌D,33.49,49.6,0.052744,0.21551,0.36,0.02956,0,0.0,0.0,1,1,0.0,2280.2
703,0,17-FEB-23,17-FEB-24,2023,1202,410631.71,4040.53,5000000703,2016,2,6,客车,4200.0,比亚迪,家用,0.0,品牌D,81.26,60.14,0.094407,0.008607,5.2,0.130911,0,47.04,3431.26,1,1,0.0,3754.85
704,0,27-SEP-23,26-SEP-24,2023,1204,235126.37,2871.65,5000000704,2018,5,0,轿车,1900.0,本田,家用,17025.62,品牌B,67.74,0.0,0.047379,0.026311,0.73,0.072833,1,80.21,7008.08,1,1,9875.79,1686.7
705,0,09-MAR-24,09-MAR-25,2024,1203,233965.42,1322.34,5000000705,2016,4,9,皮卡,4000.0,比亚迪,家用,0.0,品牌E,56.0,0.0,0.193373,0.006075,6.44,0.112869,0,0.0,0.0,1,1,0.0,741.14
706,0,10-MAR-23,09-MAR-24,2023,1201,239782.81,4026.35,5000000706,2023,5,0,轿车,1700.0,长安,租赁,1495.65,品牌C,88.92,45.77,0.191522,0.083808,9.87,0.043122,1,83.3,5365.45,1,1,13335.46,3601.99
707,0,26-APR-24,26-APR-25,2024,1204,129060.31,2979.1,5000000707,2017,4,3,客车,5000.0,别克,家用,0.0,品牌C,90.4,10.32,0.018402,0.079703,3.19,0.160082,0,0.0,0.0,0,1,0.0,3619.86
708,1,24-JAN-23,24-JAN-24,2023,1206,282453.27,8429.13,5000000708,2014,4,18,皮卡,3600.0,本田,自用货物,0.0,品牌C,30.84,45.9,0.117188,0.094098,3.06,0.061707,0,0.0,0.0,0,1,0.0,757.91
709,0,25-APR-24,25-APR-25,2024,1202,342819.35,8139.04,5000000709,2022,7,0,轿车,2000.0,本田,租赁,0.0,品牌C,41.78,61.71,0.083992,0.120303,2.43,0.160765,1,89.33,3644.16,0,1,0.0,2778.7
710,1,20-MAY-22,20-MAY-23,2022,1202,74014.1,523.78,5000000710,2022,3,2,货车,4400.0,长安,租赁,38740.67,品牌A,64.56,0.0,0.136199,0.247591,5.24,0.054154,0,36.67,6715.22,1,1,1534.36,9208.34
711,0,30-AUG-22,30-AUG-23,2022,1202,416003.48,2725.31,5000000711,2019,5,0,SUV,2700.0,长安,自用货物,0.0,品牌D,98.59,89.84,0.073707,0.160822,0.87,0.022884,0,0.0,0.0,1,1,0.0,2854.34
712,1,21-JUL-23,20-JUL-24,2023,1205,132455.74,990.1,5000000712,2019,4,19,皮卡,2400.0,丰田,公务,0.0,品牌B,38.31,0.0,0.004761,0.197128,7.89,0.048656,0,0.0,0.0,1,1,0.0,782.02
713,0,14-OCT-22,14-OCT-23,2022,1205,50353.86,1031.13,5000000713,2012,2,15,货车,5800.0,丰田,家用,0.0,品牌D,32.1,67.12,0.05282,0.044453,3.01,0.088998,0,0.0,0.0,1,1,0.0,2321.84
714,0,21-NOV-23,20-NOV-24,2023,1202,345548.28,9760.07,5000000714,2018,4,0,MPV,1700.0,吉利,公务,45390.41,品牌A,74.53,0.0,0.059056,0.047259,3.2,0.024452,0,0.0,0.0,0,1,8727.83,2231.16
715,0,16-MAY-23,15-MAY-24,2023,1205,366041.98,7657.82,5000000715,2023,3,13,客车,3000.0,长安,自用货物,13986.07,品牌E,88.72,0.0,0.003513,0.001064,9.7,0.091935,0,0.0,0.0,0,1,15239.28,6627.78
716,1,12-JUN-22,12-JUN-23,2022,1204,405294.53,2398.4,5000000716,2012,4,0,轿车,1800.0,奔驰,自用货物,0.0,品牌B,48.4,0.0,0.147355,0.070841,1.64,0.107966,0,0.0,0.0,0,1,0.0,1160.03
717,0,16-JUL-22,16-JUL-23,2022,1201,462784.1,2355.88,5000000717,2021,2,20,客车,3600.0,奔驰,租赁,5966.82,品牌B,35.82,0.0,0.035263,0.213104,5.38,0.129512,1,83.95,3124.25,1,1,13054.74,11715.35
718,1,08-JAN-23,08-JAN-24,2023,1203,452354.21,11490.78,5000000718,2017,4,3,客车,3000.0,大众,自用货物,0.0,品牌A,55.36,0.0,0.177916,0.099168,3.29,0.030246,0,0.0,0.0,1,1,0.0,3781.58
719,0,16-MAY-24,16-MAY-25,2024,1205,379148.35,8118.76,5000000719,2019,2,6,客车,3400.0,比亚迪,家用,0.0,品牌A,73.63,0.0,0.015758,0.143769,8.59,0.082761,0,0.0,0.0,0,1,0.0,4014.99
720,0,09-JUL-23,08-JUL-24,2023,1204,348167.67,3261.33,5000000720,2015,3,18,客车,2000.0,奥迪,家用,0.0,品牌B,92.92,0.0,0.089603,0.157751,0.29,0.04402,0,0.0,0.0,0,1,0.0,3081.8
721,0,10-MAY-23,09-MAY-24,2023,1204,87803.17,932.06,5000000721,2020,4,6,货车,3400.0,丰田,自用货物,0.0,品牌B,71.16,0.0,0.139913,0.003853,1.21,0.110175,1,54.85,3229.23,1,1,0.0,3034.38
722,0,23-JUL-23,22-JUL-24,2023,1201,448715.91,11283.77,5000000722,2018,3,18,客车,3700.0,吉利,家用,0.0,品牌D,72.8,33.15,0.006732,0.220206,2.51,0.065565,0,0.0,0.0,0,1,0.0,4150.99
723,1,17-APR-23,16-APR-24,2023,1201,156252.37,1529.93,5000000723,2018,2,15,皮卡,5600.0,比亚迪,租赁,0.0,品牌E,34.77,0.0,0.087689,0.110176,9.86,0.166277,0,0.0,0.0,1,1,0.0,1303.75
724,1,15-AUG-23,14-AUG-24,2023,1203,332736.29,9607.89,5000000724,2022,3,3,货车,2800.0,长安,租赁,0.0,品牌D,85.26,45.96,0.177626,0.03294,2.23,0.16524,0,74.56,1850.76,1,1,0.0,6107.19
725,0,25-JUN-23,24-JUN-24,2023,1201,428947.0,8794.82,5000000725,2018,4,17,货车,2900.0,比亚迪,家用,0.0,品牌B,47.02,0.0,0.043961,0.147089,8.81,0.041221,0,0.0,0.0,0,1,0.0,2922.21
726,1,01-FEB-23,01-FEB-24,2023,1203,207332.87,1265.68,5000000726,2020,2,2,客车,2300.0,吉利,商用,0.0,品牌C,84.17,98.94,0.045991,0.007176,9.14,0.002795,0,0.0,0.0,0,1,0.0,6052.86
727,1,05-SEP-22,05-SEP-23,2022,1203,165083.98,2352.61,5000000727,2018,7,0,轿车,3100.0,宝马,自用货物,0.0,品牌B,53.39,0.0,0.153127,0.06756,6.95,0.172681,0,0.0,0.0,1,1,0.0,1596.28
728,0,09-NOV-23,08-NOV-24,2023,1202,170684.31,3795.61,5000000728,2020,5,0,SUV,1500.0,奥迪,公务,4813.13,品牌B,82.38,0.0,0.151022,0.022813,1.1,0.195521,1,76.07,3862.18,0,1,2977.73,2707.99
729,0,10-NOV-23,09-NOV-24,2023,1205,290892.99,8484.34,5000000729,2014,4,0,SUV,2100.0,长安,自用货物,0.0,品牌D,98.06,10.85,0.062361,0.050292,3.74,0.163435,0,43.49,3322.17,0,1,0.0,1774.64
730,1,19-OCT-23,18-OCT-24,2023,1204,145602.32,4282.66,5000000730,2013,3,12,客车,5300.0,吉利,商用,0.0,品牌A,94.28,0.0,0.191387,0.148979,0.78,0.001632,0,60.39,3229.91,1,1,0.0,4522.32
731,0,23-OCT-22,23-OCT-23,2022,1201,468713.5,6371.47,5000000731,2013,4,0,SUV,3400.0,宝马,家用,0.0,品牌B,97.83,0.0,0.166301,0.126179,8.92,0.18041,1,56.16,4938.64,0,1,0.0,2332.75
732,1,18-JUL-23,17-JUL-24,2023,1206,131641.91,3926.51,5000000732,2022,7,0,SUV,2100.0,吉利,租赁,0.0,品牌D,36.82,69.05,0.180907,0.224916,0.79,0.058078,1,34.33,2165.1,0,1,0.0,4666.26
733,0,30-JUL-22,30-JUL-23,2022,1202,380957.37,3045.74,5000000733,2015,5,0,SUV,1500.0,奥迪,租赁,28212.02,品牌C,90.28,43.15,0.106031,0.18751,5.77,0.171535,1,39.08,5372.24,0,1,8372.5,4071.26
734,0,02-OCT-22,02-OCT-23,2022,1203,127089.37,2416.06,5000000734,2013,5,0,SUV,2800.0,长安,商用,40772.23,品牌A,80.4,0.0,0.18379,0.249825,8.18,0.101793,1,63.5,6737.25,1,1,3801.52,3489.78
735,0,29-JAN-24,28-JAN-25,2024,1206,471948.58,6324.52,5000000735,2023,7,0,MPV,1500.0,吉利,租赁,0.0,品牌E,38.68,0.0,0.09442,0.241124,8.07,0.044888,1,69.67,1945.04,0,1,0.0,3575.28
736,1,01-OCT-23,30-SEP-24,2023,1202,355561.82,3650.07,5000000736,2022,7,0,轿车,3200.0,丰田,自用货物,46250.95,品牌D,90.27,57.54,0.034587,0.251023,5.24,0.131028,0,0.0,0.0,1,1,1777.16,2699.61
737,1,03-MAR-24,03-MAR-25,2024,1205,119875.75,1083.97,5000000737,2019,4,3,客车,2600.0,本田,租赁,0.0,品牌C,47.49,35.94,0.199374,0.036036,0.18,0.060018,0,0.0,0.0,1,1,0.0,6456.06
738,0,03-NOV-23,02-NOV-24,2023,1202,287266.67,6030.03,5000000738,2015,4,0,轿车,3200.0,别克,家用,44043.51,品牌D,38.18,59.5,0.022052,0.052058,3.69,0.145071,0,0.0,0.0,1,1,19448.23,1834.84
739,0,08-MAY-23,07-MAY-24,2023,1203,407428.46,4557.81,5000000739,2019,7,0,SUV,2300.0,奥迪,自用货物,0.0,品牌C,93.62,84.4,0.014173,0.14164,6.63,0.18746,0,45.72,7142.5,0,1,0.0,2543.7
740,1,27-OCT-22,27-OCT-23,2022,1203,354455.31,9209.0,5000000740,2019,5,0,轿车,1300.0,吉利,公务,21384.72,品牌B,45.68,0.0,0.095279,0.156475,3.21,0.152083,1,31.11,6403.59,0,1,562.54,1816.57
741,0,05-MAR-23,04-MAR-24,2023,1202,444310.68,9455.01,5000000741,2016,5,0,轿车,2900.0,别克,商用,0.0,品牌E,56.72,0.0,0.024549,0.294837,6.75,0.185916,0,81.06,3734.79,0,1,0.0,2204.87
742,1,02-AUG-22,02-AUG-23,2022,1201,450059.8,9963.76,5000000742,2021,7,0,轿车,3100.0,奔驰,家用,23078.53,品牌D,92.45,59.66,0.068061,0.078735,4.36,0.04994,0,34.91,6073.09,1,1,8588.4,2786.33
743,1,24-JUN-23,23-JUN-24,2023,1201,203598.3,2526.11,5000000743,2017,2,14,皮卡,5700.0,丰田,商用,0.0,品牌E,79.31,0.0,0.192227,0.058078,5.42,0.047487,0,0.0,0.0,1,1,0.0,1093.05
744,0,30-JUL-23,29-JUL-24,2023,1203,361037.61,7011.78,5000000744,2016,5,0,MPV,1500.0,本田,公务,0.0,品牌D,33.3,70.17,0.115417,0.190729,3.33,0.161828,1,54.35,2750.11,1,1,0.0,1521.44
745,1,02-AUG-23,01-AUG-24,2023,1203,360704.06,6527.29,5000000745,2018,3,3,货车,4800.0,本田,租赁,0.0,品牌C,62.51,50.7,0.199354,0.242288,9.11,0.068986,0,57.25,3261.57,1,1,0.0,5775.97
746,1,11-JUN-23,10-JUN-24,2023,1202,398829.29,5970.76,5000000746,2023,2,12,客车,4200.0,丰田,家用,11769.39,品牌D,69.53,77.44,0.101584,0.119968,4.69,0.054077,0,0.0,0.0,0,1,7793.94,7122.49
747,0,28-NOV-22,28-NOV-23,2022,1206,260558.09,3679.86,5000000747,2020,4,5,皮卡,3000.0,本田,公务,14669.75,品牌D,74.3,66.86,0.170507,0.063968,5.6,0.03724,1,69.11,4713.12,1,1,5659.12,1282.46
748,0,19-MAY-22,19-MAY-23,2022,1204,163184.71,1697.09,5000000748,2021,2,2,货车,3100.0,大众,家用,0.0,品牌A,76.39,0.0,0.174242,0.239423,7.61,0.070948,0,72.46,5515.87,0,1,0.0,3377.61
749,0,19-APR-23,18-APR-24,2023,1205,453393.13,4381.05,5000000749,2013,2,1,货车,2900.0,大众,商用,0.0,品牌B,69.32,0.0,0.067285,0.261948,1.47,0.089941,0,45.15,2838.61,0,1,0.0,3162.57
750,1,03-AUG-23,02-AUG-24,2023,1203,385430.58,4458.16,5000000750,2018,7,0,MPV,2700.0,奔驰,租赁,0.0,品牌E,98.43,0.0,0.038961,0.144692,8.82,0.153673,0,73.37,3203.04,1,1,0.0,3497.54
751,0,10-JUL-22,10-JUL-23,2022,1203,229825.86,1739.81,5000000751,2015,5,0,轿车,3000.0,吉利,租赁,0.0,品牌D,32.53,34.12,0.111487,0.026397,9.96,0.04061,0,56.26,4213.44,1,1,0.0,2390.78
752,1,17-JAN-24,16-JAN-25,2024,1201,497589.68,12066.21,5000000752,2023,7,0,轿车,2300.0,比亚迪,商用,0.0,品牌A,33.63,0.0,0.088459,0.109433,4.93,0.172175,1,60.91,3389.54,0,1,0.0,2764.44
753,0,07-OCT-22,07-OCT-23,2022,1201,191496.14,1967.41,5000000753,2013,4,0,轿车,1800.0,丰田,公务,0.0,品牌C,62.94,19.14,0.008005,0.014206,7.61,0.158624,0,0.0,0.0,1,1,0.0,995.5
754,0,07-SEP-23,06-SEP-24,2023,1203,330845.32,7510.89,5000000754,2014,4,12,货车,3500.0,吉利,家用,0.0,品牌D,31.98,86.42,0.046237,0.279403,2.74,0.006493,0,89.15,5280.17,1,1,0.0,2351.51
755,0,22-JUL-22,22-JUL-23,2022,1203,177546.39,4395.23,5000000755,2020,3,10,货车,3300.0,大众,公务,0.0,品牌A,41.05,0.0,0.029114,0.071478,3.78,0.132859,0,34.39,4453.89,0,1,0.0,3274.39
756,1,04-AUG-23,03-AUG-24,2023,1201,90703.13,1977.54,5000000756,2015,4,11,客车,2800.0,吉利,家用,11830.18,品牌C,80.25,14.93,0.059019,0.241301,2.26,0.198846,0,0.0,0.0,0,1,12157.8,3832.46
757,0,24-OCT-23,23-OCT-24,2023,1204,89162.92,1632.47,5000000757,2022,5,0,SUV,2700.0,大众,家用,0.0,品牌D,70.99,33.17,0.031704,0.252472,7.77,0.074584,0,0.0,0.0,1,1,0.0,2811.9
758,0,27-JUN-22,27-JUN-23,2022,1205,139465.82,894.0,5000000758,2012,2,19,客车,5300.0,比亚迪,租赁,0.0,品牌A,79.38,0.0,0.099063,0.014158,1.48,0.01073,1,73.24,3273.97,1,1,0.0,5410.71
759,0,02-JAN-24,01-JAN-25,2024,1201,485061.21,9666.28,5000000759,2020,4,0,MPV,2400.0,比亚迪,自用货物,33265.93,品牌D,72.77,47.15,0.081401,0.25811,4.91,0.034121,0,0.0,0.0,1,1,19756.92,2818.11
760,0,14-AUG-23,13-AUG-24,2023,1203,293120.75,3215.81,5000000760,2019,5,0,轿车,2700.0,别克,租赁,0.0,品牌B,63.79,0.0,0.098525,0.273026,0.66,0.089144,1,32.6,4551.1,0,1,0.0,2777.11
761,1,16-JUN-22,16-JUN-23,2022,1205,280762.21,6651.98,5000000761,2018,2,17,皮卡,2400.0,奔驰,公务,0.0,品牌E,35.89,0.0,0.038955,0.261038,0.19,0.012876,0,47.88,1818.21,1,1,0.0,933.29
762,0,13-FEB-23,13-FEB-24,2023,1205,141937.06,1777.34,5000000762,2017,4,0,SUV,2000.0,长安,家用,0.0,品牌B,62.1,0.0,0.145834,0.191906,7.37,0.10452,0,37.88,3579.23,1,1,0.0,1915.54
763,0,15-SEP-23,14-SEP-24,2023,1204,304941.74,8396.29,5000000763,2023,3,3,货车,5600.0,长安,商用,0.0,品牌A,81.66,0.0,0.041667,0.155175,0.74,0.196275,0,0.0,0.0,0,1,0.0,6724.8
764,0,24-FEB-24,23-FEB-25,2024,1201,161574.47,4635.11,5000000764,2015,4,17,客车,3800.0,长安,商用,0.0,品牌C,60.04,11.76,0.149152,0.170213,8.37,0.106854,0,76.15,6193.68,0,1,0.0,4481.04
765,0,19-OCT-23,18-OCT-24,2023,1204,326490.93,2774.51,5000000765,2018,4,17,皮卡,4300.0,比亚迪,公务,0.0,品牌C,67.58,15.03,0.108347,0.029681,2.83,0.115035,1,78.79,5592.74,1,1,0.0,942.01
766,0,01-FEB-23,01-FEB-24,2023,1202,181978.12,2544.67,5000000766,2017,2,6,货车,2800.0,本田,自用货物,25199.18,品牌A,93.88,0.0,0.073635,0.106582,9.16,0.148702,1,40.53,3316.15,0,1,7711.52,3226.74
767,0,01-JUN-22,01-JUN-23,2022,1202,147525.33,3978.35,5000000767,2019,7,0,轿车,1300.0,长安,商用,0.0,品牌D,47.86,31.81,0.035451,0.158601,9.88,0.103414,1,31.76,2834.87,1,1,0.0,1757.97
768,1,19-AUG-22,19-AUG-23,2022,1204,150731.21,4177.53,5000000768,2020,5,0,SUV,2200.0,奥迪,商用,0.0,品牌A,65.34,0.0,0.191527,0.038136,2.12,0.180102,0,0.0,0.0,1,1,0.0,3762.59
769,1,02-JAN-23,02-JAN-24,2023,1203,82796.36,479.13,5000000769,2017,4,13,客车,3700.0,比亚迪,家用,0.0,品牌E,53.14,0.0,0.166727,0.246572,7.38,0.082359,0,39.42,1948.03,1,1,0.0,3546.92
770,1,14-AUG-22,14-AUG-23,2022,1206,135624.17,2410.31,5000000770,2015,4,0,SUV,1800.0,宝马,自用货物,0.0,品牌E,89.91,0.0,0.095363,0.160677,4.67,0.147622,0,0.0,0.0,0,1,0.0,1730.72
771,0,03-JAN-24,02-JAN-25,2024,1204,105590.83,2169.17,5000000771,2017,3,14,客车,4100.0,丰田,家用,41068.28,品牌B,47.32,0.0,0.17179,0.167207,1.79,0.157011,0,37.26,5475.9,1,1,17859.3,4431.94
772,1,06-NOV-22,06-NOV-23,2022,1206,88268.74,849.91,5000000772,2013,4,6,客车,5200.0,奥迪,商用,0.0,品牌A,79.23,0.0,0.116195,0.174823,1.39,0.004672,1,49.82,3472.13,1,1,0.0,4758.95
773,1,19-JAN-24,18-JAN-25,2024,1203,224580.99,4696.79,5000000773,2023,4,0,轿车,2600.0,本田,公务,0.0,品牌D,66.62,10.79,0.029512,0.164341,2.54,0.032132,0,0.0,0.0,0,1,0.0,1776.21
774,1,02-MAY-23,01-MAY-24,2023,1205,270412.78,6468.68,5000000774,2019,3,12,货车,4200.0,长安,租赁,11487.61,品牌D,45.56,40.88,0.112545,0.246222,4.47,0.105045,0,47.7,5306.82,0,1,2066.75,7449.91
775,0,09-MAR-24,09-MAR-25,2024,1202,354226.36,5781.08,5000000775,2019,7,0,MPV,2600.0,奥迪,公务,0.0,品牌D,94.06,45.95,0.030422,0.009934,5.73,0.015681,0,80.08,5468.74,0,1,0.0,2003.82
776,1,22-JAN-23,22-JAN-24,2023,1206,428289.05,5996.65,5000000776,2016,7,0,MPV,2900.0,别克,自用货物,16310.51,品牌B,78.36,0.0,0.168371,0.256797,2.4,0.147054,0,55.92,2542.09,0,1,9748.35,2537.21
777,1,24-MAY-22,24-MAY-23,2022,1206,100441.52,2011.25,5000000777,2018,2,15,货车,5000.0,吉利,商用,17335.15,品牌C,63.22,88.51,0.01621,0.271146,7.2,0.038917,0,0.0,0.0,1,1,15403.43,6411.46
778,0,14-JUN-22,14-JUN-23,2022,1201,374542.56,10664.91,5000000778,2013,2,18,客车,5400.0,比亚迪,租赁,40829.29,品牌B,53.12,0.0,0.021073,0.143222,8.85,0.059832,0,64.33,5674.53,1,1,6767.64,7851.94
779,0,01-SEP-22,01-SEP-23,2022,1201,496339.12,2926.38,5000000779,2022,4,12,皮卡,3300.0,宝马,商用,0.0,品牌C,50.16,38.01,0.101349,0.095876,8.16,0.091999,0,0.0,0.0,1,1,0.0,1764.27
780,0,19-DEC-23,18-DEC-24,2023,1203,472153.9,12407.91,5000000780,2020,5,0,SUV,1100.0,本田,租赁,1158.53,品牌E,52.4,0.0,0.002833,0.052422,2.8,0.016069,0,61.85,3622.07,0,1,5516.81,4821.09
781,0,03-MAR-24,03-MAR-25,2024,1204,423436.97,12558.38,5000000781,2016,4,5,货车,2200.0,别克,自用货物,0.0,品牌D,56.4,16.43,0.000864,0.053409,9.49,0.001443,0,60.98,4612.92,1,1,0.0,2334.28
782,0,06-OCT-23,05-OCT-24,2023,1206,235017.37,6490.28,5000000782,2017,3,16,客车,2700.0,奥迪,自用货物,0.0,品牌D,98.29,26.8,0.182061,0.037929,6.01,0.191969,0,0.0,0.0,1,1,0.0,3498.91
783,0,14-FEB-23,14-FEB-24,2023,1202,256725.86,4064.77,5000000783,2023,4,14,货车,2600.0,吉利,租赁,0.0,品牌B,71.47,0.0,0.003031,0.228017,8.33,0.168713,0,0.0,0.0,0,1,0.0,6237.02
784,1,17-NOV-22,17-NOV-23,2022,1206,120415.3,1857.85,5000000784,2012,3,14,客车,5400.0,奔驰,公务,0.0,品牌A,62.71,0.0,0.035297,0.199667,8.71,0.019547,1,77.68,2040.51,0,1,0.0,3021.03
785,0,26-DEC-22,26-DEC-23,2022,1206,385371.52,7557.99,5000000785,2021,7,0,MPV,3000.0,长安,家用,0.0,品牌A,36.0,0.0,0.135965,0.108197,4.61,0.161409,0,0.0,0.0,1,1,0.0,2619.99
786,1,01-JUL-22,01-JUL-23,2022,1204,128646.26,1946.41,5000000786,2013,3,12,皮卡,5100.0,奔驰,商用,0.0,品牌A,43.14,0.0,0.193693,0.246806,6.39,0.023315,0,67.06,4764.73,1,1,0.0,855.7
787,1,06-APR-24,06-APR-25,2024,1205,385370.64,3660.45,5000000787,2019,3,15,客车,2600.0,吉利,自用货物,42902.92,品牌D,33.48,38.16,0.098473,0.145022,5.53,0.068017,0,48.87,1912.61,0,1,7645.55,4979.6
788,1,26-DEC-22,26-DEC-23,2022,1203,367561.28,9242.97,5000000788,2015,7,0,轿车,1700.0,比亚迪,家用,5495.34,品牌A,65.25,0.0,0.134825,0.197668,9.82,0.173622,0,83.71,4013.33,0,1,12287.21,1643.08
789,1,01-MAR-23,29-FEB-24,2023,1202,195826.87,992.27,5000000789,2020,3,15,皮卡,2200.0,别克,自用货物,0.0,品牌C,60.28,69.5,0.046771,0.111273,4.03,0.133264,0,0.0,0.0,0,1,0.0,885.49
790,0,22-AUG-23,21-AUG-24,2023,1203,259463.62,2802.74,5000000790,2013,7,0,MPV,3100.0,长安,自用货物,0.0,品牌D,68.39,51.78,0.040535,0.280952,9.72,0.148221,0,0.0,0.0,0,1,0.0,1549.98
791,1,23-AUG-22,23-AUG-23,2022,1205,482555.16,8258.21,5000000791,2020,3,1,货车,3500.0,奔驰,公务,0.0,品牌B,67.53,0.0,0.10766,0.117166,2.76,0.037052,1,63.28,6798.07,1,1,0.0,3642.78
792,0,30-JUL-22,30-JUL-23,2022,1203,360327.63,7766.24,5000000792,2019,3,8,皮卡,4400.0,比亚迪,公务,0.0,品牌E,42.55,0.0,0.006157,0.264146,3.53,0.045317,0,0.0,0.0,1,1,0.0,1053.28
793,1,02-FEB-23,02-FEB-24,2023,1202,149789.84,3560.8,5000000793,2020,7,0,MPV,1700.0,本田,商用,0.0,品牌B,58.15,0.0,0.072947,0.137425,7.86,0.103689,0,0.0,0.0,1,1,0.0,2534.69
794,0,28-SEP-22,28-SEP-23,2022,1203,316349.87,6629.77,5000000794,2014,3,9,客车,2400.0,宝马,家用,0.0,品牌C,37.86,95.2,0.036281,0.198989,0.2,0.172537,1,73.65,3996.09,0,1,0.0,3120.47
795,0,24-SEP-22,24-SEP-23,2022,1202,408379.34,3663.42,5000000795,2015,7,0,SUV,3000.0,比亚迪,租赁,32264.68,品牌B,94.05,0.0,0.044801,0.244753,8.88,0.147468,0,0.0,0.0,0,1,10395.03,5296.93
796,0,19-MAY-23,18-MAY-24,2023,1202,493758.43,7678.84,5000000796,2021,4,0,轿车,2700.0,吉利,自用货物,0.0,品牌B,55.23,0.0,0.100984,0.005287,1.13,0.066334,0,0.0,0.0,0,1,0.0,1996.39
797,1,21-AUG-23,20-AUG-24,2023,1204,467288.33,2886.26,5000000797,2017,5,0,MPV,3100.0,丰田,商用,0.0,品牌C,93.66,19.85,0.11708,0.121073,7.3,0.037229,0,0.0,0.0,0,1,0.0,3057.29
798,0,25-JAN-23,25-JAN-24,2023,1206,126007.71,1976.16,5000000798,2013,4,0,MPV,1900.0,别克,租赁,0.0,品牌B,48.32,0.0,0.005008,0.057414,9.5,0.156362,0,38.2,6672.87,1,1,0.0,2023.44
799,1,26-SEP-22,26-SEP-23,2022,1202,440416.66,7524.66,5000000799,2020,2,19,客车,4800.0,大众,家用,0.0,品牌E,49.05,0.0,0.102099,0.207444,8.97,0.083574,0,0.0,0.0,1,1,0.0,5168.48
800,0,24-JUL-23,23-JUL-24,2023,1204,143560.79,3026.15,5000000800,2015,5,0,MPV,1400.0,比亚迪,租赁,0.0,品牌D,92.84,36.9,0.141628,0.13593,2.64,0.089101,1,33.55,5847.77,1,1,0.0,2096.02
801,0,27-JUN-22,27-JUN-23,2022,1203,450627.62,9782.0,5000000801,2012,2,14,皮卡,2300.0,本田,公务,0.0,品牌D,53.55,69.06,0.191153,0.229782,4.66,0.151358,0,57.31,5156.78,0,1,0.0,898.28
802,0,15-JUN-23,14-JUN-24,2023,1201,182636.1,4479.46,5000000802,2022,4,0,MPV,2600.0,奥迪,商用,0.0,品牌E,91.94,0.0,0.073156,0.27025,3.55,0.098779,0,0.0,0.0,0,1,0.0,3386.21
803,1,09-DEC-22,09-DEC-23,2022,1206,382592.96,10428.31,5000000803,2013,7,0,SUV,2100.0,大众,公务,0.0,品牌D,86.18,73.3,0.184232,0.168393,3.47,0.094613,0,82.24,6911.16,1,1,0.0,1868.18
804,1,30-MAY-22,30-MAY-23,2022,1203,201202.4,2871.83,5000000804,2013,5,0,轿车,1700.0,别克,公务,0.0,品牌C,86.88,56.86,0.016971,0.190369,4.53,0.082257,0,64.77,2167.87,0,1,0.0,987.49
805,1,03-AUG-23,02-AUG-24,2023,1206,102042.22,1700.74,5000000805,2013,4,6,货车,4000.0,别克,家用,0.0,品牌A,64.61,0.0,0.068526,0.202435,3.12,0.111768,0,0.0,0.0,0,1,0.0,2067.28
806,0,07-OCT-23,06-OCT-24,2023,1206,387156.26,11133.2,5000000806,2016,5,0,SUV,3400.0,宝马,自用货物,0.0,品牌E,61.43,0.0,0.153158,0.040513,3.44,0.076822,1,44.47,3248.01,0,1,0.0,2518.08
807,1,29-MAY-22,29-MAY-23,2022,1203,429932.65,8184.63,5000000807,2017,7,0,SUV,3100.0,本田,自用货物,0.0,品牌C,93.04,90.59,0.121139,0.015745,9.71,0.133214,0,0.0,0.0,1,1,0.0,2740.92
808,1,05-JUL-22,05-JUL-23,2022,1205,353361.32,3426.05,5000000808,2013,2,8,货车,3300.0,宝马,自用货物,28841.55,品牌D,47.75,20.34,0.130708,0.180247,9.66,0.018142,0,0.0,0.0,0,1,16844.88,3025.46
809,1,12-DEC-23,11-DEC-24,2023,1205,309748.66,7114.08,5000000809,2018,2,10,客车,3200.0,宝马,家用,0.0,品牌E,49.03,0.0,0.108437,0.283615,2.25,0.052671,1,89.07,4492.28,0,1,0.0,3900.83
810,0,31-MAR-24,31-MAR-25,2024,1206,243598.7,2619.77,5000000810,2023,2,6,客车,5300.0,长安,租赁,0.0,品牌C,41.65,67.01,0.066814,0.196095,7.61,0.188683,0,0.0,0.0,0,1,0.0,9690.65
811,1,14-FEB-23,14-FEB-24,2023,1205,339583.82,8007.2,5000000811,2023,5,0,MPV,2700.0,丰田,租赁,0.0,品牌C,72.28,69.04,0.061392,0.218452,9.79,0.105432,0,42.02,6304.95,1,1,0.0,4512.57
812,0,09-OCT-23,08-OCT-24,2023,1201,83197.74,1499.29,5000000812,2019,4,7,皮卡,3300.0,长安,商用,0.0,品牌D,56.18,25.02,0.054876,0.181394,3.58,0.11689,0,37.95,5501.54,1,1,0.0,1088.69
813,1,11-AUG-23,10-AUG-24,2023,1205,53841.37,673.12,5000000813,2013,2,10,皮卡,3300.0,丰田,商用,18902.56,品牌D,33.0,19.04,0.037361,0.284077,4.5,0.116772,0,86.14,4185.08,0,1,6422.21,945.56
814,0,01-MAR-24,01-MAR-25,2024,1204,279885.22,7156.32,5000000814,2019,2,6,皮卡,2900.0,丰田,公务,6409.57,品牌B,89.59,0.0,0.187535,0.051603,9.97,0.113999,0,0.0,0.0,1,1,5651.55,1157.56
815,0,02-OCT-22,02-OCT-23,2022,1203,276791.35,3895.87,5000000815,2015,7,0,MPV,3300.0,宝马,家用,0.0,品牌D,38.97,37.89,0.11942,0.060828,9.55,0.083505,0,59.8,2985.09,1,1,0.0,1911.91
816,0,17-MAR-23,16-MAR-24,2023,1204,477918.87,6561.6,5000000816,2022,2,8,皮卡,2300.0,长安,家用,0.0,品牌C,97.54,45.27,0.078533,0.020142,8.73,0.197285,0,0.0,0.0,0,1,0.0,1252.48
817,0,10-OCT-23,09-OCT-24,2023,1202,229613.87,5109.24,5000000817,2018,4,0,MPV,1100.0,大众,自用货物,0.0,品牌D,36.98,48.04,0.069319,0.113468,7.11,0.076232,0,0.0,0.0,1,1,0.0,1425.24
818,1,22-JAN-24,21-JAN-25,2024,1202,117641.21,722.53,5000000818,2022,5,0,MPV,3400.0,吉利,租赁,41942.44,品牌C,85.09,83.53,0.035838,0.282175,4.09,0.181007,0,0.0,0.0,1,1,13004.71,5587.68
819,1,03-JUL-23,02-JUL-24,2023,1202,211315.48,3182.83,5000000819,2021,2,19,皮卡,5600.0,本田,商用,6795.72,品牌A,62.15,0.0,0.109525,0.118127,7.38,0.013504,0,74.49,3134.32,0,1,5500.88,1740.18
820,0,06-MAY-23,05-MAY-24,2023,1205,102418.01,1182.27,5000000820,2014,5,0,MPV,1700.0,吉利,公务,0.0,品牌D,65.66,52.34,0.186447,0.187881,5.08,0.108175,1,74.32,6045.06,1,1,0.0,1158.46
821,0,11-JUL-23,10-JUL-24,2023,1201,97047.73,2393.47,5000000821,2023,2,11,货车,5900.0,比亚迪,公务,0.0,品牌E,32.91,0.0,0.050974,0.009378,9.34,0.112835,0,0.0,0.0,1,1,0.0,4381.63
822,0,21-JUL-23,20-JUL-24,2023,1203,402697.19,9044.25,5000000822,2016,3,2,客车,3000.0,奥迪,家用,32506.35,品牌D,91.21,37.15,0.16314,0.284933,6.6,0.137032,0,0.0,0.0,1,1,14732.1,4553.27
823,1,03-FEB-24,02-FEB-25,2024,1203,228646.47,6554.48,5000000823,2021,2,1,货车,4200.0,本田,家用,37778.44,品牌E,44.13,0.0,0.173763,0.139125,1.99,0.184978,0,72.65,2730.25,0,1,16487.24,4392.47
824,1,31-AUG-22,31-AUG-23,2022,1202,129517.21,2431.85,5000000824,2016,4,0,轿车,2200.0,吉利,租赁,0.0,品牌D,65.54,53.01,0.129544,0.177066,9.76,0.127021,0,51.99,3585.45,1,1,0.0,2110.66
825,0,14-SEP-23,13-SEP-24,2023,1204,420215.5,7090.9,5000000825,2019,4,15,皮卡,5200.0,本田,家用,0.0,品牌E,96.09,0.0,0.04981,0.287701,7.73,0.176956,1,66.24,6560.31,0,1,0.0,1075.53
826,0,18-OCT-22,18-OCT-23,2022,1203,53564.76,926.04,5000000826,2022,2,15,货车,4700.0,长安,租赁,0.0,品牌E,46.49,0.0,0.153944,0.235155,9.09,0.118834,0,38.45,1932.13,0,1,0.0,7272.16
827,0,08-JUL-22,08-JUL-23,2022,1201,368526.21,6808.59,5000000827,2015,2,8,皮卡,3200.0,本田,公务,49510.66,品牌C,39.64,88.48,0.099612,0.231915,5.05,0.017798,0,43.81,3387.49,0,1,5301.82,1180.94
828,0,05-JAN-24,04-JAN-25,2024,1205,370470.51,8729.84,5000000828,2023,2,17,货车,4500.0,奥迪,家用,0.0,品牌D,79.91,57.36,0.074731,0.142093,4.45,0.01673,1,85.99,4294.44,0,1,0.0,4013.16
829,1,14-DEC-22,14-DEC-23,2022,1206,192952.92,2167.2,5000000829,2020,7,0,MPV,1800.0,宝马,租赁,0.0,品牌D,65.86,89.9,0.101309,0.221929,0.24,0.152868,0,0.0,0.0,1,1,0.0,3321.17
830,0,02-MAY-23,01-MAY-24,2023,1201,325812.89,6647.25,5000000830,2016,4,10,客车,3800.0,长安,租赁,0.0,品牌A,50.77,0.0,0.056305,0.299168,4.58,0.16002,0,0.0,0.0,0,1,0.0,6300.45
831,1,02-AUG-22,02-AUG-23,2022,1203,408446.29,10499.28,5000000831,2016,4,0,MPV,3500.0,奥迪,商用,13245.29,品牌B,83.35,0.0,0.19268,0.084173,8.76,0.130908,1,39.76,3948.0,0,1,2176.92,4103.07
832,1,04-SEP-23,03-SEP-24,2023,1201,290707.6,8121.46,5000000832,2015,5,0,轿车,3300.0,丰田,公务,0.0,品牌D,55.65,56.57,0.106028,0.003558,0.48,0.071067,1,49.54,6049.82,1,1,0.0,1440.51
833,0,22-SEP-23,21-SEP-24,2023,1204,313090.53,3219.2,5000000833,2022,5,0,SUV,2300.0,丰田,家用,0.0,品牌D,75.03,58.41,0.184126,0.200108,2.52,0.088322,0,0.0,0.0,1,1,0.0,2849.36
834,1,18-FEB-23,18-FEB-24,2023,1201,444321.39,11313.33,5000000834,2015,4,9,皮卡,3100.0,吉利,自用货物,0.0,品牌D,96.17,60.88,0.00361,0.059818,4.43,0.166992,1,41.44,4372.39,0,1,0.0,955.71
835,1,21-OCT-23,20-OCT-24,2023,1206,495861.46,9135.0,5000000835,2013,4,0,轿车,2200.0,长安,自用货物,49890.9,品牌A,94.88,0.0,0.177924,0.043016,2.15,0.10552,0,67.94,6179.61,1,1,7047.53,1707.29
836,0,18-SEP-22,18-SEP-23,2022,1203,126747.79,1755.09,5000000836,2020,2,8,货车,3200.0,奔驰,自用货物,0.0,品牌A,61.59,0.0,0.042872,0.106981,6.19,0.167313,1,82.43,3903.28,1,1,0.0,3193.93
837,1,13-JUN-23,12-JUN-24,2023,1205,180531.7,3419.89,5000000837,2017,4,18,皮卡,3000.0,吉利,商用,31953.47,品牌C,31.78,67.23,0.109307,0.145149,7.5,0.005361,1,34.38,5934.09,0,1,4352.68,1384.09
838,1,25-NOV-22,25-NOV-23,2022,1201,220368.91,5602.92,5000000838,2015,5,0,轿车,1400.0,本田,自用货物,0.0,品牌B,84.25,0.0,0.027652,0.254738,4.72,0.047564,0,48.71,2006.38,0,1,0.0,1058.05
839,0,24-OCT-22,24-OCT-23,2022,1203,262387.25,3180.65,5000000839,2017,4,20,皮卡,4700.0,比亚迪,租赁,0.0,品牌B,93.94,0.0,0.005846,0.248736,1.51,0.143002,0,0.0,0.0,0,1,0.0,1412.0
840,0,10-JAN-23,10-JAN-24,2023,1206,441563.55,9084.74,5000000840,2021,3,2,货车,3000.0,本田,公务,0.0,品牌B,80.12,0.0,0.100162,0.254739,0.38,0.110668,0,0.0,0.0,0,1,0.0,3457.76
841,0,03-JAN-23,03-JAN-24,2023,1201,410075.17,12135.63,5000000841,2020,4,17,皮卡,2500.0,比亚迪,租赁,0.0,品牌D,86.66,85.66,0.109385,0.06823,2.5,0.183812,0,0.0,0.0,0,1,0.0,1712.11
842,1,01-NOV-23,31-OCT-24,2023,1203,459630.85,5125.49,5000000842,2022,7,0,MPV,3000.0,比亚迪,家用,0.0,品牌A,35.8,0.0,0.185847,0.064209,8.16,0.059793,1,64.03,2427.7,1,1,0.0,2695.74
843,0,07-DEC-23,06-DEC-24,2023,1205,79939.06,1483.01,5000000843,2016,5,0,SUV,3300.0,长安,商用,0.0,品牌B,67.84,0.0,0.002828,0.276383,8.41,0.100529,1,61.95,5388.06,0,1,0.0,3278.02
844,1,25-MAY-23,24-MAY-24,2023,1202,389333.45,9180.97,5000000844,2020,5,0,MPV,2700.0,奥迪,租赁,43123.02,品牌D,55.47,72.86,0.080865,0.072635,7.97,0.198902,0,0.0,0.0,0,1,15634.63,5061.99
845,1,30-SEP-22,30-SEP-23,2022,1201,256212.33,1373.35,5000000845,2012,2,16,货车,2200.0,奔驰,家用,0.0,品牌C,79.79,66.94,0.078439,0.292544,4.48,0.09578,1,61.28,7072.87,1,1,0.0,1917.25
846,0,19-NOV-22,19-NOV-23,2022,1203,104154.75,2916.04,5000000846,2012,7,0,MPV,2300.0,大众,商用,0.0,品牌C,70.89,47.04,0.054586,0.162078,7.37,0.057983,0,0.0,0.0,1,1,0.0,1807.41
847,1,25-JUL-22,25-JUL-23,2022,1205,156360.66,1678.62,5000000847,2014,2,7,货车,4700.0,本田,商用,0.0,品牌D,96.6,72.26,0.113454,0.24065,9.96,0.100523,0,0.0,0.0,0,1,0.0,3802.07
848,1,06-SEP-23,05-SEP-24,2023,1205,380392.88,2114.61,5000000848,2015,4,3,客车,2300.0,丰田,自用货物,0.0,品牌C,92.4,24.96,0.059758,0.078788,3.52,0.192668,0,63.72,2650.07,1,1,0.0,3168.01
849,0,19-JAN-23,19-JAN-24,2023,1204,179001.07,1344.85,5000000849,2023,4,14,客车,4200.0,奔驰,公务,0.0,品牌E,60.95,0.0,0.07988,0.234337,8.53,0.062025,0,0.0,0.0,1,1,0.0,5279.52
850,0,13-SEP-23,12-SEP-24,2023,1201,415422.67,3865.72,5000000850,2017,5,0,MPV,2100.0,长安,家用,0.0,品牌B,60.23,0.0,0.166436,0.068925,7.8,0.005426,0,0.0,0.0,0,1,0.0,1824.02
851,0,07-AUG-22,07-AUG-23,2022,1202,438150.52,4829.71,5000000851,2021,4,0,MPV,1500.0,本田,自用货物,0.0,品牌B,93.28,0.0,0.188785,0.001915,3.89,0.120695,0,0.0,0.0,0,1,0.0,2103.52
852,0,04-APR-23,03-APR-24,2023,1201,303064.68,3341.23,5000000852,2021,2,16,货车,3500.0,大众,自用货物,0.0,品牌D,94.08,69.88,0.019838,0.292693,6.85,0.195498,0,0.0,0.0,1,1,0.0,3459.7
853,1,10-JUL-22,10-JUL-23,2022,1205,129132.71,2416.03,5000000853,2021,7,0,轿车,2500.0,本田,租赁,0.0,品牌D,32.6,57.78,0.056381,0.07981,3.88,0.042227,0,0.0,0.0,0,1,0.0,2977.52
854,1,21-JAN-24,20-JAN-25,2024,1205,362334.82,2248.14,5000000854,2024,7,0,轿车,3300.0,吉利,商用,10930.66,品牌E,89.1,0.0,0.083571,0.031665,1.81,0.0402,0,40.89,4190.5,1,1,8770.14,4180.0
855,0,01-APR-24,01-APR-25,2024,1205,171643.82,3959.39,5000000855,2021,2,19,货车,5000.0,别克,租赁,0.0,品牌D,55.94,51.75,0.056649,0.150822,8.4,0.15579,0,0.0,0.0,0,1,0.0,6402.56
856,0,06-AUG-23,05-AUG-24,2023,1206,176623.13,4677.77,5000000856,2019,4,0,SUV,1100.0,别克,公务,0.0,品牌E,39.04,0.0,0.106781,0.208499,8.42,0.097886,1,36.69,5801.16,0,1,0.0,1826.44
857,0,28-NOV-23,27-NOV-24,2023,1204,488032.19,8790.73,5000000857,2015,3,3,货车,4600.0,比亚迪,自用货物,0.0,品牌C,63.63,17.98,0.079963,0.051961,1.1,0.089614,0,0.0,0.0,1,1,0.0,2870.86
858,0,27-JAN-24,26-JAN-25,2024,1201,314872.36,2520.33,5000000858,2019,3,14,皮卡,3400.0,别克,租赁,0.0,品牌C,99.36,91.78,0.199548,0.003605,7.02,0.1777,1,66.5,6617.51,0,1,0.0,1465.54
859,0,27-APR-24,27-APR-25,2024,1205,393159.2,7655.69,5000000859,2020,2,12,客车,4100.0,吉利,商用,0.0,品牌D,44.88,71.54,0.0962,0.282688,8.41,0.160573,0,0.0,0.0,1,1,0.0,6526.08
860,1,08-JUL-22,08-JUL-23,2022,1206,414892.27,4899.35,5000000860,2012,4,19,客车,4200.0,奥迪,商用,0.0,品牌A,58.06,0.0,0.155149,0.249841,7.47,0.117241,0,0.0,0.0,0,1,0.0,4538.8
861,1,23-JUL-23,22-JUL-24,2023,1202,134088.13,3785.93,5000000861,2021,3,8,皮卡,3800.0,奔驰,自用货物,21717.36,品牌C,66.99,84.37,0.190515,0.276228,4.14,0.034665,1,64.07,2630.95,1,1,15861.64,1115.52
862,0,22-APR-24,22-APR-25,2024,1206,350486.92,4433.55,5000000862,2019,4,0,MPV,2200.0,本田,家用,0.0,品牌C,71.15,85.67,0.001527,0.043792,1.12,0.1536,0,80.83,2476.28,1,1,0.0,1879.61
863,0,05-OCT-23,04-OCT-24,2023,1202,55341.32,1083.01,5000000863,2019,3,18,客车,2000.0,丰田,租赁,0.0,品牌D,87.41,59.91,0.058522,0.072691,2.48,0.045091,0,0.0,0.0,0,1,0.0,6551.92
864,0,02-JAN-23,02-JAN-24,2023,1204,178178.38,3444.01,5000000864,2021,5,0,SUV,3400.0,丰田,租赁,36013.08,品牌E,33.01,0.0,0.057208,0.297094,5.81,0.067608,0,45.01,6064.9,1,1,15315.16,7187.56
865,0,12-AUG-23,11-AUG-24,2023,1205,472194.61,9994.33,5000000865,2023,2,14,皮卡,5300.0,宝马,商用,0.0,品牌B,33.45,0.0,0.095575,0.038546,6.31,0.040066,1,80.07,6092.84,1,1,0.0,1739.64
866,1,16-NOV-22,16-NOV-23,2022,1206,166538.88,3394.49,5000000866,2016,4,4,客车,5400.0,别克,公务,0.0,品牌D,90.04,79.64,0.192897,0.039595,5.22,0.187659,0,0.0,0.0,0,1,0.0,3977.91
867,1,30-NOV-23,29-NOV-24,2023,1202,342238.75,5049.18,5000000867,2020,7,0,MPV,2800.0,别克,租赁,22730.76,品牌D,33.46,72.12,0.168303,0.166433,6.87,0.129325,0,0.0,0.0,1,1,19986.59,5081.67
868,0,24-FEB-23,24-FEB-24,2023,1206,213990.5,4659.62,5000000868,2020,4,13,皮卡,2800.0,别克,公务,0.0,品牌D,40.56,55.63,0.03133,0.144911,9.4,0.189056,0,83.93,2248.53,0,1,0.0,904.02
869,1,14-SEP-22,14-SEP-23,2022,1204,225908.79,2359.09,5000000869,2018,2,14,皮卡,4000.0,别克,自用货物,0.0,品牌E,83.06,0.0,0.122753,0.183235,9.9,0.027902,0,0.0,0.0,0,1,0.0,877.34
870,0,28-AUG-23,27-AUG-24,2023,1203,465182.44,11596.24,5000000870,2022,4,20,货车,5300.0,吉利,公务,0.0,品牌C,34.7,37.56,0.183048,0.173413,7.57,0.195791,0,44.61,3867.31,0,1,0.0,4352.12
871,0,03-MAY-23,02-MAY-24,2023,1204,399424.3,3571.43,5000000871,2020,2,1,客车,4700.0,大众,家用,0.0,品牌E,34.31,0.0,0.054997,0.070019,6.59,0.19279,0,0.0,0.0,0,1,0.0,4832.46
872,0,29-SEP-22,29-SEP-23,2022,1201,406586.15,4873.76,5000000872,2019,5,0,轿车,2900.0,长安,自用货物,24456.37,品牌B,73.03,0.0,0.188717,0.183027,9.15,0.060139,0,80.64,6590.06,1,1,11832.89,2429.39
873,0,21-APR-23,20-APR-24,2023,1204,346633.2,8598.97,5000000873,2015,4,0,SUV,2400.0,大众,公务,0.0,品牌A,45.32,0.0,0.184648,0.162632,7.04,0.009509,0,0.0,0.0,0,1,0.0,2029.08
874,0,03-DEC-23,02-DEC-24,2023,1201,388228.04,8219.4,5000000874,2019,4,0,MPV,3100.0,大众,家用,0.0,品牌B,78.53,0.0,0.102145,0.215992,6.8,0.029458,0,74.63,6766.61,1,1,0.0,2302.94
875,0,18-JAN-23,18-JAN-24,2023,1203,381189.48,4412.93,5000000875,2017,3,4,客车,5500.0,丰田,公务,43279.94,品牌D,35.44,28.92,0.129919,0.261614,8.91,0.098972,0,0.0,0.0,0,1,5411.56,5457.53
876,0,09-JAN-24,08-JAN-25,2024,1204,486149.08,5820.51,5000000876,2015,3,8,货车,3700.0,丰田,商用,22273.08,品牌E,33.03,0.0,0.039029,0.243,1.07,0.07058,0,0.0,0.0,1,1,6330.71,4679.69
877,1,26-FEB-23,26-FEB-24,2023,1201,384117.84,10204.77,5000000877,2022,7,0,SUV,2000.0,宝马,家用,0.0,品牌C,98.72,97.61,0.096087,0.28376,3.8,0.115066,1,52.36,1882.25,0,1,0.0,2778.6
878,1,18-MAR-24,18-MAR-25,2024,1205,241619.06,5963.57,5000000878,2016,7,0,SUV,1800.0,比亚迪,家用,0.0,品牌D,39.91,29.09,0.126104,0.076479,0.52,0.024843,0,0.0,0.0,0,1,0.0,1735.8
879,0,22-JAN-23,22-JAN-24,2023,1201,401191.01,7079.73,5000000879,2015,5,0,轿车,2800.0,丰田,租赁,0.0,品牌D,52.92,66.21,0.155015,0.216783,7.06,0.075007,0,0.0,0.0,1,1,0.0,2353.45
880,1,23-MAY-22,23-MAY-23,2022,1204,387516.24,9644.14,5000000880,2015,2,16,货车,2600.0,奔驰,家用,15483.3,品牌B,70.92,0.0,0.102655,0.012173,2.95,0.123012,0,49.49,7180.98,0,1,12022.8,3253.48
881,0,27-DEC-23,26-DEC-24,2023,1202,71884.24,373.03,5000000881,2020,7,0,SUV,1000.0,奥迪,租赁,0.0,品牌E,89.56,0.0,0.09939,0.015413,7.92,0.111591,0,46.3,7145.83,1,1,0.0,3238.0
882,0,21-APR-23,20-APR-24,2023,1205,85587.88,1563.42,5000000882,2017,4,17,货车,5600.0,别克,租赁,0.0,品牌A,72.68,0.0,0.071307,0.267203,8.09,0.121598,0,37.68,5828.34,1,1,0.0,5484.15
883,0,11-JAN-24,10-JAN-25,2024,1201,175115.13,5050.64,5000000883,2017,4,0,轿车,1600.0,比亚迪,自用货物,32317.3,品牌B,54.08,0.0,0.151458,0.216346,1.22,0.160401,1,34.48,2581.97,0,1,14737.06,1362.53
884,1,15-JUL-23,14-JUL-24,2023,1202,248720.41,5007.25,5000000884,2018,5,0,SUV,2800.0,宝马,公务,0.0,品牌D,86.1,97.41,0.122257,0.1974,6.61,0.137082,0,48.07,3985.85,1,1,0.0,2442.85
885,1,01-JAN-24,31-DEC-24,2024,1201,242921.9,1547.93,5000000885,2022,7,0,SUV,1800.0,大众,租赁,0.0,品牌C,30.47,91.51,0.034172,0.054715,2.93,0.131405,0,0.0,0.0,1,1,0.0,4276.99
886,1,11-DEC-23,10-DEC-24,2023,1202,137315.08,3356.21,5000000886,2021,4,2,客车,3400.0,奔驰,自用货物,2555.83,品牌A,77.36,0.0,0.096846,0.281839,8.11,0.14687,0,0.0,0.0,0,1,9276.31,5817.01
887,1,12-FEB-24,11-FEB-25,2024,1204,468039.36,12905.08,5000000887,2017,2,11,皮卡,2200.0,别克,租赁,0.0,品牌E,89.14,0.0,0.13926,0.237882,5.14,0.198399,1,45.77,4074.18,1,1,0.0,1482.4
888,0,16-MAR-23,15-MAR-24,2023,1201,266603.55,4314.77,5000000888,2014,5,0,SUV,1100.0,奔驰,公务,0.0,品牌C,32.4,82.16,0.074634,0.295501,3.57,0.118493,0,34.24,5121.75,1,1,0.0,1460.08
889,0,29-APR-23,28-APR-24,2023,1204,242682.23,6779.14,5000000889,2020,7,0,轿车,1600.0,比亚迪,家用,0.0,品牌B,77.13,0.0,0.031872,0.107486,3.85,0.06259,0,0.0,0.0,0,1,0.0,1368.52
890,1,13-JAN-24,12-JAN-25,2024,1201,350040.21,9696.95,5000000890,2019,7,0,轿车,2100.0,奥迪,自用货物,0.0,品牌C,57.82,99.51,0.075776,0.206388,9.73,0.139305,0,0.0,0.0,0,1,0.0,1467.15
891,0,13-AUG-23,12-AUG-24,2023,1202,56138.88,1011.63,5000000891,2015,4,0,轿车,3000.0,丰田,家用,0.0,品牌E,69.09,0.0,0.186593,0.263663,1.86,0.05806,0,73.49,6808.08,0,1,0.0,1143.73
892,0,20-JAN-24,19-JAN-25,2024,1204,305663.58,8745.87,5000000892,2024,4,0,MPV,2100.0,别克,自用货物,0.0,品牌A,73.14,0.0,0.179122,0.114307,3.66,0.033676,0,0.0,0.0,0,1,0.0,2297.77
893,1,30-JAN-23,30-JAN-24,2023,1201,440082.51,4401.08,5000000893,2019,2,4,货车,3700.0,别克,租赁,0.0,品牌E,64.39,0.0,0.192126,0.27835,8.17,0.129072,1,47.94,3535.75,1,1,0.0,5695.58
894,1,27-OCT-22,27-OCT-23,2022,1205,269213.38,6412.9,5000000894,2021,2,12,客车,5100.0,比亚迪,租赁,0.0,品牌D,97.44,32.8,0.041237,0.009947,9.68,0.02676,0,0.0,0.0,0,1,0.0,9615.43
895,1,17-APR-23,16-APR-24,2023,1202,339494.67,4609.59,5000000895,2020,2,2,货车,4800.0,奥迪,家用,27945.16,品牌D,95.37,72.41,0.015591,0.21417,0.16,0.006968,0,38.78,3417.23,0,1,1930.22,4748.56
896,0,22-DEC-22,22-DEC-23,2022,1201,139264.66,1699.09,5000000896,2020,4,0,轿车,1900.0,别克,自用货物,0.0,品牌B,37.25,0.0,0.04027,0.019739,3.42,0.19435,0,81.23,6113.16,0,1,0.0,1412.29
897,1,10-DEC-22,10-DEC-23,2022,1201,436574.08,9414.7,5000000897,2021,3,2,皮卡,3200.0,长安,公务,0.0,品牌E,70.16,0.0,0.040681,0.050492,6.17,0.135193,0,0.0,0.0,1,1,0.0,1210.31
898,1,16-MAY-24,16-MAY-25,2024,1204,271190.32,7480.85,5000000898,2021,4,5,客车,2200.0,奔驰,商用,48836.14,品牌D,44.85,96.03,0.094163,0.127083,6.59,0.106362,0,61.7,6534.74,0,1,6966.8,7869.05
899,0,16-OCT-22,16-OCT-23,2022,1202,225644.96,4405.61,5000000899,2022,4,4,皮卡,4000.0,宝马,自用货物,0.0,品牌C,73.85,10.13,0.093073,0.264029,0.18,0.14559,0,0.0,0.0,0,1,0.0,1034.82
900,0,04-FEB-23,04-FEB-24,2023,1205,360983.97,7089.13,5000000900,2019,7,0,轿车,2700.0,长安,公务,0.0,品牌B,70.97,0.0,0.158831,0.162843,2.21,0.023034,1,49.1,4666.3,0,1,0.0,1697.06
901,1,12-MAR-24,12-MAR-25,2024,1202,50743.57,476.98,5000000901,2020,4,0,SUV,1800.0,大众,租赁,0.0,品牌E,64.68,0.0,0.079203,0.240118,9.06,0.091084,1,70.18,5168.89,0,1,0.0,3623.8
902,0,18-APR-23,17-APR-24,2023,1202,419929.73,3870.65,5000000902,2015,5,0,MPV,3100.0,比亚迪,公务,0.0,品牌B,30.97,0.0,0.166918,0.159999,3.95,0.124758,0,0.0,0.0,1,1,0.0,1903.26
903,0,21-JUL-23,20-JUL-24,2023,1206,494432.01,13046.51,5000000903,2021,2,3,客车,3600.0,本田,公务,21782.23,品牌E,94.01,0.0,0.118844,0.286317,7.68,0.17823,1,38.75,6531.42,0,1,16694.89,6355.76
904,1,08-JUL-23,07-JUL-24,2023,1201,316306.8,9379.82,5000000904,2014,7,0,轿车,2200.0,比亚迪,自用货物,0.0,品牌A,38.82,0.0,0.176072,0.245438,3.92,0.06721,0,0.0,0.0,1,1,0.0,1194.46
905,1,18-MAR-23,17-MAR-24,2023,1203,141875.65,3760.44,5000000905,2019,3,16,货车,2100.0,奔驰,自用货物,12141.9,品牌C,79.13,81.9,0.164371,0.035568,5.57,0.193181,1,61.24,3215.42,1,1,12949.31,3346.63
906,0,16-FEB-23,16-FEB-24,2023,1202,407379.55,10786.02,5000000906,2019,7,0,轿车,2900.0,比亚迪,租赁,0.0,品牌E,39.71,0.0,0.000496,0.028262,0.67,0.049132,1,31.03,5949.39,1,1,0.0,2986.01
907,1,10-NOV-23,09-NOV-24,2023,1204,492417.86,10146.89,5000000907,2020,5,0,MPV,1700.0,奔驰,公务,39910.5,品牌B,50.97,0.0,0.17606,0.160449,8.72,0.129704,1,73.3,4521.41,1,1,1449.94,2653.81
908,1,28-MAR-23,27-MAR-24,2023,1203,440347.14,8456.61,5000000908,2016,5,0,轿车,3400.0,宝马,商用,0.0,品牌D,94.62,62.4,0.183548,0.130347,6.8,0.165108,0,0.0,0.0,1,1,0.0,2358.16
909,0,18-JUN-23,17-JUN-24,2023,1202,378790.41,5339.23,5000000909,2021,7,0,MPV,3300.0,吉利,家用,0.0,品牌D,98.99,35.65,0.157295,0.299353,1.34,0.038569,1,86.29,1856.36,0,1,0.0,2602.05
910,1,10-NOV-23,09-NOV-24,2023,1205,285655.53,3778.93,5000000910,2015,3,17,货车,4900.0,丰田,租赁,10678.35,品牌E,78.27,0.0,0.196506,0.29788,1.91,0.150797,1,45.9,3932.17,0,1,840.54,6154.69
911,1,18-APR-23,17-APR-24,2023,1204,243576.7,4310.66,5000000911,2022,7,0,MPV,2700.0,长安,租赁,38357.39,品牌C,73.66,55.14,0.138542,0.063346,6.33,0.087492,0,71.97,3885.45,0,1,13181.16,5428.08
912,1,12-SEP-22,12-SEP-23,2022,1206,387266.51,6295.81,5000000912,2020,5,0,轿车,3100.0,奥迪,家用,0.0,品牌D,81.9,12.13,0.161606,0.06431,1.0,0.020943,1,86.21,5675.01,0,1,0.0,1999.03
913,0,10-OCT-22,10-OCT-23,2022,1203,85456.61,2471.74,5000000913,2014,7,0,SUV,2400.0,奥迪,公务,0.0,品牌B,84.76,0.0,0.097842,0.081164,7.13,0.115438,0,0.0,0.0,0,1,0.0,1762.68
914,0,31-DEC-22,31-DEC-23,2022,1206,322070.35,3033.71,5000000914,2020,3,10,货车,5200.0,吉利,公务,45860.56,品牌C,44.39,49.92,0.096966,0.062862,3.15,0.197744,0,0.0,0.0,0,1,10231.81,5132.46
915,1,20-MAY-23,19-MAY-24,2023,1203,304215.83,2660.38,5000000915,2016,4,17,货车,2500.0,丰田,自用货物,0.0,品牌A,55.67,0.0,0.186044,0.179767,9.77,0.022096,0,0.0,0.0,0,1,0.0,2408.11
916,1,06-OCT-22,06-OCT-23,2022,1202,50174.24,823.32,5000000916,2015,2,13,货车,4500.0,奔驰,自用货物,0.0,品牌E,88.92,0.0,0.155262,0.126128,5.82,0.122358,0,55.58,4986.19,0,1,0.0,2568.55
917,1,18-SEP-23,17-SEP-24,2023,1206,186661.84,4974.28,5000000917,2017,4,19,客车,4300.0,长安,租赁,22420.2,品牌C,33.67,91.47,0.00231,0.121249,4.45,0.1731,0,0.0,0.0,1,1,14996.88,8744.46
918,0,17-MAR-24,17-MAR-25,2024,1201,68310.37,1971.06,5000000918,2015,3,19,货车,4700.0,比亚迪,商用,0.0,品牌D,39.87,67.77,0.036799,0.182966,3.32,0.041831,0,48.68,2581.7,1,1,0.0,3468.52
919,0,24-OCT-23,23-OCT-24,2023,1202,181527.89,4351.62,5000000919,2015,2,20,皮卡,4700.0,比亚迪,商用,30024.71,品牌C,40.47,24.11,0.106802,0.134473,8.7,0.053473,1,39.5,5487.7,0,1,14846.63,1243.47
920,1,17-AUG-22,17-AUG-23,2022,1205,93031.04,1220.6,5000000920,2021,5,0,轿车,2300.0,长安,公务,0.0,品牌B,88.86,0.0,0.134846,0.271136,1.92,0.116991,0,0.0,0.0,0,1,0.0,1553.9
921,0,01-JAN-24,31-DEC-24,2024,1201,375473.91,3419.12,5000000921,2014,4,10,客车,3600.0,长安,公务,0.0,品牌B,56.97,0.0,0.098603,0.28106,7.33,0.199511,0,0.0,0.0,0,1,0.0,3002.72
922,1,03-NOV-22,03-NOV-23,2022,1203,69333.04,1009.97,5000000922,2016,2,11,客车,2900.0,丰田,租赁,42784.13,品牌B,45.65,0.0,0.142067,0.27794,4.34,0.051722,0,0.0,0.0,1,1,4347.25,7914.88
923,1,12-JAN-24,11-JAN-25,2024,1206,415241.28,2362.1,5000000923,2021,4,0,MPV,2200.0,丰田,商用,0.0,品牌D,55.09,16.91,0.073573,0.025671,7.52,0.127899,0,30.96,4135.93,1,1,0.0,3066.79
924,0,08-DEC-23,07-DEC-24,2023,1205,316289.92,9025.03,5000000924,2020,4,7,皮卡,4600.0,比亚迪,自用货物,41382.65,品牌A,76.95,0.0,0.039021,0.200246,4.94,0.136062,0,0.0,0.0,1,1,3394.26,1304.94
925,0,05-MAY-24,05-MAY-25,2024,1203,162702.64,2248.65,5000000925,2014,3,17,皮卡,2400.0,丰田,家用,0.0,品牌B,64.45,0.0,0.040857,0.027146,9.48,0.01265,0,0.0,0.0,1,1,0.0,604.59
926,1,22-APR-24,22-APR-25,2024,1204,416399.69,9241.78,5000000926,2016,4,10,客车,5300.0,长安,租赁,0.0,品牌B,76.31,0.0,0.088977,0.079625,4.42,0.123252,0,0.0,0.0,1,1,0.0,6487.19
927,0,28-JUL-23,27-JUL-24,2023,1203,367487.33,4648.48,5000000927,2014,4,0,轿车,2600.0,比亚迪,自用货物,28738.74,品牌B,53.56,0.0,0.069071,0.289131,0.3,0.024254,0,86.29,6040.67,1,1,16660.75,1706.07
928,0,26-SEP-23,25-SEP-24,2023,1203,315603.0,3960.82,5000000928,2014,5,0,MPV,2700.0,奔驰,商用,0.0,品牌C,59.31,29.85,0.152588,0.284923,1.79,0.05356,0,88.8,4531.58,0,1,0.0,2288.26
929,1,07-AUG-22,07-AUG-23,2022,1202,319189.99,9509.93,5000000929,2021,7,0,SUV,1300.0,宝马,商用,43555.36,品牌B,92.74,0.0,0.056654,0.075109,9.45,0.190741,0,0.0,0.0,0,1,19927.44,4508.05
930,1,30-DEC-22,30-DEC-23,2022,1206,405619.77,2987.81,5000000930,2019,4,19,皮卡,3800.0,奔驰,家用,0.0,品牌C,56.86,36.15,0.139245,0.2358,0.17,0.034737,0,0.0,0.0,1,1,0.0,1099.48
931,1,19-AUG-22,19-AUG-23,2022,1203,477640.09,6010.47,5000000931,2012,4,10,客车,3300.0,吉利,自用货物,0.0,品牌A,35.77,0.0,0.100363,0.21248,5.08,0.195568,0,0.0,0.0,1,1,0.0,3060.51
932,1,28-MAY-22,28-MAY-23,2022,1204,157791.63,1251.4,5000000932,2019,5,0,轿车,3200.0,宝马,租赁,0.0,品牌E,75.77,0.0,0.120586,0.08289,7.58,0.068274,1,39.35,6119.95,0,1,0.0,3040.09
933,0,05-JAN-23,05-JAN-24,2023,1205,325566.44,9221.57,5000000933,2023,5,0,SUV,1900.0,奔驰,公务,29437.85,品牌A,85.11,0.0,0.005938,0.247218,8.9,0.035407,0,0.0,0.0,0,1,2226.94,3620.63
934,0,07-OCT-22,07-OCT-23,2022,1206,402648.31,2307.08,5000000934,2016,3,5,客车,2600.0,宝马,家用,5713.34,品牌D,41.59,10.1,0.113614,0.092192,7.84,0.161961,0,71.13,2073.54,0,1,6498.34,4722.97
935,0,12-NOV-23,11-NOV-24,2023,1203,103510.03,2067.17,5000000935,2016,2,11,货车,2900.0,比亚迪,商用,0.0,品牌E,86.89,0.0,0.151299,0.265269,5.97,0.026015,1,59.92,4636.61,0,1,0.0,3428.9
936,1,26-FEB-23,26-FEB-24,2023,1205,62256.97,500.88,5000000936,2018,2,12,客车,3700.0,丰田,家用,49458.38,品牌D,88.75,74.4,0.089337,0.298667,8.75,0.14538,0,48.86,6694.71,1,1,17598.88,4861.75
937,1,03-MAY-24,03-MAY-25,2024,1201,196123.29,4748.02,5000000937,2024,3,15,皮卡,5100.0,丰田,公务,19527.3,品牌C,47.84,93.3,0.111749,0.11436,5.26,0.107612,0,0.0,0.0,0,1,10908.1,1300.22
938,1,28-SEP-22,28-SEP-23,2022,1204,404378.65,3442.46,5000000938,2020,4,14,皮卡,2100.0,比亚迪,商用,32434.62,品牌A,42.43,0.0,0.024111,0.002307,9.86,0.125179,0,0.0,0.0,0,1,12365.32,1995.02
939,0,03-DEC-22,03-DEC-23,2022,1202,435266.38,8525.32,5000000939,2014,4,0,MPV,1500.0,丰田,家用,0.0,品牌A,76.12,0.0,0.154491,0.185388,6.04,0.19434,1,74.66,5953.47,1,1,0.0,1522.76
940,0,24-JAN-24,23-JAN-25,2024,1204,313904.6,6153.81,5000000940,2016,3,10,客车,3600.0,比亚迪,家用,0.0,品牌E,38.3,0.0,0.050847,0.218134,2.59,0.164011,0,52.84,6792.75,0,1,0.0,3331.37
941,0,14-NOV-23,13-NOV-24,2023,1206,245222.16,4541.16,5000000941,2019,4,0,轿车,2800.0,奥迪,商用,11826.04,品牌E,74.16,0.0,0.153406,0.011949,6.29,0.175864,0,0.0,0.0,1,1,3895.09,3022.31
942,0,30-DEC-23,29-DEC-24,2023,1206,303740.46,5795.34,5000000942,2016,4,0,SUV,2200.0,奔驰,租赁,0.0,品牌A,55.16,0.0,0.135114,0.228534,9.79,0.152465,1,36.23,2973.3,1,1,0.0,3496.15
943,0,05-MAR-23,04-MAR-24,2023,1201,262681.83,2958.9,5000000943,2021,3,18,客车,5200.0,长安,租赁,0.0,品牌D,71.75,86.08,0.003494,0.144422,1.75,0.192968,0,83.72,5897.45,1,1,0.0,9133.72
944,0,05-MAR-23,04-MAR-24,2023,1203,71636.13,2078.93,5000000944,2022,4,8,货车,4400.0,奥迪,公务,0.0,品牌D,67.01,85.96,0.105223,0.001414,0.67,0.108278,0,0.0,0.0,0,1,0.0,3678.05
945,0,23-DEC-22,23-DEC-23,2022,1203,496670.88,12988.4,5000000945,2016,2,14,客车,3900.0,大众,自用货物,0.0,品牌D,37.43,62.16,0.175857,0.181581,5.27,0.075326,0,0.0,0.0,0,1,0.0,4009.73
946,1,14-NOV-23,13-NOV-24,2023,1203,382052.45,6458.96,5000000946,2017,4,0,SUV,2500.0,吉利,商用,0.0,品牌C,41.37,37.51,0.076282,0.247056,4.74,0.181696,1,83.55,6487.25,0,1,0.0,3371.08
947,1,25-AUG-22,25-AUG-23,2022,1203,446846.35,5103.27,5000000947,2015,7,0,轿车,1600.0,本田,公务,0.0,品牌C,31.71,80.7,0.006659,0.28807,8.15,0.045771,0,87.46,4350.76,0,1,0.0,1330.03
948,1,02-MAY-23,01-MAY-24,2023,1205,374872.93,2547.5,5000000948,2013,4,0,轿车,2300.0,别克,自用货物,3590.63,品牌A,68.65,0.0,0.150315,0.155659,5.62,0.126124,1,41.44,5147.78,0,1,7251.59,1569.22
949,0,24-DEC-22,24-DEC-23,2022,1203,157087.14,1354.64,5000000949,2021,5,0,轿车,3100.0,大众,家用,0.0,品牌C,48.97,12.1,0.061437,0.128064,2.5,0.140513,0,0.0,0.0,0,1,0.0,1854.24
950,0,07-OCT-23,06-OCT-24,2023,1202,76331.69,426.15,5000000950,2021,7,0,MPV,1200.0,本田,家用,0.0,品牌C,40.59,83.14,0.175376,0.146012,1.93,0.163021,0,82.0,4935.71,0,1,0.0,1537.85
951,0,12-APR-23,11-APR-24,2023,1205,53366.95,1586.15,5000000951,2022,7,0,SUV,2000.0,奔驰,租赁,26528.93,品牌E,40.46,0.0,0.142302,0.256004,3.27,0.007,1,71.57,6100.97,0,1,12134.9,5820.36
952,0,01-AUG-22,01-AUG-23,2022,1206,152170.1,1414.28,5000000952,2020,3,2,皮卡,3800.0,奔驰,公务,0.0,品牌E,46.54,0.0,0.179931,0.077887,8.14,0.150889,0,0.0,0.0,0,1,0.0,880.43
953,0,01-NOV-22,01-NOV-23,2022,1204,158935.47,1611.23,5000000953,2016,3,14,货车,2200.0,丰田,家用,0.0,品牌C,46.61,52.78,0.056173,0.276383,4.33,0.196355,0,0.0,0.0,0,1,0.0,2335.45
954,0,15-JUL-23,14-JUL-24,2023,1202,380350.04,3771.12,5000000954,2022,5,0,轿车,3100.0,丰田,自用货物,0.0,品牌C,67.02,64.51,0.110563,0.231363,9.24,0.037263,0,0.0,0.0,0,1,0.0,2081.97
955,1,09-OCT-23,08-OCT-24,2023,1206,344019.48,5184.23,5000000955,2013,7,0,轿车,1900.0,宝马,自用货物,0.0,品牌C,67.34,74.39,0.18721,0.034571,2.78,0.046748,1,70.84,2343.18,0,1,0.0,1114.25
956,1,28-JAN-24,27-JAN-25,2024,1203,470061.36,6814.47,5000000956,2021,7,0,SUV,1300.0,比亚迪,商用,0.0,品牌A,43.18,0.0,0.152579,0.296413,2.45,0.068032,0,36.48,2521.41,0,1,0.0,3293.17
957,0,17-MAR-23,16-MAR-24,2023,1202,252451.95,1967.88,5000000957,2017,4,0,轿车,3400.0,本田,租赁,0.0,品牌C,85.98,61.37,0.035071,0.288774,7.35,0.006472,1,87.15,3316.63,0,1,0.0,2723.92
958,0,04-APR-23,03-APR-24,2023,1203,326413.67,7779.77,5000000958,2018,2,12,货车,4600.0,丰田,家用,47028.66,品牌C,63.61,10.1,0.036691,0.10674,6.46,0.13605,0,0.0,0.0,1,1,10904.63,4171.95
959,0,07-AUG-23,06-AUG-24,2023,1201,215372.31,5926.71,5000000959,2014,2,19,客车,2400.0,大众,自用货物,0.0,品牌E,84.07,0.0,0.162903,0.173217,9.47,0.011275,0,0.0,0.0,1,1,0.0,2830.96
960,1,16-MAY-24,16-MAY-25,2024,1201,94123.36,1084.2,5000000960,2018,4,13,货车,2700.0,奔驰,家用,0.0,品牌B,36.83,0.0,0.004321,0.187621,5.48,0.057866,1,46.1,2547.48,0,1,0.0,2381.37
961,1,24-JAN-23,24-JAN-24,2023,1202,407917.67,7658.81,5000000961,2022,7,0,MPV,2800.0,丰田,自用货物,2535.33,品牌E,50.83,0.0,0.032473,0.249163,9.26,0.121396,0,68.45,3979.29,1,1,14313.78,3321.94
962,1,08-SEP-23,07-SEP-24,2023,1203,487589.22,2840.81,5000000962,2016,7,0,SUV,2900.0,丰田,家用,0.0,品牌D,69.26,44.4,0.113079,0.187636,9.18,0.050016,0,0.0,0.0,1,1,0.0,2454.65
963,1,10-JAN-24,09-JAN-25,2024,1202,169094.03,3392.75,5000000963,2020,4,11,客车,3700.0,吉利,租赁,16875.43,品牌E,75.58,0.0,0.141674,0.215532,0.94,0.069017,1,52.25,2650.94,1,1,9715.96,9561.06
964,1,20-MAY-22,20-MAY-23,2022,1202,340796.55,3403.97,5000000964,2020,4,7,客车,5800.0,吉利,商用,4444.7,品牌C,77.34,37.88,0.087286,0.074796,1.41,0.087532,0,0.0,0.0,0,1,10298.1,10269.38
965,0,29-OCT-23,28-OCT-24,2023,1205,238118.33,6837.4,5000000965,2020,4,13,货车,5400.0,奥迪,公务,0.0,品牌E,50.19,0.0,0.043687,0.222574,3.35,0.190723,0,61.14,4155.54,1,1,0.0,3728.04
966,0,15-JUL-22,15-JUL-23,2022,1201,171508.56,4237.52,5000000966,2018,4,3,皮卡,3200.0,奔驰,租赁,43151.85,品牌B,79.48,0.0,0.180521,0.063498,5.02,0.171484,0,72.53,4715.78,1,1,14645.98,1802.61
967,1,05-FEB-23,05-FEB-24,2023,1201,349616.6,4255.45,5000000967,2023,3,5,客车,2100.0,大众,商用,0.0,品牌B,68.53,0.0,0.167333,0.062584,3.16,0.045472,0,0.0,0.0,0,1,0.0,7204.38
968,0,28-MAY-23,27-MAY-24,2023,1204,321681.81,1701.0,5000000968,2013,4,16,皮卡,5300.0,比亚迪,商用,0.0,品牌E,57.04,0.0,0.087441,0.04848,1.63,0.014662,0,0.0,0.0,1,1,0.0,1003.85
969,0,06-JAN-24,05-JAN-25,2024,1205,259793.78,2612.28,5000000969,2022,4,0,轿车,1700.0,长安,家用,0.0,品牌D,67.27,83.41,0.087867,0.021733,9.51,0.049181,0,58.93,3344.19,0,1,0.0,1479.6
970,1,20-JUL-23,19-JUL-24,2023,1205,83122.74,2379.62,5000000970,2019,4,0,轿车,3300.0,大众,自用货物,0.0,品牌B,36.11,0.0,0.062339,0.140731,3.28,0.140002,0,0.0,0.0,0,1,0.0,1562.2
971,1,21-OCT-22,21-OCT-23,2022,1201,128835.38,836.7,5000000971,2012,2,17,货车,2300.0,吉利,租赁,0.0,品牌C,84.15,62.93,0.147339,0.004044,6.15,0.042092,0,58.75,3219.49,1,1,0.0,3198.56
972,1,04-FEB-24,03-FEB-25,2024,1205,422530.78,6165.56,5000000972,2022,3,16,皮卡,2400.0,别克,家用,0.0,品牌C,94.54,79.17,0.020584,0.077405,3.04,0.122084,0,0.0,0.0,1,1,0.0,1156.2
973,0,18-JAN-24,17-JAN-25,2024,1203,209564.2,3655.91,5000000973,2014,3,18,货车,2800.0,宝马,商用,18185.21,品牌B,97.9,0.0,0.121713,0.053812,2.62,0.153984,0,80.48,6664.9,0,1,12935.78,3737.29
974,0,16-SEP-23,15-SEP-24,2023,1203,221331.52,3391.42,5000000974,2018,3,1,皮卡,2700.0,本田,家用,0.0,品牌D,38.49,67.89,0.149556,0.136105,5.73,0.166568,0,57.3,2056.48,1,1,0.0,834.75
975,0,02-DEC-22,02-DEC-23,2022,1202,294538.91,2655.27,5000000975,2021,4,17,皮卡,3200.0,别克,租赁,0.0,品牌A,96.07,0.0,0.149544,0.117157,9.02,0.028335,0,0.0,0.0,1,1,0.0,1750.87
976,0,04-MAY-23,03-MAY-24,2023,1203,291932.71,2220.43,5000000976,2020,5,0,轿车,3500.0,大众,商用,23250.75,品牌B,56.35,0.0,0.153498,0.115711,9.09,0.098248,0,0.0,0.0,1,1,5849.28,3619.41
977,0,19-APR-24,19-APR-25,2024,1204,497838.89,14837.97,5000000977,2014,7,0,轿车,1600.0,丰田,租赁,0.0,品牌D,91.17,85.48,0.055638,0.052696,6.2,0.010415,1,55.12,2226.82,0,1,0.0,1827.98
978,0,31-JUL-23,30-JUL-24,2023,1205,135729.19,797.17,5000000978,2023,7,0,轿车,2100.0,丰田,商用,0.0,品牌B,82.37,0.0,0.140663,0.083202,1.37,0.146108,0,0.0,0.0,1,1,0.0,2423.58
979,1,15-JUL-23,14-JUL-24,2023,1202,149986.59,881.97,5000000979,2015,4,0,轿车,1400.0,丰田,家用,0.0,品牌D,60.35,63.61,0.033096,0.238194,4.54,0.068834,0,30.67,6971.85,0,1,0.0,932.69
980,0,28-JAN-24,27-JAN-25,2024,1205,93449.4,2190.81,5000000980,2023,2,18,皮卡,2600.0,大众,公务,0.0,品牌B,52.94,0.0,0.036434,0.233857,8.1,0.072801,0,72.26,6583.17,1,1,0.0,860.32
981,0,11-SEP-22,11-SEP-23,2022,1201,363837.04,7283.31,5000000981,2018,2,7,客车,3600.0,本田,家用,0.0,品牌B,60.29,0.0,0.105177,0.02634,9.13,0.181842,0,80.47,3300.83,1,1,0.0,4280.71
982,0,28-JAN-24,27-JAN-25,2024,1202,315450.13,6268.42,5000000982,2016,3,20,货车,3700.0,别克,家用,28409.23,品牌C,88.17,78.12,0.130605,0.257465,2.93,0.154468,0,0.0,0.0,1,1,6476.13,3258.99
983,1,06-DEC-23,05-DEC-24,2023,1201,289947.4,6960.03,5000000983,2013,3,13,货车,3400.0,别克,租赁,0.0,品牌E,39.35,0.0,0.198154,0.125066,0.73,0.058284,0,0.0,0.0,0,1,0.0,3707.16
984,0,24-MAY-22,24-MAY-23,2022,1206,247495.34,3955.04,5000000984,2013,5,0,轿车,1200.0,丰田,商用,29437.0,品牌C,69.1,77.59,0.160566,0.057155,0.13,0.06895,0,0.0,0.0,0,1,1236.9,1700.98
985,1,19-NOV-23,18-NOV-24,2023,1203,231612.35,1735.89,5000000985,2023,4,0,SUV,1700.0,吉利,公务,0.0,品牌A,89.71,0.0,0.083159,0.26291,0.87,0.173907,0,0.0,0.0,0,1,0.0,2601.28
986,0,21-FEB-23,21-FEB-24,2023,1205,418977.09,6436.24,5000000986,2018,5,0,MPV,1700.0,吉利,公务,0.0,品牌C,38.12,56.95,0.039888,0.000198,7.23,0.042203,0,0.0,0.0,1,1,0.0,1798.98
987,1,25-OCT-23,24-OCT-24,2023,1203,140523.4,3097.28,5000000987,2015,4,1,皮卡,2200.0,别克,家用,0.0,品牌E,73.09,0.0,0.073616,0.231272,9.26,0.039303,0,44.69,4122.07,0,1,0.0,645.83
988,0,16-OCT-23,15-OCT-24,2023,1205,126890.83,1367.99,5000000988,2023,4,2,客车,5700.0,长安,自用货物,1578.2,品牌A,81.97,0.0,0.071557,0.097468,9.37,0.157866,1,82.02,6450.06,1,1,15131.85,7327.84
989,1,18-FEB-23,18-FEB-24,2023,1203,174780.94,4493.44,5000000989,2013,3,3,货车,2500.0,别克,商用,0.0,品牌B,88.93,0.0,0.001363,0.158326,1.34,0.044062,0,84.72,3429.39,0,1,0.0,2774.54
990,0,09-JUL-22,09-JUL-23,2022,1201,207262.18,4523.3,5000000990,2022,4,18,货车,3000.0,丰田,自用货物,0.0,品牌C,40.79,32.62,0.12245,0.140196,2.44,0.050337,1,59.95,5925.53,1,1,0.0,3567.21
991,1,05-FEB-24,04-FEB-25,2024,1203,71626.02,1856.43,5000000991,2016,3,13,皮卡,4100.0,宝马,自用货物,0.0,品牌C,54.47,82.02,0.170979,0.165288,8.85,0.068613,0,30.35,5385.43,1,1,0.0,575.56
992,1,29-JUN-23,28-JUN-24,2023,1206,176886.35,2168.07,5000000992,2014,5,0,SUV,1800.0,本田,商用,0.0,品牌A,83.86,0.0,0.161036,0.009455,0.55,0.120593,0,0.0,0.0,1,1,0.0,2304.85
993,0,18-JUL-22,18-JUL-23,2022,1206,193728.94,3250.28,5000000993,2022,4,0,MPV,1800.0,别克,商用,0.0,品牌E,73.83,0.0,0.046219,0.232644,5.35,0.136759,0,0.0,0.0,1,1,0.0,3079.44
994,0,24-JAN-24,23-JAN-25,2024,1201,442027.41,8762.1,5000000994,2017,3,12,客车,2600.0,别克,公务,0.0,品牌D,53.26,91.25,0.15165,0.183201,7.35,0.160608,0,55.76,2268.38,0,1,0.0,3482.45
995,1,04-JUN-23,03-JUN-24,2023,1204,457857.9,4251.02,5000000995,2019,7,0,SUV,2100.0,奥迪,家用,0.0,品牌C,42.81,45.27,0.120197,0.211288,6.59,0.008783,0,61.33,5865.1,1,1,0.0,2514.83
996,0,01-JUL-23,30-JUN-24,2023,1205,53155.31,1430.69,5000000996,2017,5,0,轿车,2900.0,比亚迪,商用,42579.26,品牌E,32.82,0.0,0.059699,0.24794,0.97,0.117847,0,0.0,0.0,0,1,7674.66,2491.28
997,1,10-AUG-23,09-AUG-24,2023,1202,294255.51,6964.98,5000000997,2017,4,10,货车,5000.0,宝马,自用货物,0.0,品牌A,63.79,0.0,0.067549,0.096193,1.72,0.094583,0,0.0,0.0,1,1,0.0,3100.83
998,1,08-APR-23,07-APR-24,2023,1206,478293.17,10555.33,5000000998,2020,4,2,货车,4200.0,宝马,公务,0.0,品牌E,37.53,0.0,0.190019,0.035564,0.22,0.121826,1,73.2,5740.42,1,1,0.0,3648.82
999,0,05-MAR-23,04-MAR-24,2023,1204,331614.45,3209.7,5000000999,2017,7,0,MPV,3100.0,奥迪,自用货物,0.0,品牌A,33.39,0.0,0.181775,0.293162,8.41,0.030949,0,0.0,0.0,0,1,0.0,2021.01
