,SEX,INSR_TYPE,INSURED_VALUE,OBJECT_ID,PROD_YEAR,SEATS_NUM,CARRYING_CAPACITY,CCM_TON,CLAIM_PAID,average_speed,avg_daily_charges,fatigue_driving_ratio,late_night_trip_ratio,avg_late_night_trip_mileage,high_temp_driving_ratio,battery_type_lfp,initial_battery_soc,avg_charge_duration,insurance_commercial_third_party,insurance_compulsory_third_party,average_loss,INSR_BEGIN_YEAR,INSR_BEGIN_MONTH,INSR_BEGIN_DAY,INSR_END_YEAR,INSR_END_MONTH,INSR_END_DAY,INSURANCE_DURATION_DAYS,EFFECTIVE_YR_2022,EFFECTIVE_YR_2023,EFFECTIVE_YR_2024,TYPE_VEHICLE_MPV,TYPE_VEHICLE_SUV,TYPE_VEHICLE_客车,TYPE_VEHICLE_皮卡,TYPE_VEHICLE_货车,TYPE_VEHICLE_轿车,MAKE_丰田,MAKE_别克,MAKE_吉利,MAKE_大众,MAKE_奔驰,MAKE_奥迪,MAKE_宝马,MAKE_本田,MAKE_比亚迪,MAKE_长安,USAGE_公务,USAGE_商用,USAGE_家用,USAGE_租赁,USAGE_自用货物,brand_品牌A,brand_品牌B,brand_品牌C,brand_品牌D,brand_品牌E,predicted_premium,PREMIUM
521,1.0304638130973318,-0.8339985968195314,-0.672865094773487,0.0815028026629252,1.584949903035244,-0.7170411817390508,1.1744219196807577,1.4945287339036923,-0.4921642290910192,-1.4921531524112845,-0.723725957824542,0.29878999231090936,0.782437897800866,0.15183782676772184,-1.59713662082015,1.7320508075688774,0.6360983172266893,0.8784765634823098,-0.9704367948586523,0.0,-0.510895987437489,0.21112427716888763,-0.18027018142348752,1.1311181160025554,0.2154613006269889,-0.18347841604670065,0.995727022243862,0.0,-0.6919126161531287,1.0025031328271852,-0.4645486746559718,-0.4404881959216032,-0.41388775612546336,-0.4823542675723938,-0.43440451290484433,2.190228629452953,-0.45457287727508316,-0.3447914135838056,-0.36268681476051967,-0.3239944068816741,-0.33333333333333337,-0.3096617686426661,3.2293298729878037,-0.2998637292684633,-0.3626868147605197,-0.3692744729379982,-0.312079621228754,-0.4665361852810134,2.015760685012114,-0.5136370944265338,-0.5194624816493197,-0.503903259860269,-0.4665361852810134,2.0902458029568014,-0.49217479094801325,-0.5349519917156254,-0.5272146351966106,3307.8798449481633,4682.78
737,1.0304638130973318,0.9202491090235018,-1.2019276603346125,0.8280537799350607,0.3448912991934773,-0.08319262329569078,-0.3500589106690819,-0.448562644765868,-0.4921642290910192,-0.8890341490976689,0.3988237236413372,1.7419575590285437,-1.3096423031921596,-1.7561806212610165,-0.6679779508776831,-0.5773502691896258,-0.9728348501928482,-0.9348700291609396,1.0304638130973318,0.0,-0.510895987437489,1.6547090783235852,-1.0760226357016867,-1.4139699486413944,1.6639406325725128,-1.0803179242179468,-1.4171121489225713,0.0,-0.6919126161531287,-0.9975031172021119,2.1526269572086583,-0.4404881959216032,-0.41388775612546336,2.0731650308243945,-0.43440451290484433,-0.4565733396744826,-0.45457287727508316,-0.3447914135838056,-0.36268681476051967,-0.3239944068816741,-0.33333333333333337,-0.3096617686426661,-0.3096617686426661,-0.2998637292684633,2.757199763824596,-0.3692744729379982,-0.312079621228754,-0.4665361852810134,-0.4960906358752555,-0.5136370944265338,1.925066843759244,-0.503903259860269,-0.4665361852810134,-0.47841263385647226,2.031798495964875,-0.5349519917156254,-0.5272146351966106,2066.950180866442,1083.97
740,1.0304638130973318,-0.24924936153852034,0.6035252132922467,0.8384225435082848,0.3448912991934773,0.5506559351476693,-0.8074031597740338,-1.4589701616740394,1.09408252909543,-0.9813899355610907,-0.723725957824542,-0.08793095999153194,0.0700293115426253,-0.7088444079408939,0.9154184942542599,1.7320508075688774,-0.02376562686289356,1.5979194825966652,-0.9704367948586523,0.0,-0.40705069783297904,-1.2324605239858097,1.014066424280778,1.3624897582429145,-1.233018031318535,1.0123075948482942,1.3404183324104952,0.0,1.4452692098024813,-0.9975031172021119,-0.4645486746559718,-0.4404881959216032,-0.41388775612546336,-0.4823542675723938,-0.43440451290484433,-0.4565733396744826,2.199867281995475,-0.3447914135838056,-0.36268681476051967,3.086473033978053,-0.33333333333333337,-0.3096617686426661,-0.3096617686426661,-0.2998637292684633,-0.3626868147605197,-0.3692744729379982,-0.312079621228754,2.1434564596477332,-0.4960906358752555,-0.5136370944265338,-0.5194624816493197,-0.503903259860269,-0.4665361852810134,2.0902458029568014,-0.49217479094801325,-0.5349519917156254,-0.5272146351966106,6000.410277267452,9209.0
660,1.0304638130973318,0.33549987374249074,-0.14731400233075054,0.561922181555642,-0.5851526536878479,0.5506559351476693,-0.8074031597740338,-0.059944369031955935,-0.4921642290910192,1.4346578484405759,-0.723725957824542,-0.13632601347980974,0.9407394616134184,-1.7181585145068206,-0.7674895115308458,-0.5773502691896258,-0.9728348501928482,-0.9348700291609396,-0.9704367948586523,0.0,-0.510895987437489,0.21112427716888763,1.014066424280778,0.4370031892814782,0.2154613006269889,1.0123075948482942,0.30634440191059537,0.0,-0.6919126161531287,1.0025031328271852,-0.4645486746559718,2.2702083943651856,-0.41388775612546336,-0.4823542675723938,-0.43440451290484433,-0.4565733396744826,-0.45457287727508316,-0.3447914135838056,-0.36268681476051967,3.086473033978053,-0.33333333333333337,-0.3096617686426661,-0.3096617686426661,-0.2998637292684633,-0.3626868147605197,-0.3692744729379982,-0.312079621228754,-0.4665361852810134,-0.4960906358752555,-0.5136370944265338,-0.5194624816493197,1.984507899943528,-0.4665361852810134,-0.47841263385647226,-0.49217479094801325,-0.5349519917156254,1.8967606990406793,3741.550043535747,6931.49
411,1.0304638130973318,-1.4187478321005424,-1.3690891430799943,-0.2986851950219586,-1.205181955608731,-0.08319262329569078,1.9366623348556775,0.8727394927294331,-0.4921642290910192,-0.5323673273411401,-0.723725957824542,1.6155995334296551,-1.0217119314989471,-0.02444648636536803,0.42953859449406306,-0.5773502691896258,-0.9728348501928482,-0.9348700291609396,-0.9704367948586523,0.0,-0.510895987437489,0.21112427716888763,1.6112347271329108,0.4370031892814782,0.2154613006269889,1.6102006002957916,0.30634440191059537,0.0,-0.6919126161531287,1.0025031328271852,-0.4645486746559718,-0.4404881959216032,-0.41388775612546336,-0.4823542675723938,-0.43440451290484433,2.190228629452953,-0.45457287727508316,-0.3447914135838056,-0.36268681476051967,3.086473033978053,-0.33333333333333337,-0.3096617686426661,-0.3096617686426661,-0.2998637292684633,-0.3626868147605197,-0.3692744729379982,-0.312079621228754,-0.4665361852810134,-0.4960906358752555,-0.5136370944265338,1.925066843759244,-0.503903259860269,2.1434564596477332,-0.47841263385647226,-0.49217479094801325,-0.5349519917156254,-0.5272146351966106,1641.3494600415115,1445.75
678,1.0304638130973318,-0.8339985968195314,-1.0471068228593188,0.6241347629949866,-1.5151966065691729,-0.7170411817390508,-0.5025069937040658,0.9504631478762154,-0.4921642290910192,-0.9028109791225993,-0.723725957824542,-0.0788777625536594,1.328984385322444,-0.17999146854162393,0.3429776396431527,1.7320508075688774,1.3557557578680786,0.9856484227215555,1.0304638130973318,0.0,-0.510895987437489,-1.2324605239858097,0.11831397000257887,0.5526890104016577,-1.233018031318535,0.11546808667704807,0.5361386086883508,0.0,1.4452692098024813,-0.9975031172021119,-0.4645486746559718,-0.4404881959216032,-0.41388775612546336,-0.4823542675723938,2.302001867598112,-0.4565733396744826,-0.45457287727508316,2.9003042436755413,-0.36268681476051967,-0.3239944068816741,-0.33333333333333337,-0.3096617686426661,-0.3096617686426661,-0.2998637292684633,-0.3626868147605197,-0.3692744729379982,-0.312079621228754,-0.4665361852810134,-0.4960906358752555,-0.5136370944265338,1.925066843759244,-0.503903259860269,-0.4665361852810134,-0.47841263385647226,-0.49217479094801325,-0.5349519917156254,1.8967606990406793,1959.9661778657062,3479.68
626,1.0304638130973318,-0.24924936153852034,-1.6598435658874213,0.44440952772576886,-0.27513800272740613,-0.08319262329569078,2.0891104178906614,0.2509502515551737,-0.4921642290910192,0.27332210263533957,1.1350089209744139,-0.2609964527601823,-1.139885383433985,-1.299915340210666,-0.4676993259544063,-0.5773502691896258,-0.9728348501928482,-0.9348700291609396,-0.9704367948586523,0.0,-0.510895987437489,0.21112427716888763,-1.374606787127753,-0.7198550219203173,0.2154613006269889,-1.3792644269416956,-0.7277295285893046,0.0,-0.6919126161531287,1.0025031328271852,-0.4645486746559718,-0.4404881959216032,-0.41388775612546336,2.0731650308243945,-0.43440451290484433,-0.4565733396744826,-0.45457287727508316,-0.3447914135838056,2.7571997638245955,-0.3239944068816741,-0.33333333333333337,-0.3096617686426661,-0.3096617686426661,-0.2998637292684633,-0.3626868147605197,-0.3692744729379982,-0.312079621228754,-0.4665361852810134,-0.4960906358752555,-0.5136370944265338,-0.5194624816493197,1.984507899943528,-0.4665361852810134,-0.47841263385647226,-0.49217479094801325,1.8693266227366232,-0.5272146351966106,1328.0828624949258,1290.72
513,1.0304638130973318,0.9202491090235018,-1.381554703326216,0.05385276646766093,1.584949903035244,-0.08319262329569078,-0.8074031597740338,-0.7594572653529976,2.299663652501443,-1.164570749596275,-0.723725957824542,-0.10204691638495254,-1.0835479428934154,-0.2975143439636838,0.7967132070734566,-0.5773502691896258,-0.9728348501928482,-0.9348700291609396,-0.9704367948586523,0.0,2.7696803460137613,0.21112427716888763,1.6112347271329108,0.2056315470411191,0.2154613006269889,1.6102006002957916,0.0765501951328398,0.0,-0.6919126161531287,1.0025031328271852,-0.4645486746559718,-0.4404881959216032,-0.41388775612546336,-0.4823542675723938,-0.43440451290484433,-0.4565733396744826,2.199867281995475,-0.3447914135838056,-0.36268681476051967,-0.3239944068816741,-0.33333333333333337,3.2293298729878037,-0.3096617686426661,-0.2998637292684633,-0.3626868147605197,-0.3692744729379982,-0.312079621228754,2.1434564596477332,-0.4960906358752555,-0.5136370944265338,-0.5194624816493197,-0.503903259860269,-0.4665361852810134,2.0902458029568014,-0.49217479094801325,-0.5349519917156254,-0.5272146351966106,1986.2009577933163,1877.13
859,-0.9704367948586523,0.9202491090235018,0.9014115654579592,1.2497168319128409,0.654905950153919,-1.350889740182411,1.0219738366457738,0.7172921824358682,-0.4921642290910192,-1.0222101726719952,1.5107538477422084,-0.07174067874826882,1.5158441515074323,1.0885642749847293,1.0614352847736777,-0.5773502691896258,-0.9728348501928482,-0.9348700291609396,1.0304638130973318,0.0,-0.510895987437489,1.6547090783235852,-0.7774384842756202,1.3624897582429145,1.6639406325725128,-0.7813714214941981,1.3404183324104952,0.0,-0.6919126161531287,-0.9975031172021119,2.1526269572086583,-0.4404881959216032,-0.41388775612546336,2.0731650308243945,-0.43440451290484433,-0.4565733396744826,-0.45457287727508316,-0.3447914135838056,-0.36268681476051967,3.086473033978053,-0.33333333333333337,-0.3096617686426661,-0.3096617686426661,-0.2998637292684633,-0.3626868147605197,-0.3692744729379982,-0.312079621228754,-0.4665361852810134,2.015760685012114,-0.5136370944265338,-0.5194624816493197,-0.503903259860269,-0.4665361852810134,-0.47841263385647226,-0.49217479094801325,1.8693266227366232,-0.5272146351966106,6246.362899080497,7655.69
136,-0.9704367948586523,0.33549987374249074,1.6425478198201686,-1.2491551892341681,0.9649206011143607,-0.08319262329569078,-0.8074031597740338,-0.3708389896190856,-0.4921642290910192,1.3009715719023631,-0.723725957824542,1.2968566675199378,-0.5875424858039224,-0.6155174186351403,1.2963864479404346,1.7320508075688774,1.7123812551592124,0.8076179918012097,-0.9704367948586523,0.0,-0.510895987437489,-1.2324605239858097,-0.18027018142348752,-1.298284127521215,-1.233018031318535,-0.18347841604670065,-1.3022150455336934,0.0,1.4452692098024813,-0.9975031172021119,-0.4645486746559718,-0.4404881959216032,2.4161139951597566,-0.4823542675723938,-0.43440451290484433,-0.4565733396744826,-0.45457287727508316,-0.3447914135838056,2.7571997638245955,-0.3239944068816741,-0.33333333333333337,-0.3096617686426661,-0.3096617686426661,-0.2998637292684633,-0.3626868147605197,-0.3692744729379982,-0.312079621228754,-0.4665361852810134,-0.4960906358752555,-0.5136370944265338,1.925066843759244,-0.503903259860269,-0.4665361852810134,-0.47841263385647226,-0.49217479094801325,-0.5349519917156254,1.8967606990406793,7568.967772341723,5807.8
811,1.0304638130973318,0.9202491090235018,0.4890660747568471,1.0838166147412553,1.584949903035244,0.5506559351476693,-0.8074031597740338,-0.3708389896190856,-0.4921642290910192,0.37588294837648767,1.4326688671171472,-0.6836313514035431,0.7799979069844487,1.5655688869919133,0.1130828883035699,-0.5773502691896258,0.3090644993515008,1.5589047490737866,1.0304638130973318,0.0,-0.510895987437489,0.21112427716888763,-1.374606787127753,-0.1414259163194195,0.2154613006269889,-1.3792644269416956,-0.15324401164491575,0.0,-0.6919126161531287,1.0025031328271852,-0.4645486746559718,2.2702083943651856,-0.41388775612546336,-0.4823542675723938,-0.43440451290484433,-0.4565733396744826,-0.45457287727508316,2.9003042436755413,-0.36268681476051967,-0.3239944068816741,-0.33333333333333337,-0.3096617686426661,-0.3096617686426661,-0.2998637292684633,-0.3626868147605197,-0.3692744729379982,-0.312079621228754,-0.4665361852810134,-0.4960906358752555,-0.5136370944265338,1.925066843759244,-0.503903259860269,-0.4665361852810134,-0.47841263385647226,2.031798495964875,-0.5349519917156254,-0.5272146351966106,5771.983021535216,8007.2
76,-0.9704367948586523,0.9202491090235018,-0.9876030390677122,-1.4565304606986502,-1.205181955608731,0.5506559351476693,-0.8074031597740338,0.2509502515551737,1.9468698916285716,-0.0746704187351219,-0.723725957824542,0.351632538909443,0.021046209519145015,0.7601915348348557,1.50548799554174,-0.5773502691896258,-0.9728348501928482,-0.9348700291609396,-0.9704367948586523,0.0,0.6689961350485376,0.21112427716888763,0.41689812142864524,-0.9512266641606762,0.2154613006269889,0.4144145894007968,-1.072420838755938,0.0,-0.6919126161531287,1.0025031328271852,-0.4645486746559718,2.2702083943651856,-0.41388775612546336,-0.4823542675723938,-0.43440451290484433,-0.4565733396744826,-0.45457287727508316,-0.3447914135838056,-0.36268681476051967,-0.3239944068816741,-0.33333333333333337,-0.3096617686426661,-0.3096617686426661,-0.2998637292684633,-0.3626868147605197,-0.3692744729379982,3.204310477123404,-0.4665361852810134,2.015760685012114,-0.5136370944265338,-0.5194624816493197,-0.503903259860269,2.1434564596477332,-0.47841263385647226,-0.49217479094801325,-0.5349519917156254,-0.5272146351966106,2401.0085551253856,3244.45
636,-0.9704367948586523,-1.4187478321005424,0.09517659860722576,0.47897207296984917,0.654905950153919,1.8183530520343896,-0.8074031597740338,-0.059944369031955935,-0.4921642290910192,1.5198700934095895,-0.723725957824542,-1.1031371837479889,-0.7459242371080941,-0.5256469844888592,1.4077135015366882,-0.5773502691896258,-0.9728348501928482,-0.9348700291609396,1.0304638130973318,0.0,-0.510895987437489,1.6547090783235852,-0.7774384842756202,-1.0669124852808558,1.6639406325725128,-0.7813714214941981,-1.072420838755938,0.0,-0.6919126161531287,-0.9975031172021119,2.1526269572086583,2.2702083943651856,-0.41388775612546336,-0.4823542675723938,-0.43440451290484433,-0.4565733396744826,-0.45457287727508316,-0.3447914135838056,-0.36268681476051967,-0.3239944068816741,-0.33333333333333337,-0.3096617686426661,-0.3096617686426661,-0.2998637292684633,-0.3626868147605197,2.7080128015453204,-0.312079621228754,-0.4665361852810134,-0.4960906358752555,-0.5136370944265338,1.925066843759244,-0.503903259860269,-0.4665361852810134,2.0902458029568014,-0.49217479094801325,-0.5349519917156254,-0.5272146351966106,5424.041211532707,7209.12
973,-0.9704367948586523,-0.24924936153852034,-0.5116361882914434,1.6437298476953568,-1.205181955608731,-0.7170411817390508,1.9366623348556775,-0.2931153344723032,0.8567536154933285,1.683151041853208,-0.723725957824542,0.37675296442152034,-1.1060118959027805,-0.9127811623497626,0.9481131843340497,-0.5773502691896258,1.4823593347507311,1.7012745111536745,-0.9704367948586523,0.0,1.8770583275627368,1.6547090783235852,-1.6731909385538195,0.32131736816129863,1.6639406325725128,-1.6782109296654444,0.19144729852171757,0.0,-0.6919126161531287,-0.9975031172021119,2.1526269572086583,-0.4404881959216032,-0.41388775612546336,-0.4823542675723938,-0.43440451290484433,2.190228629452953,-0.45457287727508316,-0.3447914135838056,-0.36268681476051967,-0.3239944068816741,-0.33333333333333337,-0.3096617686426661,-0.3096617686426661,3.334848140652303,-0.3626868147605197,-0.3692744729379982,-0.312079621228754,-0.4665361852810134,2.015760685012114,-0.5136370944265338,-0.5194624816493197,-0.503903259860269,-0.4665361852810134,2.0902458029568014,-0.49217479094801325,-0.5349519917156254,-0.5272146351966106,3481.3011144980164,3655.91
938,1.0304638130973318,0.33549987374249074,0.9877626023642134,1.5227609393410757,0.654905950153919,-0.08319262329569078,1.3268700027157416,-0.8371809204997801,1.913727025412634,-1.1472221488241408,-0.723725957824542,-1.338994950784757,-1.6960200038820485,1.58976477310822,0.4527052160287695,-0.5773502691896258,-0.9728348501928482,-0.9348700291609396,-0.9704367948586523,0.0,1.7717510002477215,-1.2324605239858097,0.7154822728547117,1.478175579363094,-1.233018031318535,0.7133610921245456,1.4553154357993732,0.0,1.4452692098024813,-0.9975031172021119,-0.4645486746559718,-0.4404881959216032,-0.41388775612546336,-0.4823542675723938,2.302001867598112,-0.4565733396744826,-0.45457287727508316,-0.3447914135838056,-0.36268681476051967,-0.3239944068816741,-0.33333333333333337,-0.3096617686426661,-0.3096617686426661,-0.2998637292684633,-0.3626868147605197,2.7080128015453204,-0.312079621228754,-0.4665361852810134,2.015760685012114,-0.5136370944265338,-0.5194624816493197,-0.503903259860269,2.1434564596477332,-0.47841263385647226,-0.49217479094801325,-0.5349519917156254,-0.5272146351966106,7034.9998948120965,3442.46
899,-0.9704367948586523,-0.8339985968195314,-0.38786984500005084,1.3879670128891624,1.2749352520748023,-0.08319262329569078,-0.19761082763409793,0.6395685272890858,-0.4921642290910192,0.4559926637066376,-0.4073256163317941,-0.12671028726909847,1.302098664918069,-1.7561806212610165,0.8037474670643212,-0.5773502691896258,-0.9728348501928482,-0.9348700291609396,-0.9704367948586523,0.0,-0.510895987437489,-1.2324605239858097,1.014066424280778,0.08994572592093958,-1.233018031318535,1.0123075948482942,0.0765501951328398,0.0,1.4452692098024813,-0.9975031172021119,-0.4645486746559718,-0.4404881959216032,-0.41388775612546336,-0.4823542675723938,2.302001867598112,-0.4565733396744826,-0.45457287727508316,-0.3447914135838056,-0.36268681476051967,-0.3239944068816741,-0.33333333333333337,-0.3096617686426661,-0.3096617686426661,3.334848140652303,-0.3626868147605197,-0.3692744729379982,-0.312079621228754,-0.4665361852810134,-0.4960906358752555,-0.5136370944265338,-0.5194624816493197,1.984507899943528,-0.4665361852810134,-0.47841263385647226,2.031798495964875,-0.5349519917156254,-0.5272146351966106,3554.634124303268,4405.61
280,-0.9704367948586523,1.504998344304513,-1.2229460866547013,-0.7514545377194112,0.034876648233035594,1.8183530520343896,-0.8074031597740338,-0.6817336102062153,-0.4921642290910192,-0.5216520150995276,-0.723725957824542,-0.19992692285888297,-1.6971311734087742,0.37997046729289713,-1.4725321865076435,1.7320508075688774,1.7230586652577495,0.28906297978610457,-0.9704367948586523,0.0,-0.510895987437489,0.21112427716888763,1.3126505757068445,1.3624897582429145,0.2154613006269889,1.311254097572043,1.2255212290216175,0.0,-0.6919126161531287,1.0025031328271852,-0.4645486746559718,-0.4404881959216032,-0.41388775612546336,-0.4823542675723938,-0.43440451290484433,-0.4565733396744826,2.199867281995475,-0.3447914135838056,-0.36268681476051967,-0.3239944068816741,-0.33333333333333337,-0.3096617686426661,-0.3096617686426661,-0.2998637292684633,2.757199763824596,-0.3692744729379982,-0.312079621228754,-0.4665361852810134,-0.4960906358752555,-0.5136370944265338,-0.5194624816493197,1.984507899943528,2.1434564596477332,-0.47841263385647226,-0.49217479094801325,-0.5349519917156254,-0.5272146351966106,1792.874237587064,1113.99
883,-0.9704367948586523,-1.4187478321005424,-0.7767751135467932,1.3326669404986338,-0.27513800272740613,-0.08319262329569078,-0.8074031597740338,-1.2257991962336923,1.9050246215621072,-0.5527774458965924,-0.723725957824542,0.899641037799225,0.7558729273629685,-1.3966988846758919,1.0584771118679839,1.7320508075688774,0.07904257894301916,0.08636751660210618,-0.9704367948586523,0.0,2.2095759143277873,1.6547090783235852,-1.6731909385538195,-0.48848337967995814,1.6639406325725128,-1.6782109296654444,-0.6128324252004268,0.0,-0.6919126161531287,-0.9975031172021119,2.1526269572086583,-0.4404881959216032,-0.41388775612546336,-0.4823542675723938,-0.43440451290484433,-0.4565733396744826,2.199867281995475,-0.3447914135838056,-0.36268681476051967,-0.3239944068816741,-0.33333333333333337,-0.3096617686426661,-0.3096617686426661,-0.2998637292684633,-0.3626868147605197,2.7080128015453204,-0.312079621228754,-0.4665361852810134,-0.4960906358752555,-0.5136370944265338,-0.5194624816493197,1.984507899943528,-0.4665361852810134,2.0902458029568014,-0.49217479094801325,-0.5349519917156254,-0.5272146351966106,3508.257249895626,5050.64
761,1.0304638130973318,0.9202491090235018,0.03634272236477009,0.9110038885208536,0.034876648233035594,-1.350889740182411,1.7842142518206936,-0.6040099550594329,-0.4921642290910192,-1.4809275872057859,-0.723725957824542,-1.0780519162842142,1.267835695284713,-1.752724066101544,-1.4787581085533477,-0.5773502691896258,0.48783485128700493,-0.21571979965330487,1.0304638130973318,0.0,-0.510895987437489,-1.2324605239858097,-0.18027018142348752,0.08994572592093958,-1.233018031318535,-0.18347841604670065,0.0765501951328398,0.0,1.4452692098024813,-0.9975031172021119,-0.4645486746559718,-0.4404881959216032,-0.41388775612546336,-0.4823542675723938,2.302001867598112,-0.4565733396744826,-0.45457287727508316,-0.3447914135838056,-0.36268681476051967,-0.3239944068816741,-0.33333333333333337,3.2293298729878037,-0.3096617686426661,-0.2998637292684633,-0.3626868147605197,-0.3692744729379982,-0.312079621228754,2.1434564596477332,-0.4960906358752555,-0.5136370944265338,-0.5194624816493197,-0.503903259860269,-0.4665361852810134,-0.47841263385647226,-0.49217479094801325,-0.5349519917156254,1.8967606990406793,4768.374625709749,6651.98
319,-0.9704367948586523,0.9202491090235018,-1.44818279689346,-0.6166606112674978,0.3448912991934773,1.8183530520343896,-0.8074031597740338,-0.8371809204997801,-0.4921642290910192,0.07891572339465623,1.9377225218000425,1.6453784003418026,-0.4690139178345701,-0.7123009631003662,-1.108848905904156,-0.5773502691896258,-0.9728348501928482,-0.9348700291609396,1.0304638130973318,0.0,-0.510895987437489,-1.2324605239858097,-0.18027018142348752,0.5526890104016577,-1.233018031318535,-0.18347841604670065,0.5361386086883508,0.0,1.4452692098024813,-0.9975031172021119,-0.4645486746559718,2.2702083943651856,-0.41388775612546336,-0.4823542675723938,-0.43440451290484433,-0.4565733396744826,-0.45457287727508316,-0.3447914135838056,-0.36268681476051967,-0.3239944068816741,-0.33333333333333337,-0.3096617686426661,-0.3096617686426661,-0.2998637292684633,-0.3626868147605197,2.7080128015453204,-0.312079621228754,-0.4665361852810134,-0.4960906358752555,-0.5136370944265338,-0.5194624816493197,1.984507899943528,-0.4665361852810134,-0.47841263385647226,2.031798495964875,-0.5349519917156254,-0.5272146351966106,1875.4026792158234,1183.75
549,-0.9704367948586523,0.33549987374249074,0.034025830481487745,0.17827792934635017,0.654905950153919,-0.7170411817390508,2.0891104178906614,0.7950158375826506,-0.4921642290910192,1.3218919434217016,-0.723725957824542,-1.5683308998614263,-0.3286858075006989,1.282131363915181,-0.9857579554038647,1.7320508075688774,0.355740034925105,0.5290645020321255,-0.9704367948586523,0.0,-0.510895987437489,0.21112427716888763,1.014066424280778,1.3624897582429145,0.2154613006269889,1.0123075948482942,1.2255212290216175,0.0,-0.6919126161531287,1.0025031328271852,-0.4645486746559718,-0.4404881959216032,-0.41388775612546336,-0.4823542675723938,-0.43440451290484433,2.190228629452953,-0.45457287727508316,-0.3447914135838056,2.7571997638245955,-0.3239944068816741,-0.33333333333333337,-0.3096617686426661,-0.3096617686426661,-0.2998637292684633,-0.3626868147605197,-0.3692744729379982,-0.312079621228754,-0.4665361852810134,2.015760685012114,-0.5136370944265338,-0.5194624816493197,-0.503903259860269,-0.4665361852810134,2.0902458029568014,-0.49217479094801325,-0.5349519917156254,-0.5272146351966106,4759.548869028534,1665.44
174,1.0304638130973318,-0.24924936153852034,1.4553483740208553,-1.117817517306663,0.654905950153919,-0.08319262329569078,2.2415585009256453,1.805423354490822,0.26370541418691373,-1.6855390257241953,-0.723725957824542,-0.6395783168806141,0.8568175239557906,0.5839072217017658,1.6441437511562915,-0.5773502691896258,-0.9728348501928482,-0.9348700291609396,-0.9704367948586523,0.0,1.01304019083429,1.6547090783235852,-1.374606787127753,0.2056315470411191,1.6639406325725128,-1.3792644269416956,0.0765501951328398,0.0,-0.6919126161531287,-0.9975031172021119,2.1526269572086583,-0.4404881959216032,-0.41388775612546336,-0.4823542675723938,2.302001867598112,-0.4565733396744826,-0.45457287727508316,2.9003042436755413,-0.36268681476051967,-0.3239944068816741,-0.33333333333333337,-0.3096617686426661,-0.3096617686426661,-0.2998637292684633,-0.3626868147605197,-0.3692744729379982,-0.312079621228754,-0.4665361852810134,-0.4960906358752555,1.9468998848622512,-0.5194624816493197,-0.503903259860269,-0.4665361852810134,2.0902458029568014,-0.49217479094801325,-0.5349519917156254,-0.5272146351966106,7630.686770891796,8250.15
371,-0.9704367948586523,1.504998344304513,-0.4519665438876563,-0.43693537599828,-0.5851526536878479,1.8183530520343896,-0.8074031597740338,-0.13766802417873836,-0.4921642290910192,-0.23897187310651324,1.6647374295348287,-1.310798196046218,-1.718529778315196,-1.0303040377718227,-0.24721225240211703,1.7320508075688774,0.28313364625505394,0.0982135351443834,-0.9704367948586523,0.0,-0.510895987437489,0.21112427716888763,-0.7774384842756202,-0.025740095199239966,0.2154613006269889,-0.7813714214941981,-0.15324401164491575,0.0,-0.6919126161531287,1.0025031328271852,-0.4645486746559718,-0.4404881959216032,2.4161139951597566,-0.4823542675723938,-0.43440451290484433,-0.4565733396744826,-0.45457287727508316,-0.3447914135838056,-0.36268681476051967,3.086473033978053,-0.33333333333333337,-0.3096617686426661,-0.3096617686426661,-0.2998637292684633,-0.3626868147605197,-0.3692744729379982,-0.312079621228754,2.1434564596477332,-0.4960906358752555,-0.5136370944265338,-0.5194624816493197,-0.503903259860269,-0.4665361852810134,-0.47841263385647226,2.031798495964875,-0.5349519917156254,-0.5272146351966106,3432.002947824254,3101.13
527,1.0304638130973318,0.9202491090235018,-0.9431921861571352,0.1022403298093734,1.2749352520748023,-1.350889740182411,0.7170776705758058,-0.5262862999126504,-0.4921642290910192,1.5331366704706328,-0.723725957824542,1.2018947790551082,1.6445908969802794,-0.49799454321308045,-0.6146448451767745,-0.5773502691896258,-0.9728348501928482,-0.9348700291609396,-0.9704367948586523,0.0,-0.510895987437489,0.21112427716888763,0.7154822728547117,1.1311181160025554,0.2154613006269889,0.7133610921245456,0.995727022243862,0.0,-0.6919126161531287,1.0025031328271852,-0.4645486746559718,-0.4404881959216032,-0.41388775612546336,2.0731650308243945,-0.43440451290484433,-0.4565733396744826,-0.45457287727508316,-0.3447914135838056,-0.36268681476051967,3.086473033978053,-0.33333333333333337,-0.3096617686426661,-0.3096617686426661,-0.2998637292684633,-0.3626868147605197,-0.3692744729379982,-0.312079621228754,-0.4665361852810134,2.015760685012114,-0.5136370944265338,-0.5194624816493197,-0.503903259860269,-0.4665361852810134,2.0902458029568014,-0.49217479094801325,-0.5349519917156254,-0.5272146351966106,2675.23143626624,2980.77
210,-0.9704367948586523,-1.4187478321005424,1.1729182298078624,-0.9933923544279736,1.2749352520748023,-1.350889740182411,1.3268700027157416,0.48412121699552096,-0.4921642290910192,0.4697694937315684,0.7920596860691453,0.5509435147358477,-0.6612347906021097,-0.5947780876783062,0.9313272729622061,-0.5773502691896258,-0.9728348501928482,-0.9348700291609396,-0.9704367948586523,0.0,-0.510895987437489,0.21112427716888763,1.6112347271329108,0.2056315470411191,0.2154613006269889,1.6102006002957916,0.0765501951328398,0.0,-0.6919126161531287,1.0025031328271852,-0.4645486746559718,-0.4404881959216032,-0.41388775612546336,-0.4823542675723938,-0.43440451290484433,2.190228629452953,-0.45457287727508316,-0.3447914135838056,-0.36268681476051967,-0.3239944068816741,-0.33333333333333337,-0.3096617686426661,-0.3096617686426661,3.334848140652303,-0.3626868147605197,-0.3692744729379982,-0.312079621228754,-0.4665361852810134,-0.4960906358752555,-0.5136370944265338,1.925066843759244,-0.503903259860269,-0.4665361852810134,-0.47841263385647226,-0.49217479094801325,1.8693266227366232,-0.5272146351966106,8010.242303408667,11557.86
235,-0.9704367948586523,1.504998344304513,-1.51666514283595,-0.9069859913177727,0.3448912991934773,-0.7170411817390508,0.5646295875408219,1.6499760441972573,2.128102718357499,-0.2512179442397844,0.5053316372139207,0.17125417209388988,0.5831490704148777,-0.5291035396483316,1.698474380278888,1.7320508075688774,0.3966192621595036,0.7692479664661077,-0.9704367948586523,0.0,1.715975738397708,0.21112427716888763,0.7154822728547117,-1.529655769761574,0.2154613006269889,0.7133610921245456,-1.6469063557003267,0.0,-0.6919126161531287,1.0025031328271852,-0.4645486746559718,-0.4404881959216032,-0.41388775612546336,-0.4823542675723938,-0.43440451290484433,2.190228629452953,-0.45457287727508316,-0.3447914135838056,-0.36268681476051967,-0.3239944068816741,-0.33333333333333337,-0.3096617686426661,3.2293298729878037,-0.2998637292684633,-0.3626868147605197,-0.3692744729379982,-0.312079621228754,-0.4665361852810134,2.015760685012114,-0.5136370944265338,-0.5194624816493197,-0.503903259860269,-0.4665361852810134,-0.47841263385647226,-0.49217479094801325,1.8693266227366232,-0.5272146351966106,1698.161615411193,2344.49
101,1.0304638130973318,0.9202491090235018,0.5967337792231897,-1.3701240975884494,-0.8951673046482895,-0.08319262329569078,-0.8074031597740338,-0.3708389896190856,1.4438476576019785,0.7351010349524478,-0.723725957824542,0.5822869147974531,-0.3609326344876252,1.3754583532209343,0.1865728465944382,-0.5773502691896258,0.7877175406259137,0.7202896968446367,-0.9704367948586523,0.0,-0.10650041792755259,0.21112427716888763,-1.374606787127753,0.5526890104016577,0.2154613006269889,-1.3792644269416956,0.5361386086883508,0.0,-0.6919126161531287,1.0025031328271852,-0.4645486746559718,-0.4404881959216032,2.4161139951597566,-0.4823542675723938,-0.43440451290484433,-0.4565733396744826,-0.45457287727508316,-0.3447914135838056,-0.36268681476051967,3.086473033978053,-0.33333333333333337,-0.3096617686426661,-0.3096617686426661,-0.2998637292684633,-0.3626868147605197,-0.3692744729379982,-0.312079621228754,-0.4665361852810134,-0.4960906358752555,-0.5136370944265338,-0.5194624816493197,1.984507899943528,-0.4665361852810134,2.0902458029568014,-0.49217479094801325,-0.5349519917156254,-0.5272146351966106,5644.397757603043,6092.13
986,-0.9704367948586523,0.9202491090235018,1.1001201984329814,1.6886611565126612,0.034876648233035594,0.5506559351476693,-0.8074031597740338,-1.1480755410869097,-0.4921642290910192,-1.3671411762591394,1.0550499008143512,-1.0616506867511364,-1.7201793495713658,0.6806907661669918,-0.9743724294528807,-0.5773502691896258,-0.9728348501928482,-0.9348700291609396,1.0304638130973318,0.0,-0.510895987437489,0.21112427716888763,-1.374606787127753,0.6683748315218373,0.2154613006269889,-1.3792644269416956,0.6510357120772287,0.0,-0.6919126161531287,1.0025031328271852,-0.4645486746559718,2.2702083943651856,-0.41388775612546336,-0.4823542675723938,-0.43440451290484433,-0.4565733396744826,-0.45457287727508316,-0.3447914135838056,-0.36268681476051967,3.086473033978053,-0.33333333333333337,-0.3096617686426661,-0.3096617686426661,-0.2998637292684633,-0.3626868147605197,-0.3692744729379982,-0.312079621228754,2.1434564596477332,-0.4960906358752555,-0.5136370944265338,-0.5194624816493197,-0.503903259860269,-0.4665361852810134,-0.47841263385647226,2.031798495964875,-0.5349519917156254,-0.5272146351966106,7194.0661133847225,6436.24
902,-0.9704367948586523,-0.8339985968195314,1.1074522380426208,1.3983357764623865,-0.8951673046482895,0.5506559351476693,-0.8074031597740338,-0.059944369031955935,-0.4921642290910192,-1.7319720454378493,-0.723725957824542,1.1714127511769123,0.11039798589499772,-0.4530593261399397,0.44546457188169325,-0.5773502691896258,-0.9728348501928482,-0.9348700291609396,1.0304638130973318,0.0,-0.510895987437489,0.21112427716888763,-0.7774384842756202,0.32131736816129863,0.2154613006269889,-0.7813714214941981,0.19144729852171757,0.0,-0.6919126161531287,1.0025031328271852,-0.4645486746559718,2.2702083943651856,-0.41388775612546336,-0.4823542675723938,-0.43440451290484433,-0.4565733396744826,-0.45457287727508316,-0.3447914135838056,-0.36268681476051967,-0.3239944068816741,-0.33333333333333337,-0.3096617686426661,-0.3096617686426661,-0.2998637292684633,-0.3626868147605197,2.7080128015453204,-0.312079621228754,2.1434564596477332,-0.4960906358752555,-0.5136370944265338,-0.5194624816493197,-0.503903259860269,-0.4665361852810134,2.0902458029568014,-0.49217479094801325,-0.5349519917156254,-0.5272146351966106,7601.056533586347,3870.65
947,1.0304638130973318,-0.24924936153852034,1.3146172993434528,1.553867230060748,-0.8951673046482895,1.8183530520343896,-0.8074031597740338,-1.2257991962336923,-0.4921642290910192,-1.6942133261102623,1.7968572167524324,-1.6457840802716521,1.5774968772067706,0.9986938408384481,-0.9130075403394199,-0.5773502691896258,1.6952973990015532,0.785970826698745,-0.9704367948586523,0.0,-0.510895987437489,-1.2324605239858097,0.41689812142864524,1.1311181160025554,-1.233018031318535,0.4144145894007968,1.1106241256327398,0.0,1.4452692098024813,-0.9975031172021119,-0.4645486746559718,-0.4404881959216032,-0.41388775612546336,-0.4823542675723938,-0.43440451290484433,-0.4565733396744826,2.199867281995475,-0.3447914135838056,-0.36268681476051967,-0.3239944068816741,-0.33333333333333337,-0.3096617686426661,-0.3096617686426661,-0.2998637292684633,2.757199763824596,-0.3692744729379982,-0.312079621228754,2.1434564596477332,-0.4960906358752555,-0.5136370944265338,-0.5194624816493197,-0.503903259860269,-0.4665361852810134,-0.47841263385647226,2.031798495964875,-0.5349519917156254,-0.5272146351966106,7307.557191786097,5103.27
346,-0.9704367948586523,1.504998344304513,1.6197234754470837,-0.5233417391084808,-0.27513800272740613,-0.08319262329569078,1.6317661687857095,0.6395685272890858,-0.4921642290910192,1.241271975127665,-0.723725957824542,1.6203458699504814,-1.3576173338924251,1.0747380543468394,-1.0396242201749857,1.7320508075688774,0.5274938030815707,0.5762429024235384,1.0304638130973318,0.0,-0.510895987437489,0.21112427716888763,0.7154822728547117,-0.3727975585597786,0.2154613006269889,0.7133610921245456,-0.4979353218115491,0.0,-0.6919126161531287,1.0025031328271852,-0.4645486746559718,-0.4404881959216032,-0.41388775612546336,-0.4823542675723938,2.302001867598112,-0.4565733396744826,-0.45457287727508316,-0.3447914135838056,-0.36268681476051967,-0.3239944068816741,-0.33333333333333337,-0.3096617686426661,-0.3096617686426661,3.334848140652303,-0.3626868147605197,-0.3692744729379982,-0.312079621228754,-0.4665361852810134,-0.4960906358752555,1.9468998848622512,-0.5194624816493197,-0.503903259860269,2.1434564596477332,-0.47841263385647226,-0.49217479094801325,-0.5349519917156254,-0.5272146351966106,7978.325192329666,14568.58
139,1.0304638130973318,0.33549987374249074,1.4499101470438445,-1.238786425660944,0.9649206011143607,-0.08319262329569078,0.41218150450583796,2.1163179750779517,-0.4921642290910192,-1.4406176030587676,-0.723725957824542,0.7877153910284787,-0.0559337824354358,-1.5729831978089819,-1.3927991074913866,-0.5773502691896258,0.2916755743338835,-0.2193665539424466,-0.9704367948586523,0.0,-0.510895987437489,-1.2324605239858097,0.41689812142864524,1.478175579363094,-1.233018031318535,0.4144145894007968,1.4553154357993732,0.0,1.4452692098024813,-0.9975031172021119,-0.4645486746559718,-0.4404881959216032,-0.41388775612546336,-0.4823542675723938,2.302001867598112,-0.4565733396744826,-0.45457287727508316,-0.3447914135838056,-0.36268681476051967,3.086473033978053,-0.33333333333333337,-0.3096617686426661,-0.3096617686426661,-0.2998637292684633,-0.3626868147605197,-0.3692744729379982,-0.312079621228754,-0.4665361852810134,-0.4960906358752555,-0.5136370944265338,-0.5194624816493197,1.984507899943528,-0.4665361852810134,-0.47841263385647226,-0.49217479094801325,-0.5349519917156254,1.8967606990406793,7488.072455923195,5546.06
621,-0.9704367948586523,0.33549987374249074,-0.053770310301473404,0.42712825510372865,1.584949903035244,0.5506559351476693,-0.8074031597740338,0.1732265964083913,-0.4921642290910192,1.5897747494620131,-0.723725957824542,-0.5149781936968465,-1.3692559755331772,-0.7364968492166727,-0.9642424071188481,-0.5773502691896258,-0.9728348501928482,-0.9348700291609396,-0.9704367948586523,0.0,-0.510895987437489,0.21112427716888763,-0.18027018142348752,-1.529655769761574,0.2154613006269889,-0.18347841604670065,-1.6469063557003267,0.0,-0.6919126161531287,1.0025031328271852,-0.4645486746559718,-0.4404881959216032,-0.41388775612546336,-0.4823542675723938,-0.43440451290484433,-0.4565733396744826,2.199867281995475,-0.3447914135838056,-0.36268681476051967,-0.3239944068816741,-0.33333333333333337,3.2293298729878037,-0.3096617686426661,-0.2998637292684633,-0.3626868147605197,-0.3692744729379982,-0.312079621228754,-0.4665361852810134,-0.4960906358752555,-0.5136370944265338,-0.5194624816493197,1.984507899943528,2.1434564596477332,-0.47841263385647226,-0.49217479094801325,-0.5349519917156254,-0.5272146351966106,3914.325239702096,2460.3
499,1.0304638130973318,-0.8339985968195314,0.09898169503673694,0.005465203125948439,-0.5851526536878479,1.8183530520343896,-0.8074031597740338,-0.8371809204997801,1.3405455546149692,0.83153884512696,-0.723725957824542,0.36043963000919865,0.3319102038154929,-0.6155174186351403,0.9419560570070825,-0.5773502691896258,1.1361061786981759,0.19819076742923764,1.0304638130973318,0.0,0.5340806980885773,-1.2324605239858097,-0.18027018142348752,0.2056315470411191,-1.233018031318535,-0.18347841604670065,0.19144729852171757,0.0,1.4452692098024813,-0.9975031172021119,-0.4645486746559718,-0.4404881959216032,2.4161139951597566,-0.4823542675723938,-0.43440451290484433,-0.4565733396744826,-0.45457287727508316,-0.3447914135838056,-0.36268681476051967,-0.3239944068816741,-0.33333333333333337,3.2293298729878037,-0.3096617686426661,-0.2998637292684633,-0.3626868147605197,-0.3692744729379982,-0.312079621228754,-0.4665361852810134,-0.4960906358752555,1.9468998848622512,-0.5194624816493197,-0.503903259860269,-0.4665361852810134,-0.47841263385647226,-0.49217479094801325,-0.5349519917156254,1.8967606990406793,5465.478604389535,6911.69
370,1.0304638130973318,1.504998344304513,-0.33269005891281506,-0.44039163052268804,-0.8951673046482895,-1.350889740182411,-0.6549550767390498,-0.448562644765868,2.372083051609078,-1.545729713619347,1.5813426702272633,-1.5217816439090255,-0.424727511748795,-1.5038520946195346,-1.6906974383025568,-0.5773502691896258,-0.9728348501928482,-0.9348700291609396,-0.9704367948586523,0.0,0.30445401520034554,0.21112427716888763,-0.18027018142348752,1.478175579363094,0.2154613006269889,-0.18347841604670065,1.3404183324104952,0.0,-0.6919126161531287,1.0025031328271852,-0.4645486746559718,-0.4404881959216032,-0.41388775612546336,-0.4823542675723938,-0.43440451290484433,2.190228629452953,-0.45457287727508316,-0.3447914135838056,-0.36268681476051967,-0.3239944068816741,-0.33333333333333337,3.2293298729878037,-0.3096617686426661,-0.2998637292684633,-0.3626868147605197,-0.3692744729379982,-0.312079621228754,-0.4665361852810134,-0.4960906358752555,1.9468998848622512,-0.5194624816493197,-0.503903259860269,-0.4665361852810134,-0.47841263385647226,-0.49217479094801325,1.8693266227366232,-0.5272146351966106,4233.20964029003,1245.51
198,-0.9704367948586523,-0.24924936153852034,1.333978889747805,-1.03486740872087,-1.5151966065691729,-0.08319262329569078,1.0219738366457738,-0.3708389896190856,-0.4921642290910192,-1.2513137534569474,-0.723725957824542,-0.8994666099320844,-1.3316251312518084,1.1404126023768146,1.043411068464567,1.7320508075688774,0.35512989720518867,1.1209659473854567,-0.9704367948586523,0.0,-0.510895987437489,0.21112427716888763,1.6112347271329108,0.6683748315218373,0.2154613006269889,1.6102006002957916,0.5361386086883508,0.0,-0.6919126161531287,1.0025031328271852,-0.4645486746559718,-0.4404881959216032,-0.41388775612546336,-0.4823542675723938,2.302001867598112,-0.4565733396744826,-0.45457287727508316,-0.3447914135838056,-0.36268681476051967,-0.3239944068816741,-0.33333333333333337,-0.3096617686426661,-0.3096617686426661,-0.2998637292684633,2.757199763824596,-0.3692744729379982,-0.312079621228754,-0.4665361852810134,-0.4960906358752555,-0.5136370944265338,-0.5194624816493197,1.984507899943528,-0.4665361852810134,-0.47841263385647226,-0.49217479094801325,-0.5349519917156254,1.8967606990406793,7829.478483592986,6788.24
687,1.0304638130973318,-0.24924936153852034,-0.30751488087919926,0.6552410537146589,0.034876648233035594,-0.08319262329569078,-0.8074031597740338,0.0955029412616089,-0.4921642290910192,-0.9574080462584343,-0.723725957824542,-0.12915377162611646,-1.1605164794920506,-0.5152773190104422,0.9902155522011322,1.7320508075688774,0.3291990441087418,0.8264648293150498,1.0304638130973318,0.0,-0.510895987437489,0.21112427716888763,0.7154822728547117,-0.6041692008001377,0.2154613006269889,0.7133610921245456,-0.7277295285893046,0.0,-0.6919126161531287,1.0025031328271852,-0.4645486746559718,-0.4404881959216032,2.4161139951597566,-0.4823542675723938,-0.43440451290484433,-0.4565733396744826,-0.45457287727508316,-0.3447914135838056,-0.36268681476051967,-0.3239944068816741,-0.33333333333333337,-0.3096617686426661,3.2293298729878037,-0.2998637292684633,-0.3626868147605197,-0.3692744729379982,-0.312079621228754,-0.4665361852810134,-0.4960906358752555,-0.5136370944265338,1.925066843759244,-0.503903259860269,2.1434564596477332,-0.47841263385647226,-0.49217479094801325,-0.5349519917156254,-0.5272146351966106,3654.970650688208,3212.68
584,-0.9704367948586523,-1.4187478321005424,-1.3432543708717204,0.2992468377006314,-1.5151966065691729,-0.08319262329569078,-0.6549550767390498,0.8727394927294331,1.3709097637541876,0.11973596050556143,-0.723725957824542,0.9844774083529584,1.2398388053536125,1.0609118337089503,-0.3246751057000509,-0.5773502691896258,-0.9728348501928482,-0.9348700291609396,1.0304638130973318,0.0,1.9156324942277887,0.21112427716888763,-1.374606787127753,-0.8355408430404968,0.2154613006269889,-1.3792644269416956,-0.8426266319781824,0.0,-0.6919126161531287,1.0025031328271852,-0.4645486746559718,-0.4404881959216032,-0.41388775612546336,-0.4823542675723938,-0.43440451290484433,2.190228629452953,-0.45457287727508316,-0.3447914135838056,2.7571997638245955,-0.3239944068816741,-0.33333333333333337,-0.3096617686426661,-0.3096617686426661,-0.2998637292684633,-0.3626868147605197,-0.3692744729379982,-0.312079621228754,-0.4665361852810134,2.015760685012114,-0.5136370944265338,-0.5194624816493197,-0.503903259860269,-0.4665361852810134,-0.47841263385647226,-0.49217479094801325,-0.5349519917156254,1.8967606990406793,1720.7314355036754,605.41
901,1.0304638130973318,-0.8339985968195314,-1.7340068109694302,1.3948795219379784,0.654905950153919,-0.08319262329569078,-0.8074031597740338,-1.0703518859401273,-0.4921642290910192,-0.011909304177105855,-0.723725957824542,-0.3705313522463641,1.028189648902298,1.3132403603504321,-0.1336837678062777,1.7320508075688774,1.168138408993787,1.1095629185182163,-0.9704367948586523,0.0,-0.510895987437489,1.6547090783235852,-1.0760226357016867,-0.3727975585597786,1.6639406325725128,-1.0803179242179468,-0.38303821842267133,0.0,-0.6919126161531287,-0.9975031172021119,2.1526269572086583,-0.4404881959216032,2.4161139951597566,-0.4823542675723938,-0.43440451290484433,-0.4565733396744826,-0.45457287727508316,-0.3447914135838056,-0.36268681476051967,-0.3239944068816741,3.0,-0.3096617686426661,-0.3096617686426661,-0.2998637292684633,-0.3626868147605197,-0.3692744729379982,-0.312079621228754,-0.4665361852810134,-0.4960906358752555,-0.5136370944265338,1.925066843759244,-0.503903259860269,-0.4665361852810134,-0.47841263385647226,-0.49217479094801325,-0.5349519917156254,1.8967606990406793,1312.4051061771825,476.98
59,-0.9704367948586523,-0.24924936153852034,-1.618261733172632,-1.5152867876135867,0.654905950153919,-0.08319262329569078,1.9366623348556775,0.017779286114826477,-0.4921642290910192,1.7392788678807016,-0.723725957824542,0.8164043584432512,1.1269119064416695,-0.4530593261399397,0.9714345939859141,-0.5773502691896258,1.5250689751448785,1.7376194408314656,-0.9704367948586523,0.0,-0.510895987437489,1.6547090783235852,-1.0760226357016867,-1.529655769761574,1.6639406325725128,-1.0803179242179468,-1.532009252311449,0.0,-0.6919126161531287,-0.9975031172021119,2.1526269572086583,-0.4404881959216032,-0.41388775612546336,2.0731650308243945,-0.43440451290484433,-0.4565733396744826,-0.45457287727508316,-0.3447914135838056,2.7571997638245955,-0.3239944068816741,-0.33333333333333337,-0.3096617686426661,-0.3096617686426661,-0.2998637292684633,-0.3626868147605197,-0.3692744729379982,-0.312079621228754,2.1434564596477332,-0.4960906358752555,-0.5136370944265338,-0.5194624816493197,-0.503903259860269,-0.4665361852810134,2.0902458029568014,-0.49217479094801325,-0.5349519917156254,-0.5272146351966106,1593.0301809205641,1214.64
328,-0.9704367948586523,1.504998344304513,1.127528606871716,-0.5855543205478255,0.9649206011143607,0.5506559351476693,-0.8074031597740338,-0.448562644765868,-0.4921642290910192,0.8386823866213683,-0.723725957824542,-0.7593793664711017,0.3249797134683916,-0.5118207638509699,-0.6301752529316665,-0.5773502691896258,-0.9728348501928482,-0.9348700291609396,-0.9704367948586523,0.0,-0.510895987437489,0.21112427716888763,-0.4788543328495539,-0.1414259163194195,0.2154613006269889,-0.48242491877044935,-0.2681411150337935,0.0,-0.6919126161531287,1.0025031328271852,-0.4645486746559718,-0.4404881959216032,-0.41388775612546336,-0.4823542675723938,-0.43440451290484433,-0.4565733396744826,2.199867281995475,-0.3447914135838056,-0.36268681476051967,-0.3239944068816741,-0.33333333333333337,-0.3096617686426661,3.2293298729878037,-0.2998637292684633,-0.3626868147605197,-0.3692744729379982,-0.312079621228754,-0.4665361852810134,2.015760685012114,-0.5136370944265338,-0.5194624816493197,-0.503903259860269,-0.4665361852810134,-0.47841263385647226,-0.49217479094801325,-0.5349519917156254,1.8967606990406793,7330.868060739702,5492.49
96,1.0304638130973318,-0.8339985968195314,0.8344632954885474,-1.3874053702104896,0.3448912991934773,-1.350889740182411,1.4793180857507255,-0.7594572653529976,-0.4921642290910192,-0.39102725634463276,-0.723725957824542,-0.23707140089038714,0.48360202724742135,-0.4530593261399397,0.2855512481773886,-0.5773502691896258,-0.9728348501928482,-0.9348700291609396,1.0304638130973318,0.0,-0.510895987437489,0.21112427716888763,1.3126505757068445,-0.1414259163194195,0.2154613006269889,1.311254097572043,-0.2681411150337935,0.0,-0.6919126161531287,1.0025031328271852,-0.4645486746559718,-0.4404881959216032,-0.41388775612546336,2.0731650308243945,-0.43440451290484433,-0.4565733396744826,-0.45457287727508316,-0.3447914135838056,-0.36268681476051967,-0.3239944068816741,-0.33333333333333337,-0.3096617686426661,-0.3096617686426661,3.334848140652303,-0.3626868147605197,-0.3692744729379982,-0.312079621228754,-0.4665361852810134,2.015760685012114,-0.5136370944265338,-0.5194624816493197,-0.503903259860269,-0.4665361852810134,2.0902458029568014,-0.49217479094801325,-0.5349519917156254,-0.5272146351966106,7223.415653842727,8854.09
312,1.0304638130973318,-0.8339985968195314,0.7431232791195743,-0.640854392938354,0.034876648233035594,-1.350889740182411,0.8695257536107899,0.8727394927294331,-0.4921642290910192,-0.40276307451401766,2.3337695435303525,-1.1783929861393136,0.7453339998929961,0.8293226380243028,-1.015786850132593,-0.5773502691896258,-0.9728348501928482,-0.9348700291609396,1.0304638130973318,0.0,-0.510895987437489,0.21112427716888763,1.6112347271329108,-0.6041692008001377,0.2154613006269889,1.6102006002957916,-0.7277295285893046,0.0,-0.6919126161531287,1.0025031328271852,-0.4645486746559718,-0.4404881959216032,-0.41388775612546336,2.0731650308243945,-0.43440451290484433,-0.4565733396744826,-0.45457287727508316,-0.3447914135838056,-0.36268681476051967,-0.3239944068816741,-0.33333333333333337,-0.3096617686426661,-0.3096617686426661,3.334848140652303,-0.3626868147605197,-0.3692744729379982,-0.312079621228754,-0.4665361852810134,-0.4960906358752555,-0.5136370944265338,-0.5194624816493197,1.984507899943528,-0.4665361852810134,-0.47841263385647226,2.031798495964875,-0.5349519917156254,-0.5272146351966106,6506.246492998904,4529.04
974,-0.9704367948586523,-0.24924936153852034,-0.42106844356173734,1.647186102219765,0.034876648233035594,-0.7170411817390508,-0.6549550767390498,-0.3708389896190856,-0.4921642290910192,-1.3482618165953457,1.3967497760296188,0.8662057338636256,-0.16331628906969767,0.16220749224613898,1.164541369480852,-0.5773502691896258,0.7752097173676274,-0.12147770155419414,1.0304638130973318,0.0,-0.510895987437489,0.21112427716888763,0.7154822728547117,0.08994572592093958,0.2154613006269889,0.7133610921245456,-0.03834690825603798,0.0,-0.6919126161531287,1.0025031328271852,-0.4645486746559718,-0.4404881959216032,-0.41388775612546336,-0.4823542675723938,2.302001867598112,-0.4565733396744826,-0.45457287727508316,-0.3447914135838056,-0.36268681476051967,-0.3239944068816741,-0.33333333333333337,-0.3096617686426661,-0.3096617686426661,-0.2998637292684633,2.757199763824596,-0.3692744729379982,-0.312079621228754,-0.4665361852810134,-0.4960906358752555,1.9468998848622512,-0.5194624816493197,-0.503903259860269,-0.4665361852810134,-0.47841263385647226,-0.49217479094801325,1.8693266227366232,-0.5272146351966106,3967.7438846838854,3391.42
299,-0.9704367948586523,0.33549987374249074,-1.3575607145339628,-0.6857857017556585,-0.8951673046482895,-0.08319262329569078,1.9366623348556775,1.5722523890504747,-0.4921642290910192,-0.006296521574356501,0.6518190608665354,0.8964240763795535,0.5793458922409312,0.7947570864295791,0.46937073664282314,-0.5773502691896258,1.3902285390433549,0.4285098010637412,1.0304638130973318,0.0,-0.510895987437489,-1.2324605239858097,0.11831397000257887,0.6683748315218373,-1.233018031318535,0.11546808667704807,0.6510357120772287,0.0,1.4452692098024813,-0.9975031172021119,-0.4645486746559718,-0.4404881959216032,-0.41388775612546336,-0.4823542675723938,2.302001867598112,-0.4565733396744826,-0.45457287727508316,-0.3447914135838056,-0.36268681476051967,-0.3239944068816741,-0.33333333333333337,-0.3096617686426661,3.2293298729878037,-0.2998637292684633,-0.3626868147605197,-0.3692744729379982,-0.312079621228754,-0.4665361852810134,-0.4960906358752555,-0.5136370944265338,1.925066843759244,-0.503903259860269,-0.4665361852810134,-0.47841263385647226,-0.49217479094801325,1.8693266227366232,-0.5272146351966106,1571.0799710987496,1410.3
277,-0.9704367948586523,0.33549987374249074,-1.5790252695692022,-0.7618233012926352,0.654905950153919,0.5506559351476693,-0.8074031597740338,-0.9149045756465625,-0.4921642290910192,0.12330773125276523,-0.723725957824542,-1.1766175047000416,1.6106601326693464,-1.427807881111143,-1.2193848202349333,-0.5773502691896258,-0.9728348501928482,-0.9348700291609396,1.0304638130973318,0.0,-0.510895987437489,0.21112427716888763,-1.0760226357016867,-1.1825983064010355,0.2154613006269889,-1.0803179242179468,-1.3022150455336934,0.0,-0.6919126161531287,1.0025031328271852,-0.4645486746559718,2.2702083943651856,-0.41388775612546336,-0.4823542675723938,-0.43440451290484433,-0.4565733396744826,-0.45457287727508316,-0.3447914135838056,-0.36268681476051967,-0.3239944068816741,-0.33333333333333337,3.2293298729878037,-0.3096617686426661,-0.2998637292684633,-0.3626868147605197,-0.3692744729379982,-0.312079621228754,-0.4665361852810134,2.015760685012114,-0.5136370944265338,-0.5194624816493197,-0.503903259860269,-0.4665361852810134,2.0902458029568014,-0.49217479094801325,-0.5349519917156254,-0.5272146351966106,1492.5412636410315,1440.52
924,-0.9704367948586523,0.9202491090235018,0.30978345229401727,1.4743733759993631,0.654905950153919,-0.08319262329569078,0.259733421470854,1.1059104581697803,2.5774618594275327,0.6141710825113934,-0.723725957824542,-1.0768917006902343,0.571441696638452,-0.11086036535217683,0.6398784470326353,-0.5773502691896258,-0.9728348501928482,-0.9348700291609396,1.0304638130973318,0.0,0.1156868559034357,0.21112427716888763,1.6112347271329108,-0.8355408430404968,0.2154613006269889,1.6102006002957916,-0.9575237353670601,0.0,-0.6919126161531287,1.0025031328271852,-0.4645486746559718,-0.4404881959216032,-0.41388775612546336,-0.4823542675723938,2.302001867598112,-0.4565733396744826,-0.45457287727508316,-0.3447914135838056,-0.36268681476051967,-0.3239944068816741,-0.33333333333333337,-0.3096617686426661,-0.3096617686426661,-0.2998637292684633,-0.3626868147605197,2.7080128015453204,-0.312079621228754,-0.4665361852810134,-0.4960906358752555,-0.5136370944265338,-0.5194624816493197,1.984507899943528,2.1434564596477332,-0.47841263385647226,-0.49217479094801325,-0.5349519917156254,-0.5272146351966106,5757.61875135461,9025.03
601,-0.9704367948586523,-0.24924936153852034,1.2031390338984267,0.35800316461556797,-0.8951673046482895,-0.7170411817390508,-0.3500589106690819,1.9608706647843868,-0.4921642290910192,0.5947814698837132,-0.723725957824542,1.038286801279808,0.4253515422639327,-0.5705822015619998,1.6686174723470022,-0.5773502691896258,1.1556305857355005,0.41307240194170186,-0.9704367948586523,0.0,-0.510895987437489,-1.2324605239858097,1.3126505757068445,-1.6453415908817535,-1.233018031318535,1.311254097572043,-1.6469063557003267,0.0,1.4452692098024813,-0.9975031172021119,-0.4645486746559718,-0.4404881959216032,-0.41388775612546336,-0.4823542675723938,2.302001867598112,-0.4565733396744826,-0.45457287727508316,-0.3447914135838056,-0.36268681476051967,-0.3239944068816741,-0.33333333333333337,-0.3096617686426661,-0.3096617686426661,3.334848140652303,-0.3626868147605197,-0.3692744729379982,-0.312079621228754,2.1434564596477332,-0.4960906358752555,-0.5136370944265338,-0.5194624816493197,-0.503903259860269,-0.4665361852810134,2.0902458029568014,-0.49217479094801325,-0.5349519917156254,-0.5272146351966106,7605.488300358935,4280.71
439,1.0304638130973318,1.504998344304513,-0.15903276651201262,-0.20191006833853364,-0.8951673046482895,0.5506559351476693,-0.8074031597740338,-0.6817336102062153,1.3508308880441715,-0.8349473349257205,-0.723725957824542,-0.12344058877697377,0.8367591956950062,-0.9404336036255414,-0.5436486954401246,1.7320508075688774,1.0088924640956072,1.8824770645684796,-0.9704367948586523,0.0,0.4519758353989946,1.6547090783235852,-0.7774384842756202,-0.025740095199239966,1.6639406325725128,-0.7813714214941981,-0.03834690825603798,0.0,-0.6919126161531287,-0.9975031172021119,2.1526269572086583,2.2702083943651856,-0.41388775612546336,-0.4823542675723938,-0.43440451290484433,-0.4565733396744826,-0.45457287727508316,2.9003042436755413,-0.36268681476051967,-0.3239944068816741,-0.33333333333333337,-0.3096617686426661,-0.3096617686426661,-0.2998637292684633,-0.3626868147605197,-0.3692744729379982,-0.312079621228754,-0.4665361852810134,2.015760685012114,-0.5136370944265338,-0.5194624816493197,-0.503903259860269,2.1434564596477332,-0.47841263385647226,-0.49217479094801325,-0.5349519917156254,-0.5272146351966106,3851.7141063237987,5602.86
837,1.0304638130973318,0.9202491090235018,-0.7350862218475289,1.1736792323758642,-0.27513800272740613,-0.08319262329569078,1.9366623348556775,-0.13766802417873836,1.8780369332486304,-1.6906415553630583,1.376135341144603,0.1586675908016245,-0.05971404989749107,0.7740177554727451,-1.608006186380606,1.7320508075688774,0.07599189034343735,1.4122197929272462,-0.9704367948586523,0.0,0.29261187894669377,0.21112427716888763,-0.18027018142348752,-0.25711173743959903,0.2154613006269889,-0.18347841604670065,-0.38303821842267133,0.0,-0.6919126161531287,1.0025031328271852,-0.4645486746559718,-0.4404881959216032,-0.41388775612546336,-0.4823542675723938,2.302001867598112,-0.4565733396744826,-0.45457287727508316,-0.3447914135838056,-0.36268681476051967,3.086473033978053,-0.33333333333333337,-0.3096617686426661,-0.3096617686426661,-0.2998637292684633,-0.3626868147605197,-0.3692744729379982,-0.312079621228754,-0.4665361852810134,2.015760685012114,-0.5136370944265338,-0.5194624816493197,-0.503903259860269,-0.4665361852810134,-0.47841263385647226,2.031798495964875,-0.5349519917156254,-0.5272146351966106,3547.980701448188,3419.89
570,1.0304638130973318,1.504998344304513,0.1985469354257243,0.2508592743589189,-1.5151966065691729,-1.350889740182411,1.7842142518206936,0.8727394927294331,1.6913202272436254,-0.8364780938173791,-0.723725957824542,0.5214107541618173,-1.315656365063611,-0.9749991552202649,-1.5306121278014095,-0.5773502691896258,0.28282857739509554,1.6368195134358288,-0.9704367948586523,0.0,2.6652240280226636,-1.2324605239858097,0.7154822728547117,0.7840606526420169,-1.233018031318535,0.7133610921245456,0.7659328154661065,0.0,1.4452692098024813,-0.9975031172021119,-0.4645486746559718,-0.4404881959216032,-0.41388775612546336,2.0731650308243945,-0.43440451290484433,-0.4565733396744826,-0.45457287727508316,-0.3447914135838056,-0.36268681476051967,-0.3239944068816741,-0.33333333333333337,3.2293298729878037,-0.3096617686426661,-0.2998637292684633,-0.3626868147605197,-0.3692744729379982,-0.312079621228754,-0.4665361852810134,-0.4960906358752555,-0.5136370944265338,-0.5194624816493197,1.984507899943528,2.1434564596477332,-0.47841263385647226,-0.49217479094801325,-0.5349519917156254,-0.5272146351966106,5021.172027817744,2015.78
879,-0.9704367948586523,-1.4187478321005424,0.9632287776861898,1.3188419224010015,-0.8951673046482895,0.5506559351476693,-0.8074031597740338,-0.2931153344723032,-0.4921642290910192,-0.6119667897074039,1.3442766690495775,0.9621696267050741,0.7608789179112053,0.6219293284559615,-0.41018694109022097,-0.5773502691896258,-0.9728348501928482,-0.9348700291609396,1.0304638130973318,0.0,-0.510895987437489,0.21112427716888763,-1.6731909385538195,0.7840606526420169,0.2154613006269889,-1.6782109296654444,0.7659328154661065,0.0,-0.6919126161531287,1.0025031328271852,-0.4645486746559718,-0.4404881959216032,-0.41388775612546336,-0.4823542675723938,-0.43440451290484433,-0.4565733396744826,2.199867281995475,2.9003042436755413,-0.36268681476051967,-0.3239944068816741,-0.33333333333333337,-0.3096617686426661,-0.3096617686426661,-0.2998637292684633,-0.3626868147605197,-0.3692744729379982,-0.312079621228754,-0.4665361852810134,-0.4960906358752555,-0.5136370944265338,1.925066843759244,-0.503903259860269,-0.4665361852810134,-0.47841263385647226,-0.49217479094801325,1.8693266227366232,-0.5272146351966106,6556.983743981702,7079.73
261,1.0304638130973318,-1.4187478321005424,1.1181682189681517,-0.8171233736831638,-1.205181955608731,-0.7170411817390508,0.41218150450583796,0.017779286114826477,-0.4921642290910192,-0.7451428132817302,-0.723725957824542,0.19182163035080418,1.0131831326135328,-1.0683261445260184,-1.346517460461027,1.7320508075688774,0.2700156852768514,0.6900279646686893,1.0304638130973318,0.0,-0.510895987437489,0.21112427716888763,-0.18027018142348752,0.8997464737621964,0.2154613006269889,-0.18347841604670065,0.7659328154661065,0.0,-0.6919126161531287,1.0025031328271852,-0.4645486746559718,-0.4404881959216032,-0.41388775612546336,2.0731650308243945,-0.43440451290484433,-0.4565733396744826,-0.45457287727508316,-0.3447914135838056,-0.36268681476051967,3.086473033978053,-0.33333333333333337,-0.3096617686426661,-0.3096617686426661,-0.2998637292684633,-0.3626868147605197,-0.3692744729379982,-0.312079621228754,-0.4665361852810134,-0.4960906358752555,-0.5136370944265338,1.925066843759244,-0.503903259860269,-0.4665361852810134,-0.47841263385647226,-0.49217479094801325,-0.5349519917156254,1.8967606990406793,7262.666958884304,8665.77
578,-0.9704367948586523,-1.4187478321005424,0.42362509677302485,0.27850931055418315,0.034876648233035594,-0.7170411817390508,-0.3500589106690819,0.9504631478762154,0.3339603388284864,1.7336660852779522,-0.723725957824542,1.6015714721569905,0.4515270305996794,1.2060871504067892,0.6496472970932985,-0.5773502691896258,0.056772552166070786,1.7718562142878767,1.0304638130973318,0.0,0.7098667346831208,-1.2324605239858097,1.3126505757068445,0.6683748315218373,-1.233018031318535,1.311254097572043,0.6510357120772287,0.0,1.4452692098024813,-0.9975031172021119,-0.4645486746559718,-0.4404881959216032,-0.41388775612546336,-0.4823542675723938,-0.43440451290484433,2.190228629452953,-0.45457287727508316,-0.3447914135838056,-0.36268681476051967,-0.3239944068816741,3.0,-0.3096617686426661,-0.3096617686426661,-0.2998637292684633,-0.3626868147605197,-0.3692744729379982,-0.312079621228754,-0.4665361852810134,2.015760685012114,-0.5136370944265338,-0.5194624816493197,-0.503903259860269,-0.4665361852810134,-0.47841263385647226,-0.49217479094801325,-0.5349519917156254,1.8967606990406793,5797.60009589119,6160.89
23,1.0304638130973318,0.33549987374249074,0.043524448389449875,-1.6397119504922761,1.2749352520748023,-1.350889740182411,1.3268700027157416,-0.3708389896190856,0.7962521777449177,0.4575234225982966,-0.723725957824542,0.8232250198139202,-0.5356611787261997,1.130042936898397,0.4850559325148736,-0.5773502691896258,-0.9728348501928482,-0.9348700291609396,-0.9704367948586523,0.0,1.6760226043466109,0.21112427716888763,-1.0760226357016867,0.4370031892814782,0.2154613006269889,-1.0803179242179468,0.30634440191059537,0.0,-0.6919126161531287,1.0025031328271852,-0.4645486746559718,-0.4404881959216032,-0.41388775612546336,-0.4823542675723938,2.302001867598112,-0.4565733396744826,-0.45457287727508316,-0.3447914135838056,-0.36268681476051967,-0.3239944068816741,-0.33333333333333337,-0.3096617686426661,-0.3096617686426661,-0.2998637292684633,2.757199763824596,-0.3692744729379982,-0.312079621228754,-0.4665361852810134,2.015760685012114,-0.5136370944265338,-0.5194624816493197,-0.503903259860269,-0.4665361852810134,-0.47841263385647226,-0.49217479094801325,-0.5349519917156254,1.8967606990406793,4678.964609422882,6224.39
30,-0.9704367948586523,1.504998344304513,-1.048452102506792,-1.6155181688214197,-0.27513800272740613,-0.7170411817390508,0.8695257536107899,0.1732265964083913,-0.4921642290910192,0.49681290081754276,-0.723725957824542,0.5989342506686478,1.3567407127786866,-0.43231999518310577,1.328633972348433,1.7320508075688774,0.18429133562859762,0.9451227779856052,-0.9704367948586523,0.0,-0.510895987437489,0.21112427716888763,1.3126505757068445,1.015432294882376,0.2154613006269889,1.311254097572043,0.8808299188549842,0.0,-0.6919126161531287,1.0025031328271852,-0.4645486746559718,-0.4404881959216032,-0.41388775612546336,-0.4823542675723938,-0.43440451290484433,2.190228629452953,-0.45457287727508316,-0.3447914135838056,-0.36268681476051967,-0.3239944068816741,-0.33333333333333337,-0.3096617686426661,-0.3096617686426661,-0.2998637292684633,2.757199763824596,-0.3692744729379982,-0.312079621228754,2.1434564596477332,-0.4960906358752555,-0.5136370944265338,-0.5194624816493197,-0.503903259860269,-0.4665361852810134,-0.47841263385647226,-0.49217479094801325,-0.5349519917156254,1.8967606990406793,2201.903577461647,1722.88
617,-0.9704367948586523,-0.24924936153852034,0.2610155834875961,0.4133032370060965,0.3448912991934773,0.5506559351476693,-0.8074031597740338,-1.6144174719676043,-0.4921642290910192,-1.3788769944285242,-0.723725957824542,-0.6009923588687108,0.8826951730369511,-1.7942027280152122,-0.10884887434219767,-0.5773502691896258,-0.9728348501928482,-0.9348700291609396,-0.9704367948586523,0.0,-0.510895987437489,-1.2324605239858097,0.11831397000257887,1.478175579363094,-1.233018031318535,0.11546808667704807,1.4553154357993732,0.0,1.4452692098024813,-0.9975031172021119,-0.4645486746559718,-0.4404881959216032,2.4161139951597566,-0.4823542675723938,-0.43440451290484433,-0.4565733396744826,-0.45457287727508316,-0.3447914135838056,2.7571997638245955,-0.3239944068816741,-0.33333333333333337,-0.3096617686426661,-0.3096617686426661,-0.2998637292684633,-0.3626868147605197,-0.3692744729379982,-0.312079621228754,-0.4665361852810134,-0.4960906358752555,-0.5136370944265338,1.925066843759244,-0.503903259860269,-0.4665361852810134,-0.47841263385647226,-0.49217479094801325,-0.5349519917156254,1.8967606990406793,4989.800234073346,6467.16
10,1.0304638130973318,0.9202491090235018,0.08083354241040785,-1.6846432593095806,-0.27513800272740613,-1.350889740182411,1.3268700027157416,-0.6817336102062153,-0.4921642290910192,-0.7038123232069394,-0.723725957824542,0.01613686298362381,-0.24136162912722145,-0.9991950413365713,1.0679535843740147,-0.5773502691896258,1.4048718443213486,-0.06486203897851656,-0.9704367948586523,0.0,-0.510895987437489,1.6547090783235852,-1.0760226357016867,-1.0669124852808558,1.6639406325725128,-1.0803179242179468,-1.072420838755938,0.0,-0.6919126161531287,-0.9975031172021119,2.1526269572086583,-0.4404881959216032,-0.41388775612546336,2.0731650308243945,-0.43440451290484433,-0.4565733396744826,-0.45457287727508316,-0.3447914135838056,-0.36268681476051967,-0.3239944068816741,-0.33333333333333337,3.2293298729878037,-0.3096617686426661,-0.2998637292684633,-0.3626868147605197,-0.3692744729379982,-0.312079621228754,-0.4665361852810134,2.015760685012114,-0.5136370944265338,-0.5194624816493197,-0.503903259860269,-0.4665361852810134,-0.47841263385647226,-0.49217479094801325,-0.5349519917156254,1.8967606990406793,4988.82902260577,6459.06
221,-0.9704367948586523,-1.4187478321005424,1.4132176234935034,-0.9553735546594851,-0.27513800272740613,0.5506559351476693,-0.8074031597740338,-0.059944369031955935,-0.4921642290910192,1.629574480645145,-0.723725957824542,0.18312001339595593,-0.6082995907773897,-1.1823924647886062,1.1204095574110258,-0.5773502691896258,-0.9728348501928482,-0.9348700291609396,1.0304638130973318,0.0,-0.510895987437489,0.21112427716888763,-0.4788543328495539,1.015432294882376,0.2154613006269889,-0.48242491877044935,0.8808299188549842,0.0,-0.6919126161531287,1.0025031328271852,-0.4645486746559718,2.2702083943651856,-0.41388775612546336,-0.4823542675723938,-0.43440451290484433,-0.4565733396744826,-0.45457287727508316,-0.3447914135838056,-0.36268681476051967,-0.3239944068816741,-0.33333333333333337,-0.3096617686426661,3.2293298729878037,-0.2998637292684633,-0.3626868147605197,-0.3692744729379982,-0.312079621228754,-0.4665361852810134,2.015760685012114,-0.5136370944265338,-0.5194624816493197,-0.503903259860269,2.1434564596477332,-0.47841263385647226,-0.49217479094801325,-0.5349519917156254,-0.5272146351966106,7819.362808337256,5006.13
820,-0.9704367948586523,0.9202491090235018,-1.3362919964687179,1.1149229054609275,-1.205181955608731,0.5506559351476693,-0.8074031597740338,-1.1480755410869097,-0.4921642290910192,0.03809548628375177,0.9110611965417386,1.514713513825868,0.4297962203708341,-0.062468593119564014,0.16025886667751127,1.7320508075688774,1.2944369170164807,1.4561113681404847,1.0304638130973318,0.0,-0.510895987437489,0.21112427716888763,-0.4788543328495539,-1.0669124852808558,0.2154613006269889,-0.48242491877044935,-1.1873179421448157,0.0,-0.6919126161531287,1.0025031328271852,-0.4645486746559718,2.2702083943651856,-0.41388775612546336,-0.4823542675723938,-0.43440451290484433,-0.4565733396744826,-0.45457287727508316,-0.3447914135838056,-0.36268681476051967,3.086473033978053,-0.33333333333333337,-0.3096617686426661,-0.3096617686426661,-0.2998637292684633,-0.3626868147605197,-0.3692744729379982,-0.312079621228754,2.1434564596477332,-0.4960906358752555,-0.5136370944265338,-0.5194624816493197,-0.503903259860269,-0.4665361852810134,-0.47841263385647226,-0.49217479094801325,1.8693266227366232,-0.5272146351966106,1821.4148900999994,1182.27
296,1.0304638130973318,0.9202491090235018,-0.610541372712885,-0.6961544653288826,0.654905950153919,1.8183530520343896,-0.8074031597740338,-1.1480755410869097,2.862699983726686,1.021352947692667,-0.723725957824542,1.294747184621793,0.19032200432760352,1.0954773853036737,0.15585600467833932,-0.5773502691896258,-0.9728348501928482,-0.9348700291609396,-0.9704367948586523,0.0,2.4877765849389095,0.21112427716888763,0.41689812142864524,1.3624897582429145,0.2154613006269889,0.4144145894007968,1.2255212290216175,0.0,-0.6919126161531287,1.0025031328271852,-0.4645486746559718,2.2702083943651856,-0.41388775612546336,-0.4823542675723938,-0.43440451290484433,-0.4565733396744826,-0.45457287727508316,-0.3447914135838056,-0.36268681476051967,-0.3239944068816741,-0.33333333333333337,-0.3096617686426661,-0.3096617686426661,-0.2998637292684633,2.757199763824596,-0.3692744729379982,-0.312079621228754,2.1434564596477332,-0.4960906358752555,-0.5136370944265338,-0.5194624816493197,-0.503903259860269,-0.4665361852810134,-0.47841263385647226,-0.49217479094801325,-0.5349519917156254,1.8967606990406793,3633.4522499510185,1535.36
54,-0.9704367948586523,-0.8339985968195314,-0.6907995912237543,-1.532568060235627,0.9649206011143607,1.8183530520343896,-0.8074031597740338,-1.4589701616740394,-0.4921642290910192,-1.0905840698327605,1.4417267248696541,-1.7157661754176141,0.8703233886156793,0.5424285597880976,0.20506142725502421,1.7320508075688774,1.3459935543494166,1.6019340765266856,1.0304638130973318,0.0,-0.510895987437489,1.6547090783235852,-1.0760226357016867,1.5938614004832736,1.6639406325725128,-1.0803179242179468,1.5702125391882509,0.0,-0.6919126161531287,-0.9975031172021119,2.1526269572086583,-0.4404881959216032,2.4161139951597566,-0.4823542675723938,-0.43440451290484433,-0.4565733396744826,-0.45457287727508316,-0.3447914135838056,-0.36268681476051967,-0.3239944068816741,3.0,-0.3096617686426661,-0.3096617686426661,-0.2998637292684633,-0.3626868147605197,-0.3692744729379982,-0.312079621228754,-0.4665361852810134,-0.4960906358752555,-0.5136370944265338,1.925066843759244,-0.503903259860269,-0.4665361852810134,-0.47841263385647226,-0.49217479094801325,1.8693266227366232,-0.5272146351966106,3281.8856120036244,4758.95
542,1.0304638130973318,-1.4187478321005424,-0.25323243533832734,0.15408414767549392,0.9649206011143607,0.5506559351476693,-0.8074031597740338,-0.8371809204997801,1.474655443071116,1.0647244496230028,-0.723725957824542,-0.1267454453174009,-0.30898259527422883,-0.3735585574720758,0.4280595080412161,-0.5773502691896258,-0.9728348501928482,-0.9348700291609396,-0.9704367948586523,0.0,2.3680297892254427,0.21112427716888763,1.6112347271329108,1.8252330427236327,0.2154613006269889,1.6102006002957916,1.6851096425771286,0.0,-0.6919126161531287,1.0025031328271852,-0.4645486746559718,2.2702083943651856,-0.41388775612546336,-0.4823542675723938,-0.43440451290484433,-0.4565733396744826,-0.45457287727508316,-0.3447914135838056,2.7571997638245955,-0.3239944068816741,-0.33333333333333337,-0.3096617686426661,-0.3096617686426661,-0.2998637292684633,-0.3626868147605197,-0.3692744729379982,-0.312079621228754,-0.4665361852810134,2.015760685012114,-0.5136370944265338,-0.5194624816493197,-0.503903259860269,2.1434564596477332,-0.47841263385647226,-0.49217479094801325,-0.5349519917156254,-0.5272146351966106,3754.8939085010957,5350.04
209,1.0304638130973318,1.504998344304513,-0.9877581245125121,-0.9968486089523816,0.9649206011143607,0.5506559351476693,-0.8074031597740338,-0.21539167932552078,-0.4921642290910192,1.122893287506042,1.0706668969393636,-1.3008308893524827,0.1540199813359269,0.39725324309025883,0.6011814177430369,-0.5773502691896258,-0.9728348501928482,-0.9348700291609396,1.0304638130973318,0.0,-0.510895987437489,-1.2324605239858097,-0.18027018142348752,-1.529655769761574,-1.233018031318535,-0.18347841604670065,-1.532009252311449,0.0,1.4452692098024813,-0.9975031172021119,-0.4645486746559718,-0.4404881959216032,-0.41388775612546336,-0.4823542675723938,-0.43440451290484433,-0.4565733396744826,2.199867281995475,-0.3447914135838056,-0.36268681476051967,-0.3239944068816741,-0.33333333333333337,3.2293298729878037,-0.3096617686426661,-0.2998637292684633,-0.3626868147605197,-0.3692744729379982,-0.312079621228754,-0.4665361852810134,-0.4960906358752555,-0.5136370944265338,1.925066843759244,-0.503903259860269,-0.4665361852810134,-0.47841263385647226,2.031798495964875,-0.5349519917156254,-0.5272146351966106,2190.6556417065135,4139.7
604,1.0304638130973318,-0.8339985968195314,0.9993238182052745,0.36837192818879205,0.034876648233035594,1.8183530520343896,-0.8074031597740338,-0.2931153344723032,-0.4921642290910192,1.0376810425370286,1.8115371931099438,-1.4474926878460175,-0.6786354762835095,0.5458851149475699,1.498711715746139,-0.5773502691896258,1.505239499247596,0.0955437312992959,1.0304638130973318,0.0,-0.510895987437489,0.21112427716888763,0.7154822728547117,-0.9512266641606762,0.2154613006269889,0.7133610921245456,-1.072420838755938,0.0,-0.6919126161531287,1.0025031328271852,-0.4645486746559718,2.2702083943651856,-0.41388775612546336,-0.4823542675723938,-0.43440451290484433,-0.4565733396744826,-0.45457287727508316,2.9003042436755413,-0.36268681476051967,-0.3239944068816741,-0.33333333333333337,-0.3096617686426661,-0.3096617686426661,-0.2998637292684633,-0.3626868147605197,-0.3692744729379982,-0.312079621228754,2.1434564596477332,-0.4960906358752555,-0.5136370944265338,-0.5194624816493197,-0.503903259860269,-0.4665361852810134,-0.47841263385647226,2.031798495964875,-0.5349519917156254,-0.5272146351966106,6816.11736281165,10596.79
692,1.0304638130973318,-1.4187478321005424,-0.7079989903622181,0.6725223263366992,-0.27513800272740613,0.5506559351476693,-0.8074031597740338,-0.992628230793345,-0.4921642290910192,1.7163174845058176,-0.723725957824542,-0.835443803973382,1.6749132241683413,1.1127601611010358,-0.23959323730198726,-0.5773502691896258,1.408837739500805,0.4789868924281954,-0.9704367948586523,0.0,-0.510895987437489,-1.2324605239858097,1.6112347271329108,-0.3727975585597786,-1.233018031318535,1.6102006002957916,-0.38303821842267133,0.0,1.4452692098024813,-0.9975031172021119,-0.4645486746559718,2.2702083943651856,-0.41388775612546336,-0.4823542675723938,-0.43440451290484433,-0.4565733396744826,-0.45457287727508316,-0.3447914135838056,-0.36268681476051967,3.086473033978053,-0.33333333333333337,-0.3096617686426661,-0.3096617686426661,-0.2998637292684633,-0.3626868147605197,-0.3692744729379982,-0.312079621228754,2.1434564596477332,-0.4960906358752555,-0.5136370944265338,-0.5194624816493197,-0.503903259860269,2.1434564596477332,-0.47841263385647226,-0.49217479094801325,-0.5349519917156254,-0.5272146351966106,3325.194518679458,1140.21
662,-0.9704367948586523,-1.4187478321005424,-1.2991994063466294,0.5688346906044581,-0.8951673046482895,-0.7170411817390508,0.10728533843587001,-0.7594572653529976,2.7649566784259916,-0.4461345764443539,-0.723725957824542,0.8071929497880179,0.5960019797858657,-1.337937446964862,-0.49408210059007035,-0.5773502691896258,-0.9728348501928482,-0.9348700291609396,1.0304638130973318,0.0,1.4945582495733871,-1.2324605239858097,1.014066424280778,1.5938614004832736,-1.233018031318535,1.0123075948482942,1.5702125391882509,0.0,1.4452692098024813,-0.9975031172021119,-0.4645486746559718,-0.4404881959216032,-0.41388775612546336,-0.4823542675723938,2.302001867598112,-0.4565733396744826,-0.45457287727508316,-0.3447914135838056,-0.36268681476051967,-0.3239944068816741,-0.33333333333333337,3.2293298729878037,-0.3096617686426661,-0.2998637292684633,-0.3626868147605197,-0.3692744729379982,-0.312079621228754,-0.4665361852810134,-0.4960906358752555,-0.5136370944265338,1.925066843759244,-0.503903259860269,-0.4665361852810134,-0.47841263385647226,-0.49217479094801325,-0.5349519917156254,1.8967606990406793,2107.22797507606,1827.17
866,1.0304638130973318,1.504998344304513,-0.8427826344383932,1.273910613583697,-0.5851526536878479,-0.08319262329569078,-0.19761082763409793,1.7276996993440397,-0.4921642290910192,1.2820922122385703,1.7637491849674063,1.6280982196011649,-1.2688726913816903,-0.014076820886951195,1.5272787227017046,-0.5773502691896258,-0.9728348501928482,-0.9348700291609396,-0.9704367948586523,0.0,-0.510895987437489,-1.2324605239858097,1.3126505757068445,0.08994572592093958,-1.233018031318535,1.311254097572043,0.0765501951328398,0.0,1.4452692098024813,-0.9975031172021119,-0.4645486746559718,-0.4404881959216032,-0.41388775612546336,2.0731650308243945,-0.43440451290484433,-0.4565733396744826,-0.45457287727508316,-0.3447914135838056,2.7571997638245955,-0.3239944068816741,-0.33333333333333337,-0.3096617686426661,-0.3096617686426661,-0.2998637292684633,-0.3626868147605197,-0.3692744729379982,-0.312079621228754,2.1434564596477332,-0.4960906358752555,-0.5136370944265338,-0.5194624816493197,-0.503903259860269,-0.4665361852810134,-0.47841263385647226,-0.49217479094801325,1.8693266227366232,-0.5272146351966106,3192.7991337865865,3394.49
70,1.0304638130973318,-0.8339985968195314,-1.3056344132718312,-1.4772679878450985,-1.5151966065691729,-0.08319262329569078,2.0891104178906614,0.8727394927294331,1.221831028579354,0.08912078267238253,-0.723725957824542,1.6898357524202097,-0.11783852596557776,-0.40466755390732695,-1.0872129668613495,-0.5773502691896258,1.2743023722592397,1.4703424114510397,1.0304638130973318,0.0,0.5550107278382117,-1.2324605239858097,1.6112347271329108,0.7840606526420169,-1.233018031318535,1.6102006002957916,0.7659328154661065,0.0,1.4452692098024813,-0.9975031172021119,-0.4645486746559718,-0.4404881959216032,-0.41388775612546336,-0.4823542675723938,-0.43440451290484433,2.190228629452953,-0.45457287727508316,-0.3447914135838056,-0.36268681476051967,-0.3239944068816741,-0.33333333333333337,-0.3096617686426661,-0.3096617686426661,-0.2998637292684633,-0.3626868147605197,2.7080128015453204,-0.312079621228754,-0.4665361852810134,-0.4960906358752555,-0.5136370944265338,1.925066843759244,-0.503903259860269,-0.4665361852810134,2.0902458029568014,-0.49217479094801325,-0.5349519917156254,-0.5272146351966106,1849.8506963843713,891.02
543,-0.9704367948586523,-0.8339985968195314,0.21004611708886534,0.15754040219990195,-0.8951673046482895,1.8183530520343896,-0.8074031597740338,-1.0703518859401273,-0.4921642290910192,1.4882344096486382,-0.723725957824542,0.7712086873504936,0.9528019514241585,0.6772342110075191,0.4500222219980237,-0.5773502691896258,1.5534403791209912,-0.19526712456745682,1.0304638130973318,0.0,-0.510895987437489,-1.2324605239858097,1.6112347271329108,1.1311181160025554,-1.233018031318535,1.6102006002957916,1.1106241256327398,0.0,1.4452692098024813,-0.9975031172021119,-0.4645486746559718,-0.4404881959216032,2.4161139951597566,-0.4823542675723938,-0.43440451290484433,-0.4565733396744826,-0.45457287727508316,-0.3447914135838056,-0.36268681476051967,-0.3239944068816741,-0.33333333333333337,-0.3096617686426661,-0.3096617686426661,-0.2998637292684633,-0.3626868147605197,2.7080128015453204,-0.312079621228754,-0.4665361852810134,-0.4960906358752555,-0.5136370944265338,-0.5194624816493197,1.984507899943528,-0.4665361852810134,-0.47841263385647226,-0.49217479094801325,-0.5349519917156254,1.8967606990406793,5322.397685250003,3182.78
107,1.0304638130973318,-1.4187478321005424,-1.120974905320579,-1.3493865704420012,1.2749352520748023,-0.08319262329569078,1.9366623348556775,1.5722523890504747,-0.4921642290910192,0.565697050942194,1.183733948884452,-1.5232055448652733,0.8372746867125594,0.32812213990081174,0.9495750721072123,-0.5773502691896258,-0.9728348501928482,-0.9348700291609396,-0.9704367948586523,0.0,-0.510895987437489,0.21112427716888763,1.014066424280778,0.2056315470411191,0.2154613006269889,1.0123075948482942,0.0765501951328398,0.0,-0.6919126161531287,1.0025031328271852,-0.4645486746559718,-0.4404881959216032,-0.41388775612546336,-0.4823542675723938,-0.43440451290484433,2.190228629452953,-0.45457287727508316,-0.3447914135838056,-0.36268681476051967,-0.3239944068816741,-0.33333333333333337,-0.3096617686426661,-0.3096617686426661,-0.2998637292684633,-0.3626868147605197,-0.3692744729379982,3.204310477123404,-0.4665361852810134,-0.4960906358752555,-0.5136370944265338,1.925066843759244,-0.503903259860269,-0.4665361852810134,-0.47841263385647226,-0.49217479094801325,1.8693266227366232,-0.5272146351966106,1971.5578934117573,1621.0
493,1.0304638130973318,0.9202491090235018,-0.7919939599552136,-0.015272324020499769,-0.5851526536878479,-0.7170411817390508,1.7842142518206936,-0.21539167932552078,1.3835160843678678,1.7520351919778592,1.3714502423070989,-1.1028559193615697,-0.49824798620779776,-1.5418742013737308,0.3172656135151752,-0.5773502691896258,0.05738268988598728,0.4269830687908467,1.0304638130973318,0.0,2.2710867205799983,0.21112427716888763,1.014066424280778,-1.529655769761574,0.2154613006269889,1.0123075948482942,-1.6469063557003267,0.0,-0.6919126161531287,1.0025031328271852,-0.4645486746559718,-0.4404881959216032,-0.41388775612546336,-0.4823542675723938,2.302001867598112,-0.4565733396744826,-0.45457287727508316,-0.3447914135838056,-0.36268681476051967,-0.3239944068816741,-0.33333333333333337,-0.3096617686426661,-0.3096617686426661,3.334848140652303,-0.3626868147605197,-0.3692744729379982,-0.312079621228754,-0.4665361852810134,-0.4960906358752555,1.9468998848622512,-0.5194624816493197,-0.503903259860269,-0.4665361852810134,-0.47841263385647226,-0.49217479094801325,1.8693266227366232,-0.5272146351966106,3203.81149117127,3856.54
590,-0.9704367948586523,0.33549987374249074,0.5293490380093809,0.3199843648470796,0.3448912991934773,1.8183530520343896,-0.8074031597740338,0.017779286114826477,-0.4921642290910192,1.1994312320889882,1.5398014605347308,0.08557400838089857,0.7843853083116219,-0.22492668561476448,-0.8300583082222053,1.7320508075688774,1.3758903026253195,1.7857391942823315,-0.9704367948586523,0.0,-0.510895987437489,1.6547090783235852,-1.6731909385538195,0.7840606526420169,1.6639406325725128,-1.6782109296654444,0.6510357120772287,0.0,-0.6919126161531287,-0.9975031172021119,2.1526269572086583,2.2702083943651856,-0.41388775612546336,-0.4823542675723938,-0.43440451290484433,-0.4565733396744826,-0.45457287727508316,2.9003042436755413,-0.36268681476051967,-0.3239944068816741,-0.33333333333333337,-0.3096617686426661,-0.3096617686426661,-0.2998637292684633,-0.3626868147605197,-0.3692744729379982,-0.312079621228754,-0.4665361852810134,-0.4960906358752555,1.9468998848622512,-0.5194624816493197,-0.503903259860269,-0.4665361852810134,-0.47841263385647226,2.031798495964875,-0.5349519917156254,-0.5272146351966106,5685.752518793378,9409.86
741,-0.9704367948586523,-0.8339985968195314,1.2951013931491133,0.8418787980326928,-0.5851526536878479,0.5506559351476693,-0.8074031597740338,-0.21539167932552078,-0.4921642290910192,-0.4180706634306071,-0.723725957824542,-1.3312953382065273,1.655015270890796,0.5147761185123187,1.4973014240120293,-0.5773502691896258,1.5000533286283064,0.5423383712234049,-0.9704367948586523,0.0,-0.510895987437489,0.21112427716888763,-1.0760226357016867,-1.1825983064010355,0.2154613006269889,-1.0803179242179468,-1.3022150455336934,0.0,-0.6919126161531287,1.0025031328271852,-0.4645486746559718,-0.4404881959216032,-0.41388775612546336,-0.4823542675723938,-0.43440451290484433,-0.4565733396744826,2.199867281995475,-0.3447914135838056,2.7571997638245955,-0.3239944068816741,-0.33333333333333337,-0.3096617686426661,-0.3096617686426661,-0.2998637292684633,-0.3626868147605197,-0.3692744729379982,-0.312079621228754,-0.4665361852810134,2.015760685012114,-0.5136370944265338,-0.5194624816493197,-0.503903259860269,-0.4665361852810134,-0.47841263385647226,-0.49217479094801325,-0.5349519917156254,1.8967606990406793,7531.616788638539,9455.01
292,-0.9704367948586523,0.9202491090235018,0.329232321554153,-0.7099794834265147,1.2749352520748023,-0.08319262329569078,2.2415585009256453,0.3286739067019561,2.0282832087968634,-1.434494567492132,-0.723725957824542,0.2798398042759064,-0.06733186160132978,-1.5798963081279265,1.4631448461590773,1.7320508075688774,0.045485004347617534,0.08610251385007542,1.0304638130973318,0.0,0.5680823048938796,1.6547090783235852,-0.7774384842756202,1.3624897582429145,1.6639406325725128,-0.7813714214941981,1.3404183324104952,0.0,-0.6919126161531287,-0.9975031172021119,2.1526269572086583,-0.4404881959216032,-0.41388775612546336,-0.4823542675723938,2.302001867598112,-0.4565733396744826,-0.45457287727508316,-0.3447914135838056,-0.36268681476051967,-0.3239944068816741,-0.33333333333333337,-0.3096617686426661,-0.3096617686426661,3.334848140652303,-0.3626868147605197,-0.3692744729379982,-0.312079621228754,-0.4665361852810134,2.015760685012114,-0.5136370944265338,-0.5194624816493197,-0.503903259860269,-0.4665361852810134,-0.47841263385647226,-0.49217479094801325,-0.5349519917156254,1.8967606990406793,5238.39841899235,3606.05
289,-0.9704367948586523,1.504998344304513,0.17241607701092668,-0.7203482469997389,1.584949903035244,-0.7170411817390508,1.7842142518206936,0.7950158375826506,-0.4921642290910192,-0.8982187024476224,-0.723725957824542,0.5672216910998672,0.41466369516666735,-0.3701020023126032,0.08417190775431883,-0.5773502691896258,0.35207920860560665,0.6174488527318664,1.0304638130973318,0.0,-0.510895987437489,1.6547090783235852,-1.6731909385538195,0.7840606526420169,1.6639406325725128,-1.6782109296654444,0.6510357120772287,0.0,-0.6919126161531287,-0.9975031172021119,2.1526269572086583,-0.4404881959216032,-0.41388775612546336,-0.4823542675723938,2.302001867598112,-0.4565733396744826,-0.45457287727508316,-0.3447914135838056,-0.36268681476051967,-0.3239944068816741,-0.33333333333333337,-0.3096617686426661,-0.3096617686426661,-0.2998637292684633,-0.3626868147605197,-0.3692744729379982,3.204310477123404,2.1434564596477332,-0.4960906358752555,-0.5136370944265338,-0.5194624816493197,-0.503903259860269,-0.4665361852810134,2.0902458029568014,-0.49217479094801325,-0.5349519917156254,-0.5272146351966106,4736.624218432993,6019.89
652,-0.9704367948586523,0.9202491090235018,1.1458134501928174,0.5342721453603777,-0.27513800272740613,-0.08319262329569078,-0.8074031597740338,-0.9149045756465625,0.838612975485787,-0.1874363237539959,1.6972207814748543,1.04820137090109,-1.490648382488935,-0.7745189559708685,0.40571842313135476,-0.5773502691896258,0.025350459590376337,1.8831455043459906,1.0304638130973318,0.0,1.4432724772586631,0.21112427716888763,0.7154822728547117,1.5938614004832736,0.2154613006269889,0.7133610921245456,1.4553154357993732,0.0,-0.6919126161531287,1.0025031328271852,-0.4645486746559718,-0.4404881959216032,-0.41388775612546336,-0.4823542675723938,-0.43440451290484433,-0.4565733396744826,2.199867281995475,-0.3447914135838056,2.7571997638245955,-0.3239944068816741,-0.33333333333333337,-0.3096617686426661,-0.3096617686426661,-0.2998637292684633,-0.3626868147605197,-0.3692744729379982,-0.312079621228754,-0.4665361852810134,-0.4960906358752555,-0.5136370944265338,-0.5194624816493197,1.984507899943528,-0.4665361852810134,-0.47841263385647226,-0.49217479094801325,1.8693266227366232,-0.5272146351966106,7648.106430248565,2450.52
39,1.0304638130973318,-0.8339985968195314,1.3199814085619808,-1.5844118781017476,-0.8951673046482895,-0.08319262329569078,-0.8074031597740338,-1.3035228513804746,-0.4921642290910192,1.340771303085495,-0.723725957824542,0.49752086034032456,1.0944245169798852,1.174978153971538,1.1700105496204487,-0.5773502691896258,-0.9728348501928482,-0.9348700291609396,1.0304638130973318,0.0,-0.510895987437489,0.21112427716888763,1.014066424280778,1.3624897582429145,0.2154613006269889,1.0123075948482942,1.2255212290216175,0.0,-0.6919126161531287,1.0025031328271852,-0.4645486746559718,2.2702083943651856,-0.41388775612546336,-0.4823542675723938,-0.43440451290484433,-0.4565733396744826,-0.45457287727508316,-0.3447914135838056,-0.36268681476051967,-0.3239944068816741,-0.33333333333333337,-0.3096617686426661,-0.3096617686426661,3.334848140652303,-0.3626868147605197,-0.3692744729379982,-0.312079621228754,-0.4665361852810134,2.015760685012114,-0.5136370944265338,-0.5194624816493197,-0.503903259860269,2.1434564596477332,-0.47841263385647226,-0.49217479094801325,-0.5349519917156254,-0.5272146351966106,6737.09575290888,9969.0
589,1.0304638130973318,1.504998344304513,0.23410568047117777,0.31652811032267153,1.584949903035244,-0.08319262329569078,-0.8074031597740338,-1.381246506527257,-0.4921642290910192,0.9784916987262171,-0.723725957824542,1.047357577741832,1.0903922316870258,-1.7492675109420717,-0.0954339041884702,-0.5773502691896258,1.7465489674745307,0.32975079038523797,1.0304638130973318,0.0,-0.510895987437489,0.21112427716888763,0.7154822728547117,-0.8355408430404968,0.2154613006269889,0.7133610921245456,-0.9575237353670601,0.0,-0.6919126161531287,1.0025031328271852,-0.4645486746559718,-0.4404881959216032,2.4161139951597566,-0.4823542675723938,-0.43440451290484433,-0.4565733396744826,-0.45457287727508316,2.9003042436755413,-0.36268681476051967,-0.3239944068816741,-0.33333333333333337,-0.3096617686426661,-0.3096617686426661,-0.2998637292684633,-0.3626868147605197,-0.3692744729379982,-0.312079621228754,-0.4665361852810134,-0.4960906358752555,1.9468998848622512,-0.5194624816493197,-0.503903259860269,2.1434564596477332,-0.47841263385647226,-0.49217479094801325,-0.5349519917156254,-0.5272146351966106,5279.8096212324535,8321.33
307,1.0304638130973318,-1.4187478321005424,-0.727685682959541,-0.6581356655603942,0.9649206011143607,-0.08319262329569078,0.8695257536107899,2.1163179750779517,-0.19913310659431796,-0.30071248173675613,-0.03845216785900516,-0.8309963108631262,-0.11607440114995209,-1.73198473514471,1.6114146637171336,1.7320508075688774,0.7001627778179109,0.18486547979353424,-0.9704367948586523,0.0,1.499092043281722,0.21112427716888763,1.3126505757068445,-1.6453415908817535,0.2154613006269889,1.0123075948482942,1.8000067459660063,0.0,-0.6919126161531287,1.0025031328271852,-0.4645486746559718,-0.4404881959216032,-0.41388775612546336,-0.4823542675723938,2.302001867598112,-0.4565733396744826,-0.45457287727508316,-0.3447914135838056,-0.36268681476051967,-0.3239944068816741,-0.33333333333333337,-0.3096617686426661,-0.3096617686426661,-0.2998637292684633,-0.3626868147605197,2.7080128015453204,-0.312079621228754,-0.4665361852810134,-0.4960906358752555,1.9468998848622512,-0.5194624816493197,-0.503903259860269,-0.4665361852810134,-0.47841263385647226,2.031798495964875,-0.5349519917156254,-0.5272146351966106,3679.9249986812997,2307.18
679,-0.9704367948586523,0.33549987374249074,-0.6888282743514657,0.6275910175193947,0.654905950153919,-0.08319262329569078,0.41218150450583796,1.1059104581697803,-0.4921642290910192,-1.260498306806901,0.34104083797879214,-0.5242423394245335,1.4192755008858378,-1.3413940021243342,-0.46940199524314863,-0.5773502691896258,0.508274464904204,1.4990892771489597,-0.9704367948586523,0.0,-0.510895987437489,1.6547090783235852,-0.4788543328495539,0.08994572592093958,1.6639406325725128,-0.48242491877044935,0.0765501951328398,0.0,-0.6919126161531287,-0.9975031172021119,2.1526269572086583,-0.4404881959216032,-0.41388775612546336,2.0731650308243945,-0.43440451290484433,-0.4565733396744826,-0.45457287727508316,-0.3447914135838056,-0.36268681476051967,-0.3239944068816741,-0.33333333333333337,3.2293298729878037,-0.3096617686426661,-0.2998637292684633,-0.3626868147605197,-0.3692744729379982,-0.312079621228754,-0.4665361852810134,-0.4960906358752555,1.9468998848622512,-0.5194624816493197,-0.503903259860269,-0.4665361852810134,-0.47841263385647226,-0.49217479094801325,1.8693266227366232,-0.5272146351966106,3292.393745133578,4172.42
66,-0.9704367948586523,-0.8339985968195314,-0.2622494032643746,-1.4910930059427305,-0.27513800272740613,-0.08319262329569078,1.6317661687857095,-0.6817336102062153,-0.24750443778223927,0.7320395171691305,-0.723725957824542,-1.5011614485796578,1.242267340814084,0.9814110650410861,-0.4072287681845274,-0.5773502691896258,1.0070620509358583,-0.14069633397386838,1.0304638130973318,0.0,0.39962491692396535,1.6547090783235852,-1.6731909385538195,-0.7198550219203173,1.6639406325725128,-1.6782109296654444,-0.8426266319781824,0.0,-0.6919126161531287,-0.9975031172021119,2.1526269572086583,-0.4404881959216032,-0.41388775612546336,-0.4823542675723938,-0.43440451290484433,2.190228629452953,-0.45457287727508316,2.9003042436755413,-0.36268681476051967,-0.3239944068816741,-0.33333333333333337,-0.3096617686426661,-0.3096617686426661,-0.2998637292684633,-0.3626868147605197,-0.3692744729379982,-0.312079621228754,-0.4665361852810134,-0.4960906358752555,-0.5136370944265338,-0.5194624816493197,1.984507899943528,-0.4665361852810134,-0.47841263385647226,-0.49217479094801325,-0.5349519917156254,1.8967606990406793,3483.4048410896135,1967.83
275,-0.9704367948586523,-0.8339985968195314,-0.5011306309917603,-0.7687358103414513,0.3448912991934773,-0.08319262329569078,-0.8074031597740338,-0.6040099550594329,-0.4921642290910192,1.1519777064475611,0.8470315124291883,-0.71267189930134,-0.6017929486002763,-0.01062026572747861,-0.5992520268593564,1.7320508075688774,1.5668634089591518,0.2280134651951039,-0.9704367948586523,0.0,-0.510895987437489,0.21112427716888763,1.014066424280778,0.6683748315218373,0.2154613006269889,1.0123075948482942,0.5361386086883508,0.0,-0.6919126161531287,1.0025031328271852,-0.4645486746559718,2.2702083943651856,-0.41388775612546336,-0.4823542675723938,-0.43440451290484433,-0.4565733396744826,-0.45457287727508316,-0.3447914135838056,-0.36268681476051967,-0.3239944068816741,-0.33333333333333337,3.2293298729878037,-0.3096617686426661,-0.2998637292684633,-0.3626868147605197,-0.3692744729379982,-0.312079621228754,2.1434564596477332,-0.4960906358752555,-0.5136370944265338,-0.5194624816493197,-0.503903259860269,-0.4665361852810134,-0.47841263385647226,-0.49217479094801325,1.8693266227366232,-0.5272146351966106,3484.9735587452788,3918.32
67,1.0304638130973318,-1.4187478321005424,-0.3671224911050664,-1.4876367514183224,0.3448912991934773,-0.08319262329569078,-0.6549550767390498,2.194041630224734,-0.4921642290910192,-1.080889263518921,-0.1418366822065862,1.2213547587904963,0.9268441148513789,0.6530383248912129,-0.48218061424855835,-0.5773502691896258,-0.9728348501928482,-0.9348700291609396,-0.9704367948586523,0.0,-0.510895987437489,-1.2324605239858097,1.6112347271329108,-0.3727975585597786,-1.233018031318535,1.6102006002957916,-0.38303821842267133,0.0,1.4452692098024813,-0.9975031172021119,-0.4645486746559718,-0.4404881959216032,-0.41388775612546336,2.0731650308243945,-0.43440451290484433,-0.4565733396744826,-0.45457287727508316,2.9003042436755413,-0.36268681476051967,-0.3239944068816741,-0.33333333333333337,-0.3096617686426661,-0.3096617686426661,-0.2998637292684633,-0.3626868147605197,-0.3692744729379982,-0.312079621228754,2.1434564596477332,-0.4960906358752555,-0.5136370944265338,-0.5194624816493197,-0.503903259860269,-0.4665361852810134,-0.47841263385647226,-0.49217479094801325,1.8693266227366232,-0.5272146351966106,3429.4495392310196,6335.74
318,-0.9704367948586523,-1.4187478321005424,-0.9607894198683883,-0.6201168657919058,1.584949903035244,0.5506559351476693,-0.8074031597740338,-1.2257991962336923,-0.4921642290910192,-1.6084908281773627,-0.723725957824542,0.7672358278923205,-0.22309033639395398,0.9088234066921668,0.25555675080802887,-0.5773502691896258,-0.9728348501928482,-0.9348700291609396,-0.9704367948586523,0.0,-0.510895987437489,0.21112427716888763,1.014066424280778,0.7840606526420169,0.2154613006269889,1.0123075948482942,0.6510357120772287,0.0,-0.6919126161531287,1.0025031328271852,-0.4645486746559718,-0.4404881959216032,-0.41388775612546336,-0.4823542675723938,-0.43440451290484433,-0.4565733396744826,2.199867281995475,-0.3447914135838056,-0.36268681476051967,-0.3239944068816741,-0.33333333333333337,-0.3096617686426661,-0.3096617686426661,-0.2998637292684633,-0.3626868147605197,2.7080128015453204,-0.312079621228754,-0.4665361852810134,2.015760685012114,-0.5136370944265338,-0.5194624816493197,-0.503903259860269,-0.4665361852810134,2.0902458029568014,-0.49217479094801325,-0.5349519917156254,-0.5272146351966106,2590.4810570096797,2236.95
548,-0.9704367948586523,0.33549987374249074,-0.24633371138835194,0.17482167482194214,0.654905950153919,-0.08319262329569078,1.7842142518206936,1.9608706647843868,-0.4921642290910192,0.4355825451511857,2.182284681117734,-0.44780874241507773,1.2361158146712856,-0.5256469844888592,0.5289125657097516,1.7320508075688774,-0.0014956000859450765,0.6779248539042929,1.0304638130973318,0.0,-0.510895987437489,0.21112427716888763,-0.18027018142348752,-1.6453415908817535,0.2154613006269889,-0.48242491877044935,1.8000067459660063,0.0,-0.6919126161531287,1.0025031328271852,-0.4645486746559718,-0.4404881959216032,-0.41388775612546336,-0.4823542675723938,-0.43440451290484433,2.190228629452953,-0.45457287727508316,-0.3447914135838056,-0.36268681476051967,-0.3239944068816741,-0.33333333333333337,-0.3096617686426661,-0.3096617686426661,-0.2998637292684633,-0.3626868147605197,2.7080128015453204,-0.312079621228754,-0.4665361852810134,2.015760685012114,-0.5136370944265338,-0.5194624816493197,-0.503903259860269,-0.4665361852810134,-0.47841263385647226,-0.49217479094801325,1.8693266227366232,-0.5272146351966106,3591.083877695005,5440.08
998,1.0304638130973318,1.504998344304513,1.5566492629784199,1.7301362108055578,0.654905950153919,-0.08319262329569078,-0.5025069937040658,0.7950158375826506,-0.4921642290910192,-1.3972461011284314,-0.723725957824542,1.5775057880939856,-1.3150492311984932,-1.742354400623127,0.3950380430474257,1.7320508075688774,1.2602692047011628,1.3356181765304913,1.0304638130973318,0.0,-0.510895987437489,0.21112427716888763,-0.7774384842756202,-0.8355408430404968,0.2154613006269889,-0.7813714214941981,-0.9575237353670601,0.0,-0.6919126161531287,1.0025031328271852,-0.4645486746559718,-0.4404881959216032,-0.41388775612546336,-0.4823542675723938,-0.43440451290484433,2.190228629452953,-0.45457287727508316,-0.3447914135838056,-0.36268681476051967,-0.3239944068816741,-0.33333333333333337,-0.3096617686426661,-0.3096617686426661,3.334848140652303,-0.3626868147605197,-0.3692744729379982,-0.312079621228754,2.1434564596477332,-0.4960906358752555,-0.5136370944265338,-0.5194624816493197,-0.503903259860269,-0.4665361852810134,-0.47841263385647226,-0.49217479094801325,-0.5349519917156254,1.8967606990406793,8196.72485330433,10555.33
714,-0.9704367948586523,-0.8339985968195314,0.534971828210526,0.7485599258736759,0.034876648233035594,-0.08319262329569078,-0.8074031597740338,-1.1480755410869097,2.8747440453803685,0.49068986525090685,-0.723725957824542,-0.7246959518207668,-1.1810788434144424,-0.7123009631003662,-1.2796661925282853,-0.5773502691896258,-0.9728348501928482,-0.9348700291609396,-0.9704367948586523,0.0,1.1002677235322724,0.21112427716888763,1.3126505757068445,0.6683748315218373,0.2154613006269889,1.311254097572043,0.5361386086883508,0.0,-0.6919126161531287,1.0025031328271852,-0.4645486746559718,2.2702083943651856,-0.41388775612546336,-0.4823542675723938,-0.43440451290484433,-0.4565733396744826,-0.45457287727508316,-0.3447914135838056,-0.36268681476051967,3.086473033978053,-0.33333333333333337,-0.3096617686426661,-0.3096617686426661,-0.2998637292684633,-0.3626868147605197,-0.3692744729379982,-0.312079621228754,2.1434564596477332,-0.4960906358752555,-0.5136370944265338,-0.5194624816493197,-0.503903259860269,2.1434564596477332,-0.47841263385647226,-0.49217479094801325,-0.5349519917156254,-0.5272146351966106,5953.658593423947,9760.07
753,-0.9704367948586523,-1.4187478321005424,-0.6506978816796589,0.8833538523255893,-1.5151966065691729,-0.08319262329569078,-0.8074031597740338,-1.0703518859401273,-0.4921642290910192,-0.10069331989332385,-0.12590734615907367,-1.6221227137641252,-1.559712723485091,0.8120398622269411,1.0279150580690433,-0.5773502691896258,-0.9728348501928482,-0.9348700291609396,1.0304638130973318,0.0,-0.510895987437489,-1.2324605239858097,1.014066424280778,-0.9512266641606762,-1.233018031318535,1.0123075948482942,-0.9575237353670601,0.0,1.4452692098024813,-0.9975031172021119,-0.4645486746559718,-0.4404881959216032,-0.41388775612546336,-0.4823542675723938,-0.43440451290484433,-0.4565733396744826,2.199867281995475,2.9003042436755413,-0.36268681476051967,-0.3239944068816741,-0.33333333333333337,-0.3096617686426661,-0.3096617686426661,-0.2998637292684633,-0.3626868147605197,-0.3692744729379982,-0.312079621228754,2.1434564596477332,-0.4960906358752555,-0.5136370944265338,-0.5194624816493197,-0.503903259860269,-0.4665361852810134,-0.47841263385647226,2.031798495964875,-0.5349519917156254,-0.5272146351966106,3509.206712417569,1967.41
327,1.0304638130973318,0.33549987374249074,1.7047930370898545,-0.5890105750722335,1.2749352520748023,-0.7170411817390508,1.0219738366457738,-0.13766802417873836,-0.4921642290910192,0.795821137654919,2.285981535387815,0.722128051920319,0.44192744231724795,0.25553448155189235,-0.30407108743830025,1.7320508075688774,1.3289096981917574,1.5993473332456676,-0.9704367948586523,0.0,-0.510895987437489,1.6547090783235852,-1.374606787127753,1.246803937122735,1.6639406325725128,-1.3792644269416956,1.1106241256327398,0.0,-0.6919126161531287,-0.9975031172021119,2.1526269572086583,-0.4404881959216032,-0.41388775612546336,2.0731650308243945,-0.43440451290484433,-0.4565733396744826,-0.45457287727508316,-0.3447914135838056,-0.36268681476051967,-0.3239944068816741,-0.33333333333333337,-0.3096617686426661,-0.3096617686426661,3.334848140652303,-0.3626868147605197,-0.3692744729379982,-0.312079621228754,-0.4665361852810134,-0.4960906358752555,1.9468998848622512,-0.5194624816493197,-0.503903259860269,-0.4665361852810134,-0.47841263385647226,-0.49217479094801325,1.8693266227366232,-0.5272146351966106,7990.416294848557,2754.92
382,-0.9704367948586523,-1.4187478321005424,-1.396717749760701,-0.3989165762297916,0.3448912991934773,-1.350889740182411,0.8695257536107899,1.1059104581697803,-0.4921642290910192,1.6913150892753888,-0.723725957824542,1.172572966770892,1.008417704540154,0.4905802323960122,-1.4058701040514285,-0.5773502691896258,0.4515316569519792,0.9693171337195314,1.0304638130973318,0.0,-0.510895987437489,-1.2324605239858097,0.41689812142864524,-0.7198550219203173,-1.233018031318535,0.4144145894007968,-0.7277295285893046,0.0,1.4452692098024813,-0.9975031172021119,-0.4645486746559718,-0.4404881959216032,-0.41388775612546336,-0.4823542675723938,-0.43440451290484433,2.190228629452953,-0.45457287727508316,-0.3447914135838056,-0.36268681476051967,-0.3239944068816741,-0.33333333333333337,-0.3096617686426661,-0.3096617686426661,-0.2998637292684633,-0.3626868147605197,2.7080128015453204,-0.312079621228754,-0.4665361852810134,-0.4960906358752555,-0.5136370944265338,1.925066843759244,-0.503903259860269,-0.4665361852810134,2.0902458029568014,-0.49217479094801325,-0.5349519917156254,-0.5272146351966106,1573.1423837639181,1599.71
451,1.0304638130973318,1.504998344304513,-0.8381398457105181,-0.16043501404563723,0.3448912991934773,-0.08319262329569078,2.2415585009256453,2.0385943199311694,-0.4921642290910192,0.7488778649773786,-0.723725957824542,0.2277883137641774,0.9827577072219604,-0.8713025004360943,-0.9426408654354101,-0.5773502691896258,0.8102926362628204,1.644496682714814,1.0304638130973318,0.0,-0.510895987437489,0.21112427716888763,0.11831397000257887,0.6683748315218373,0.2154613006269889,0.11546808667704807,0.5361386086883508,0.0,-0.6919126161531287,1.0025031328271852,-0.4645486746559718,-0.4404881959216032,-0.41388775612546336,-0.4823542675723938,2.302001867598112,-0.4565733396744826,-0.45457287727508316,-0.3447914135838056,-0.36268681476051967,-0.3239944068816741,-0.33333333333333337,3.2293298729878037,-0.3096617686426661,-0.2998637292684633,-0.3626868147605197,-0.3692744729379982,-0.312079621228754,-0.4665361852810134,-0.4960906358752555,-0.5136370944265338,1.925066843759244,-0.503903259860269,2.1434564596477332,-0.47841263385647226,-0.49217479094801325,-0.5349519917156254,-0.5272146351966106,2793.473942835454,4895.56
522,1.0304638130973318,1.504998344304513,-0.5485970904750441,0.08495905718733324,-1.5151966065691729,-0.08319262329569078,-0.8074031597740338,-0.6817336102062153,-0.4921642290910192,-0.5216520150995276,-0.723725957824542,-0.5145562971172173,0.35940305808498624,-0.729583738897728,-0.35071390674202957,-0.5773502691896258,0.857273240696383,-0.006608896711185184,1.0304638130973318,0.0,-0.510895987437489,-1.2324605239858097,0.7154822728547117,1.478175579363094,-1.233018031318535,0.7133610921245456,1.4553154357993732,0.0,1.4452692098024813,-0.9975031172021119,-0.4645486746559718,2.2702083943651856,-0.41388775612546336,-0.4823542675723938,-0.43440451290484433,-0.4565733396744826,-0.45457287727508316,-0.3447914135838056,-0.36268681476051967,-0.3239944068816741,-0.33333333333333337,-0.3096617686426661,-0.3096617686426661,-0.2998637292684633,-0.3626868147605197,2.7080128015453204,-0.312079621228754,-0.4665361852810134,-0.4960906358752555,-0.5136370944265338,1.925066843759244,-0.503903259860269,-0.4665361852810134,-0.47841263385647226,-0.49217479094801325,-0.5349519917156254,1.8967606990406793,3536.1975708082873,3584.67
218,-0.9704367948586523,0.9202491090235018,0.8429638250351369,-0.9657423182327093,-0.27513800272740613,0.5506559351476693,-0.8074031597740338,-0.5262862999126504,-0.4921642290910192,-0.2910176754229164,-0.723725957824542,-1.550294821082286,-1.685790371022608,-0.2664053475284327,-0.47266974438315906,-0.5773502691896258,-0.9728348501928482,-0.9348700291609396,1.0304638130973318,0.0,-0.510895987437489,1.6547090783235852,-1.374606787127753,0.5526890104016577,1.6639406325725128,-1.3792644269416956,0.42124150529947313,0.0,-0.6919126161531287,-0.9975031172021119,2.1526269572086583,2.2702083943651856,-0.41388775612546336,-0.4823542675723938,-0.43440451290484433,-0.4565733396744826,-0.45457287727508316,-0.3447914135838056,-0.36268681476051967,-0.3239944068816741,-0.33333333333333337,-0.3096617686426661,-0.3096617686426661,-0.2998637292684633,-0.3626868147605197,2.7080128015453204,-0.312079621228754,-0.4665361852810134,-0.4960906358752555,-0.5136370944265338,1.925066843759244,-0.503903259860269,2.1434564596477332,-0.47841263385647226,-0.49217479094801325,-0.5349519917156254,-0.5272146351966106,7116.742075293234,3006.79
787,1.0304638130973318,0.9202491090235018,0.8414665385621154,1.0008665061554625,0.3448912991934773,-0.7170411817390508,1.4793180857507255,-0.448562644765868,2.6902303856962004,-1.603898551502386,0.4681631864363915,-0.03178355685257113,-0.06116888010258495,0.09307638905669188,-0.53040571208324,-0.5773502691896258,0.5180366684228664,-0.17838209847163686,-0.9704367948586523,0.0,0.9004780551830546,1.6547090783235852,-0.7774384842756202,-1.0669124852808558,1.6639406325725128,-0.7813714214941981,-1.072420838755938,0.0,-0.6919126161531287,-0.9975031172021119,2.1526269572086583,-0.4404881959216032,-0.41388775612546336,2.0731650308243945,-0.43440451290484433,-0.4565733396744826,-0.45457287727508316,-0.3447914135838056,-0.36268681476051967,3.086473033978053,-0.33333333333333337,-0.3096617686426661,-0.3096617686426661,-0.2998637292684633,-0.3626868147605197,-0.3692744729379982,-0.312079621228754,-0.4665361852810134,-0.4960906358752555,-0.5136370944265338,-0.5194624816493197,1.984507899943528,-0.4665361852810134,-0.47841263385647226,-0.49217479094801325,1.8693266227366232,-0.5272146351966106,7182.216349234519,3660.45
436,-0.9704367948586523,-1.4187478321005424,1.478385450984226,-0.21227883191175775,0.9649206011143607,-0.7170411817390508,0.5646295875408219,-0.2931153344723032,-0.4921642290910192,1.609674615053579,-0.723725957824542,-0.05588439896387853,-0.44503785784038297,-0.01062026572747861,-0.2176821193842325,1.7320508075688774,0.9670980302813343,1.4977603081238493,1.0304638130973318,0.0,-0.510895987437489,1.6547090783235852,-0.4788543328495539,-0.48848337967995814,1.6639406325725128,-0.48242491877044935,-0.4979353218115491,0.0,-0.6919126161531287,-0.9975031172021119,2.1526269572086583,-0.4404881959216032,-0.41388775612546336,-0.4823542675723938,-0.43440451290484433,2.190228629452953,-0.45457287727508316,2.9003042436755413,-0.36268681476051967,-0.3239944068816741,-0.33333333333333337,-0.3096617686426661,-0.3096617686426661,-0.2998637292684633,-0.3626868147605197,-0.3692744729379982,-0.312079621228754,-0.4665361852810134,-0.4960906358752555,1.9468998848622512,-0.5194624816493197,-0.503903259860269,2.1434564596477332,-0.47841263385647226,-0.49217479094801325,-0.5349519917156254,-0.5272146351966106,7743.057891430455,5912.46
764,-0.9704367948586523,-1.4187478321005424,-0.8809914549356349,0.9213726520940776,-0.8951673046482895,-0.08319262329569078,1.7842142518206936,0.48412121699552096,-0.4921642290910192,-0.24866667942035298,-0.35641420896425424,0.8591038081065375,0.22740299152358226,1.0747380543468394,0.13753941081459617,-0.5773502691896258,1.3502645183888313,1.5148945159118778,-0.9704367948586523,0.0,-0.510895987437489,1.6547090783235852,-1.374606787127753,1.015432294882376,1.6639406325725128,-1.3792644269416956,0.8808299188549842,0.0,-0.6919126161531287,-0.9975031172021119,2.1526269572086583,-0.4404881959216032,-0.41388775612546336,2.0731650308243945,-0.43440451290484433,-0.4565733396744826,-0.45457287727508316,-0.3447914135838056,-0.36268681476051967,-0.3239944068816741,-0.33333333333333337,-0.3096617686426661,-0.3096617686426661,-0.2998637292684633,-0.3626868147605197,-0.3692744729379982,3.204310477123404,-0.4665361852810134,2.015760685012114,-0.5136370944265338,-0.5194624816493197,-0.503903259860269,-0.4665361852810134,-0.47841263385647226,2.031798495964875,-0.5349519917156254,-0.5272146351966106,2418.026346705994,4635.11
88,1.0304638130973318,-1.4187478321005424,-0.05730956795860802,-1.415055406405754,1.2749352520748023,-0.08319262329569078,-0.8074031597740338,-1.2257991962336923,-0.4921642290910192,1.0774807737201606,-0.723725957824542,-0.26804564144481696,0.27297239747526725,0.9019102963732222,0.7674066568914673,1.7320508075688774,1.069601167227289,1.6457188595861205,1.0304638130973318,0.0,-0.510895987437489,0.21112427716888763,0.7154822728547117,1.3624897582429145,0.2154613006269889,0.7133610921245456,1.2255212290216175,0.0,-0.6919126161531287,1.0025031328271852,-0.4645486746559718,2.2702083943651856,-0.41388775612546336,-0.4823542675723938,-0.43440451290484433,-0.4565733396744826,-0.45457287727508316,2.9003042436755413,-0.36268681476051967,-0.3239944068816741,-0.33333333333333337,-0.3096617686426661,-0.3096617686426661,-0.2998637292684633,-0.3626868147605197,-0.3692744729379982,-0.312079621228754,-0.4665361852810134,-0.4960906358752555,-0.5136370944265338,1.925066843759244,-0.503903259860269,2.1434564596477332,-0.47841263385647226,-0.49217479094801325,-0.5349519917156254,-0.5272146351966106,3882.15232966445,7617.88
63,-0.9704367948586523,-1.4187478321005424,-0.7335522228399318,-1.5014617695159547,0.9649206011143607,-1.350889740182411,-0.6549550767390498,1.805423354490822,1.4467145848848189,1.4040426706073978,0.09928973796360273,0.38452289309635457,-1.004036317274852,0.576994111382821,-0.4695223860009386,1.7320508075688774,1.3938893653628535,1.6321523007881205,1.0304638130973318,0.0,1.800827459816119,1.6547090783235852,-1.6731909385538195,1.015432294882376,1.6639406325725128,-1.6782109296654444,0.8808299188549842,0.0,-0.6919126161531287,-0.9975031172021119,2.1526269572086583,-0.4404881959216032,-0.41388775612546336,-0.4823542675723938,2.302001867598112,-0.4565733396744826,-0.45457287727508316,-0.3447914135838056,-0.36268681476051967,-0.3239944068816741,3.0,-0.3096617686426661,-0.3096617686426661,-0.2998637292684633,-0.3626868147605197,-0.3692744729379982,-0.312079621228754,-0.4665361852810134,-0.4960906358752555,-0.5136370944265338,-0.5194624816493197,1.984507899943528,-0.4665361852810134,-0.47841263385647226,2.031798495964875,-0.5349519917156254,-0.5272146351966106,2991.6470802247336,1818.69
826,-0.9704367948586523,-0.24924936153852034,-1.7122933863532899,1.1356604326073758,1.2749352520748023,-1.350889740182411,1.4793180857507255,1.1836341133165627,-0.4921642290910192,-0.9400594454862996,-0.723725957824542,0.9433424918391298,0.9713367173441751,1.323610025828849,0.34357959343210187,-0.5773502691896258,0.20015491634642404,-0.1706614212781393,-0.9704367948586523,0.0,-0.510895987437489,-1.2324605239858097,1.014066424280778,0.32131736816129863,-1.233018031318535,1.0123075948482942,0.30634440191059537,0.0,1.4452692098024813,-0.9975031172021119,-0.4645486746559718,-0.4404881959216032,-0.41388775612546336,-0.4823542675723938,-0.43440451290484433,2.190228629452953,-0.45457287727508316,-0.3447914135838056,-0.36268681476051967,-0.3239944068816741,-0.33333333333333337,-0.3096617686426661,-0.3096617686426661,-0.2998637292684633,-0.3626868147605197,-0.3692744729379982,3.204310477123404,-0.4665361852810134,-0.4960906358752555,-0.5136370944265338,1.925066843759244,-0.503903259860269,-0.4665361852810134,-0.47841263385647226,-0.49217479094801325,-0.5349519917156254,1.8967606990406793,1397.0097105913012,926.04
716,1.0304638130973318,0.33549987374249074,0.9948117168646302,0.7554724349224919,-1.8252112575296147,-0.08319262329569078,-0.8074031597740338,-1.0703518859401273,-0.4921642290910192,-0.8426011293840151,-0.723725957824542,0.8275143017068155,-0.9109386395047809,-1.2515235679780532,0.15666434262349993,-0.5773502691896258,-0.9728348501928482,-0.9348700291609396,-0.9704367948586523,0.0,-0.510895987437489,-1.2324605239858097,-0.18027018142348752,-0.3727975585597786,-1.233018031318535,-0.18347841604670065,-0.38303821842267133,0.0,1.4452692098024813,-0.9975031172021119,-0.4645486746559718,-0.4404881959216032,-0.41388775612546336,-0.4823542675723938,-0.43440451290484433,-0.4565733396744826,2.199867281995475,-0.3447914135838056,-0.36268681476051967,-0.3239944068816741,-0.33333333333333337,3.2293298729878037,-0.3096617686426661,-0.2998637292684633,-0.3626868147605197,-0.3692744729379982,-0.312079621228754,-0.4665361852810134,-0.4960906358752555,-0.5136370944265338,-0.5194624816493197,1.984507899943528,-0.4665361852810134,2.0902458029568014,-0.49217479094801325,-0.5349519917156254,-0.5272146351966106,7190.970355070911,2398.4
351,1.0304638130973318,1.504998344304513,1.5603761624789407,-0.5060604664864407,1.8949645539956859,0.5506559351476693,-0.8074031597740338,0.017779286114826477,2.8880632035409595,1.2320874217777118,-0.723725957824542,0.14993081579847378,-0.3711164459232833,-0.5947780876783062,-1.4579993021744388,-0.5773502691896258,1.085464747945115,0.1973364301988097,1.0304638130973318,0.0,2.5384033326795796,1.6547090783235852,-0.7774384842756202,0.08994572592093958,1.6639406325725128,-0.7813714214941981,0.0765501951328398,0.0,-0.6919126161531287,-0.9975031172021119,2.1526269572086583,-0.4404881959216032,-0.41388775612546336,-0.4823542675723938,-0.43440451290484433,-0.4565733396744826,2.199867281995475,-0.3447914135838056,-0.36268681476051967,-0.3239944068816741,-0.33333333333333337,3.2293298729878037,-0.3096617686426661,-0.2998637292684633,-0.3626868147605197,-0.3692744729379982,-0.312079621228754,-0.4665361852810134,2.015760685012114,-0.5136370944265338,-0.5194624816493197,-0.503903259860269,-0.4665361852810134,2.0902458029568014,-0.49217479094801325,-0.5349519917156254,-0.5272146351966106,7784.244728390226,14347.92
936,1.0304638130973318,0.9202491090235018,-1.6453933737406474,1.5158484302922595,0.034876648233035594,-1.350889740182411,1.0219738366457738,0.40639756184873854,3.176492407056356,1.2162695798972363,1.6000830655772782,-0.19238552149801444,1.6988892841625287,1.2060871504067892,0.8001357443306255,-0.5773502691896258,0.5177315995629083,1.7130651559865722,1.0304638130973318,0.0,2.737869949767007,0.21112427716888763,-1.374606787127753,1.246803937122735,0.2154613006269889,-1.3792644269416956,1.2255212290216175,0.0,-0.6919126161531287,1.0025031328271852,-0.4645486746559718,-0.4404881959216032,-0.41388775612546336,2.0731650308243945,-0.43440451290484433,-0.4565733396744826,-0.45457287727508316,2.9003042436755413,-0.36268681476051967,-0.3239944068816741,-0.33333333333333337,-0.3096617686426661,-0.3096617686426661,-0.2998637292684633,-0.3626868147605197,-0.3692744729379982,-0.312079621228754,-0.4665361852810134,-0.4960906358752555,1.9468998848622512,-0.5194624816493197,-0.503903259860269,-0.4665361852810134,-0.47841263385647226,-0.49217479094801325,1.8693266227366232,-0.5272146351966106,2034.8880643909185,500.88
256,1.0304638130973318,1.504998344304513,0.46547399970789144,-0.834404646305204,0.9649206011143607,-0.08319262329569078,-0.8074031597740338,-0.13766802417873836,-0.4921642290910192,1.5254828760123387,-0.723725957824542,-1.6986442058943367,0.31791175884994266,-0.9853688206986819,1.2450311904032167,-0.5773502691896258,-0.9728348501928482,-0.9348700291609396,-0.9704367948586523,0.0,-0.510895987437489,-1.2324605239858097,0.7154822728547117,-0.48848337967995814,-1.233018031318535,0.7133610921245456,-0.4979353218115491,0.0,1.4452692098024813,-0.9975031172021119,-0.4645486746559718,-0.4404881959216032,-0.41388775612546336,-0.4823542675723938,-0.43440451290484433,-0.4565733396744826,2.199867281995475,-0.3447914135838056,-0.36268681476051967,-0.3239944068816741,-0.33333333333333337,-0.3096617686426661,3.2293298729878037,-0.2998637292684633,-0.3626868147605197,-0.3692744729379982,-0.312079621228754,2.1434564596477332,-0.4960906358752555,-0.5136370944265338,-0.5194624816493197,-0.503903259860269,-0.4665361852810134,2.0902458029568014,-0.49217479094801325,-0.5349519917156254,-0.5272146351966106,5766.730401682051,6418.0
635,1.0304638130973318,0.9202491090235018,0.8444507981336656,0.47551581844544116,-0.8951673046482895,1.8183530520343896,-0.8074031597740338,-1.0703518859401273,-0.4921642290910192,-0.07416016577123569,-0.723725957824542,0.3479233648135379,1.0880782497860104,-1.3206546711675002,-0.4984849625892423,-0.5773502691896258,-0.9728348501928482,-0.9348700291609396,-0.9704367948586523,0.0,-0.510895987437489,-1.2324605239858097,0.41689812142864524,-0.025740095199239966,-1.233018031318535,0.4144145894007968,-0.03834690825603798,0.0,1.4452692098024813,-0.9975031172021119,-0.4645486746559718,-0.4404881959216032,-0.41388775612546336,-0.4823542675723938,-0.43440451290484433,-0.4565733396744826,2.199867281995475,-0.3447914135838056,-0.36268681476051967,-0.3239944068816741,-0.33333333333333337,-0.3096617686426661,-0.3096617686426661,3.334848140652303,-0.3626868147605197,-0.3692744729379982,-0.312079621228754,-0.4665361852810134,2.015760685012114,-0.5136370944265338,-0.5194624816493197,-0.503903259860269,2.1434564596477332,-0.47841263385647226,-0.49217479094801325,-0.5349519917156254,-0.5272146351966106,6520.021618732156,3882.8
644,1.0304638130973318,0.33549987374249074,0.42236955887673605,0.5066221091651134,-0.5851526536878479,-0.7170411817390508,1.7842142518206936,2.0385943199311694,3.0153570001983945,1.6260027098979413,1.8277788690799563,-0.44671884291770264,1.2421642426105737,1.275218253596236,1.6138568762322996,-0.5773502691896258,-0.9728348501928482,-0.9348700291609396,-0.9704367948586523,0.0,2.877097659570074,1.6547090783235852,-0.7774384842756202,0.7840606526420169,1.6639406325725128,-0.7813714214941981,0.7659328154661065,0.0,-0.6919126161531287,-0.9975031172021119,2.1526269572086583,-0.4404881959216032,-0.41388775612546336,-0.4823542675723938,-0.43440451290484433,2.190228629452953,-0.45457287727508316,-0.3447914135838056,-0.36268681476051967,-0.3239944068816741,-0.33333333333333337,-0.3096617686426661,-0.3096617686426661,-0.2998637292684633,2.757199763824596,-0.3692744729379982,-0.312079621228754,-0.4665361852810134,2.015760685012114,-0.5136370944265338,-0.5194624816493197,-0.503903259860269,-0.4665361852810134,-0.47841263385647226,-0.49217479094801325,1.8693266227366232,-0.5272146351966106,6077.587268284467,7580.29
554,-0.9704367948586523,1.504998344304513,0.4059572857154284,0.19555920196839036,0.654905950153919,0.5506559351476693,-0.8074031597740338,-0.448562644765868,-0.4921642290910192,-1.1936551685377945,-0.723725957824542,1.6378369989809345,-1.2692850841957328,-0.9542598242634308,-1.194016767700641,-0.5773502691896258,-0.9728348501928482,-0.9348700291609396,-0.9704367948586523,0.0,-0.510895987437489,0.21112427716888763,0.7154822728547117,-0.3727975585597786,0.2154613006269889,0.7133610921245456,-0.4979353218115491,0.0,-0.6919126161531287,1.0025031328271852,-0.4645486746559718,-0.4404881959216032,-0.41388775612546336,-0.4823542675723938,-0.43440451290484433,-0.4565733396744826,2.199867281995475,-0.3447914135838056,-0.36268681476051967,-0.3239944068816741,-0.33333333333333337,-0.3096617686426661,-0.3096617686426661,-0.2998637292684633,-0.3626868147605197,2.7080128015453204,-0.312079621228754,-0.4665361852810134,-0.4960906358752555,1.9468998848622512,-0.5194624816493197,-0.503903259860269,2.1434564596477332,-0.47841263385647226,-0.49217479094801325,-0.5349519917156254,-0.5272146351966106,5589.315492104731,5153.09
959,-0.9704367948586523,-1.4187478321005424,-0.46693379013773867,1.5953422843536444,-1.205181955608731,-1.350889740182411,2.0891104178906614,-0.6040099550594329,-0.4921642290910192,0.977471192798444,-0.723725957824542,1.1008329692098089,0.2618148807842312,1.4549591218887987,-1.5062931947278575,-0.5773502691896258,-0.9728348501928482,-0.9348700291609396,1.0304638130973318,0.0,-0.510895987437489,0.21112427716888763,0.41689812142864524,-0.9512266641606762,0.2154613006269889,0.4144145894007968,-1.072420838755938,0.0,-0.6919126161531287,1.0025031328271852,-0.4645486746559718,-0.4404881959216032,-0.41388775612546336,2.0731650308243945,-0.43440451290484433,-0.4565733396744826,-0.45457287727508316,-0.3447914135838056,-0.36268681476051967,-0.3239944068816741,3.0,-0.3096617686426661,-0.3096617686426661,-0.2998637292684633,-0.3626868147605197,-0.3692744729379982,-0.312079621228754,-0.4665361852810134,-0.4960906358752555,-0.5136370944265338,-0.5194624816493197,1.984507899943528,-0.4665361852810134,-0.47841263385647226,-0.49217479094801325,-0.5349519917156254,1.8967606990406793,3610.0776646493678,5926.71
168,1.0304638130973318,0.33549987374249074,1.0763791182122477,-1.138555044453111,-1.5151966065691729,0.5506559351476693,-0.8074031597740338,-1.2257991962336923,0.025870615874101797,0.9208331138070638,-0.723725957824542,-1.0796164494336717,1.6991985787730604,0.31083936410345003,1.6159035191147273,1.7320508075688774,1.5482542085017017,0.2134936875427836,-0.9704367948586523,0.0,0.5728246974169708,0.21112427716888763,-1.0760226357016867,0.32131736816129863,0.2154613006269889,-1.0803179242179468,0.19144729852171757,0.0,-0.6919126161531287,1.0025031328271852,-0.4645486746559718,2.2702083943651856,-0.41388775612546336,-0.4823542675723938,-0.43440451290484433,-0.4565733396744826,-0.45457287727508316,-0.3447914135838056,-0.36268681476051967,-0.3239944068816741,-0.33333333333333337,-0.3096617686426661,-0.3096617686426661,-0.2998637292684633,-0.3626868147605197,2.7080128015453204,-0.312079621228754,-0.4665361852810134,-0.4960906358752555,1.9468998848622512,-0.5194624816493197,-0.503903259860269,-0.4665361852810134,-0.47841263385647226,-0.49217479094801325,-0.5349519917156254,1.8967606990406793,6755.927587675393,8537.66
917,1.0304638130973318,1.504998344304513,-0.6879053042998324,1.450179594328507,-0.27513800272740613,-0.08319262329569078,2.0891104178906614,0.8727394927294331,1.1708909602166653,-1.594203745188546,2.133247313285196,-1.722235256305259,-0.33349705699786025,-0.28023156816632216,1.276883145178477,-0.5773502691896258,-0.9728348501928482,-0.9348700291609396,1.0304638130973318,0.0,2.25753887366409,0.21112427716888763,0.7154822728547117,0.32131736816129863,0.2154613006269889,0.7133610921245456,0.19144729852171757,0.0,-0.6919126161531287,1.0025031328271852,-0.4645486746559718,-0.4404881959216032,-0.41388775612546336,2.0731650308243945,-0.43440451290484433,-0.4565733396744826,-0.45457287727508316,-0.3447914135838056,-0.36268681476051967,-0.3239944068816741,-0.33333333333333337,-0.3096617686426661,-0.3096617686426661,-0.2998637292684633,-0.3626868147605197,-0.3692744729379982,3.204310477123404,-0.4665361852810134,-0.4960906358752555,-0.5136370944265338,1.925066843759244,-0.503903259860269,-0.4665361852810134,-0.47841263385647226,2.031798495964875,-0.5349519917156254,-0.5272146351966106,3835.1471718135763,4974.28
528,-0.9704367948586523,0.9202491090235018,1.4120223495690651,0.10569658433378144,1.2749352520748023,-0.08319262329569078,-0.8074031597740338,-0.8371809204997801,-0.4921642290910192,-1.4003076189117494,1.4364169461871499,-0.9833361341575013,0.3020002694414735,-1.4174382156327259,1.1254659692381996,-0.5773502691896258,-0.9728348501928482,-0.9348700291609396,-0.9704367948586523,0.0,-0.510895987437489,0.21112427716888763,0.7154822728547117,-1.1825983064010355,0.2154613006269889,0.7133610921245456,-1.3022150455336934,0.0,-0.6919126161531287,1.0025031328271852,-0.4645486746559718,-0.4404881959216032,-0.41388775612546336,-0.4823542675723938,-0.43440451290484433,-0.4565733396744826,2.199867281995475,-0.3447914135838056,-0.36268681476051967,-0.3239944068816741,3.0,-0.3096617686426661,-0.3096617686426661,-0.2998637292684633,-0.3626868147605197,-0.3692744729379982,-0.312079621228754,2.1434564596477332,-0.4960906358752555,-0.5136370944265338,-0.5194624816493197,-0.503903259860269,-0.4665361852810134,-0.47841263385647226,2.031798495964875,-0.5349519917156254,-0.5272146351966106,8449.130135663401,12869.72
823,1.0304638130973318,-0.24924936153852034,-0.3647685788252837,1.1252916690341517,0.9649206011143607,-1.350889740182411,-0.6549550767390498,0.7950158375826506,2.3101136580798802,-1.0604791449634683,-0.723725957824542,1.2917411714919362,-0.12872111411391884,-1.1305441373965206,1.481169062468188,-0.5773502691896258,1.243490417403462,0.14501618536500607,-0.9704367948586523,0.0,2.532660404248542,1.6547090783235852,-1.374606787127753,-1.4139699486413944,1.6639406325725128,-1.3792644269416956,-1.532009252311449,0.0,-0.6919126161531287,-0.9975031172021119,2.1526269572086583,-0.4404881959216032,-0.41388775612546336,-0.4823542675723938,-0.43440451290484433,2.190228629452953,-0.45457287727508316,-0.3447914135838056,-0.36268681476051967,-0.3239944068816741,-0.33333333333333337,-0.3096617686426661,-0.3096617686426661,-0.2998637292684633,2.757199763824596,-0.3692744729379982,-0.312079621228754,-0.4665361852810134,-0.4960906358752555,1.9468998848622512,-0.5194624816493197,-0.503903259860269,-0.4665361852810134,-0.47841263385647226,-0.49217479094801325,-0.5349519917156254,1.8967606990406793,3899.046201721379,6554.48
985,1.0304638130973318,-0.24924936153852034,-0.34194154066035387,1.6852049019882533,1.584949903035244,-0.08319262329569078,-0.8074031597740338,-1.1480755410869097,-0.4921642290910192,1.2652538644303215,-0.723725957824542,-0.3009887327041822,1.2892801216149175,-1.5176783152574242,1.2907624796836799,-0.5773502691896258,-0.9728348501928482,-0.9348700291609396,-0.9704367948586523,0.0,-0.510895987437489,0.21112427716888763,1.3126505757068445,0.4370031892814782,0.2154613006269889,1.311254097572043,0.30634440191059537,0.0,-0.6919126161531287,1.0025031328271852,-0.4645486746559718,-0.4404881959216032,2.4161139951597566,-0.4823542675723938,-0.43440451290484433,-0.4565733396744826,-0.45457287727508316,-0.3447914135838056,-0.36268681476051967,3.086473033978053,-0.33333333333333337,-0.3096617686426661,-0.3096617686426661,-0.2998637292684633,-0.3626868147605197,-0.3692744729379982,-0.312079621228754,2.1434564596477332,-0.4960906358752555,-0.5136370944265338,-0.5194624816493197,-0.503903259860269,2.1434564596477332,-0.47841263385647226,-0.49217479094801325,-0.5349519917156254,-0.5272146351966106,4010.5830237895043,1735.89
816,-0.9704367948586523,0.33549987374249074,1.5537684450137237,1.1010978873632955,1.2749352520748023,-1.350889740182411,0.41218150450583796,-0.6817336102062153,-0.4921642290910192,1.6647819351533009,0.6902368713340656,-0.38230929842767375,-1.491713730591878,1.1991740400878446,1.6928332133424484,-0.5773502691896258,-0.9728348501928482,-0.9348700291609396,-0.9704367948586523,0.0,-0.510895987437489,0.21112427716888763,-1.0760226357016867,0.2056315470411191,0.2154613006269889,-1.0803179242179468,0.0765501951328398,0.0,-0.6919126161531287,1.0025031328271852,-0.4645486746559718,-0.4404881959216032,-0.41388775612546336,-0.4823542675723938,2.302001867598112,-0.4565733396744826,-0.45457287727508316,-0.3447914135838056,-0.36268681476051967,-0.3239944068816741,-0.33333333333333337,-0.3096617686426661,-0.3096617686426661,-0.2998637292684633,-0.3626868147605197,-0.3692744729379982,3.204310477123404,-0.4665361852810134,-0.4960906358752555,1.9468998848622512,-0.5194624816493197,-0.503903259860269,-0.4665361852810134,-0.47841263385647226,2.031798495964875,-0.5349519917156254,-0.5272146351966106,8512.672224118018,6561.6
86,1.0304638130973318,0.33549987374249074,1.620282090910289,-1.42196791545457,0.654905950153919,1.8183530520343896,-0.8074031597740338,-0.6817336102062153,-0.4921642290910192,-1.5304221247027576,-0.723725957824542,1.3547443940498685,-1.4234856305797523,-1.4036119949948365,0.36165540578026556,-0.5773502691896258,-0.9728348501928482,-0.9348700291609396,1.0304638130973318,0.0,-0.510895987437489,-1.2324605239858097,-0.18027018142348752,-0.7198550219203173,-1.233018031318535,-0.18347841604670065,-0.7277295285893046,0.0,1.4452692098024813,-0.9975031172021119,-0.4645486746559718,2.2702083943651856,-0.41388775612546336,-0.4823542675723938,-0.43440451290484433,-0.4565733396744826,-0.45457287727508316,-0.3447914135838056,-0.36268681476051967,-0.3239944068816741,-0.33333333333333337,-0.3096617686426661,-0.3096617686426661,3.334848140652303,-0.3626868147605197,-0.3692744729379982,-0.312079621228754,2.1434564596477332,-0.4960906358752555,-0.5136370944265338,-0.5194624816493197,-0.503903259860269,-0.4665361852810134,-0.47841263385647226,-0.49217479094801325,-0.5349519917156254,1.8967606990406793,8089.3632549499835,6082.09
432,-0.9704367948586523,0.33549987374249074,1.230360801045033,-0.22610385000938987,0.9649206011143607,-0.7170411817390508,1.6317661687857095,0.3286739067019561,-0.4921642290910192,0.06615939929749855,1.6619263702323264,0.5527717332475738,0.07543623954895895,0.4629277911202333,0.273598165796824,1.7320508075688774,0.3206571160299122,0.44685036466325334,-0.9704367948586523,0.0,-0.510895987437489,-1.2324605239858097,1.6112347271329108,-0.6041692008001377,-1.233018031318535,1.6102006002957916,-0.6128324252004268,0.0,1.4452692098024813,-0.9975031172021119,-0.4645486746559718,-0.4404881959216032,-0.41388775612546336,-0.4823542675723938,2.302001867598112,-0.4565733396744826,-0.45457287727508316,-0.3447914135838056,2.7571997638245955,-0.3239944068816741,-0.33333333333333337,-0.3096617686426661,-0.3096617686426661,-0.2998637292684633,-0.3626868147605197,-0.3692744729379982,-0.312079621228754,-0.4665361852810134,2.015760685012114,-0.5136370944265338,-0.5194624816493197,-0.503903259860269,-0.4665361852810134,-0.47841263385647226,2.031798495964875,-0.5349519917156254,-0.5272146351966106,7993.751885632182,3660.23
184,1.0304638130973318,-0.24924936153852034,-0.2658498484791351,-1.0832549720625824,-1.205181955608731,1.8183530520343896,-0.8074031597740338,-0.13766802417873836,-0.4921642290910192,-1.15283493142689,0.583728957761482,-0.6698318174448442,-0.7969234817780038,-0.5671256464025274,1.3290295419811715,-0.5773502691896258,1.051602104489755,1.2096390324269626,1.0304638130973318,0.0,-0.510895987437489,0.21112427716888763,-0.7774384842756202,-1.298284127521215,0.2154613006269889,-0.7813714214941981,-1.4171121489225713,0.0,-0.6919126161531287,1.0025031328271852,-0.4645486746559718,-0.4404881959216032,-0.41388775612546336,-0.4823542675723938,-0.43440451290484433,-0.4565733396744826,2.199867281995475,-0.3447914135838056,-0.36268681476051967,3.086473033978053,-0.33333333333333337,-0.3096617686426661,-0.3096617686426661,-0.2998637292684633,-0.3626868147605197,-0.3692744729379982,-0.312079621228754,-0.4665361852810134,2.015760685012114,-0.5136370944265338,-0.5194624816493197,-0.503903259860269,-0.4665361852810134,-0.47841263385647226,2.031798495964875,-0.5349519917156254,-0.5272146351966106,3691.064500152899,5413.71
978,-0.9704367948586523,0.9202491090235018,-1.079910896363911,1.661011120317397,1.584949903035244,1.8183530520343896,-0.8074031597740338,-0.8371809204997801,-0.4921642290910192,0.8907281889377722,-0.723725957824542,0.7098754720869265,-0.7693389846609457,-1.3448505572838065,0.8126563831407708,-0.5773502691896258,-0.9728348501928482,-0.9348700291609396,1.0304638130973318,0.0,-0.510895987437489,0.21112427716888763,0.11831397000257887,1.8252330427236327,0.2154613006269889,0.11546808667704807,1.6851096425771286,0.0,-0.6919126161531287,1.0025031328271852,-0.4645486746559718,-0.4404881959216032,-0.41388775612546336,-0.4823542675723938,-0.43440451290484433,-0.4565733396744826,2.199867281995475,2.9003042436755413,-0.36268681476051967,-0.3239944068816741,-0.33333333333333337,-0.3096617686426661,-0.3096617686426661,-0.2998637292684633,-0.3626868147605197,-0.3692744729379982,-0.312079621228754,-0.4665361852810134,2.015760685012114,-0.5136370944265338,-0.5194624816493197,-0.503903259860269,-0.4665361852810134,2.0902458029568014,-0.49217479094801325,-0.5349519917156254,-0.5272146351966106,2496.0195789049894,797.17
534,-0.9704367948586523,-1.4187478321005424,-0.3332476738247634,0.12643411148022965,-1.5151966065691729,-1.350889740182411,-0.5025069937040658,2.1163179750779517,-0.39177059230737804,1.1157497460116337,-0.723725957824542,-0.09758184425054568,-1.4385837897160825,0.5839072217017658,-1.5161824355463103,-0.5773502691896258,-0.9728348501928482,-0.9348700291609396,1.0304638130973318,0.0,2.5535553598611815,0.21112427716888763,1.014066424280778,-0.1414259163194195,0.2154613006269889,1.0123075948482942,-0.2681411150337935,0.0,-0.6919126161531287,1.0025031328271852,-0.4645486746559718,-0.4404881959216032,-0.41388775612546336,-0.4823542675723938,-0.43440451290484433,2.190228629452953,-0.45457287727508316,-0.3447914135838056,-0.36268681476051967,-0.3239944068816741,-0.33333333333333337,-0.3096617686426661,-0.3096617686426661,-0.2998637292684633,-0.3626868147605197,2.7080128015453204,-0.312079621228754,2.1434564596477332,-0.4960906358752555,-0.5136370944265338,-0.5194624816493197,-0.503903259860269,-0.4665361852810134,2.0902458029568014,-0.49217479094801325,-0.5349519917156254,-0.5272146351966106,3567.48592769115,6453.98
294,-0.9704367948586523,-0.8339985968195314,-1.2734502197535509,-0.7030669743776986,-1.205181955608731,-0.08319262329569078,-0.8074031597740338,-0.059944369031955935,-0.4921642290910192,-0.600230971538019,-0.723725957824542,-1.3990097392369838,1.2721314537643214,-1.1270875822370485,-0.015855613289371857,-0.5773502691896258,1.0723467869669128,0.5678814723072197,1.0304638130973318,0.0,-0.510895987437489,-1.2324605239858097,1.014066424280778,1.5938614004832736,-1.233018031318535,1.0123075948482942,1.5702125391882509,0.0,1.4452692098024813,-0.9975031172021119,-0.4645486746559718,-0.4404881959216032,2.4161139951597566,-0.4823542675723938,-0.43440451290484433,-0.4565733396744826,-0.45457287727508316,-0.3447914135838056,-0.36268681476051967,-0.3239944068816741,-0.33333333333333337,-0.3096617686426661,-0.3096617686426661,-0.2998637292684633,-0.3626868147605197,2.7080128015453204,-0.312079621228754,-0.4665361852810134,-0.4960906358752555,-0.5136370944265338,-0.5194624816493197,1.984507899943528,-0.4665361852810134,2.0902458029568014,-0.49217479094801325,-0.5349519917156254,-0.5272146351966106,1759.951040120492,811.76
892,-0.9704367948586523,0.33549987374249074,0.22799731504857276,1.363773231218306,1.8949645539956859,-0.08319262329569078,-0.8074031597740338,-0.8371809204997801,-0.4921642290910192,0.4197647032707101,-0.723725957824542,1.385947161918264,-0.41302013797236903,-0.553299425764638,-1.1210255711206163,-0.5773502691896258,-0.9728348501928482,-0.9348700291609396,-0.9704367948586523,0.0,-0.510895987437489,1.6547090783235852,-1.6731909385538195,0.5526890104016577,1.6639406325725128,-1.6782109296654444,0.42124150529947313,0.0,-0.6919126161531287,-0.9975031172021119,2.1526269572086583,2.2702083943651856,-0.41388775612546336,-0.4823542675723938,-0.43440451290484433,-0.4565733396744826,-0.45457287727508316,-0.3447914135838056,2.7571997638245955,-0.3239944068816741,-0.33333333333333337,-0.3096617686426661,-0.3096617686426661,-0.2998637292684633,-0.3626868147605197,-0.3692744729379982,-0.312079621228754,-0.4665361852810134,-0.4960906358752555,-0.5136370944265338,-0.5194624816493197,1.984507899943528,2.1434564596477332,-0.47841263385647226,-0.49217479094801325,-0.5349519917156254,-0.5272146351966106,4794.830198674886,8745.87
425,-0.9704367948586523,-1.4187478321005424,-1.168318373964761,-0.2502976316802461,-1.205181955608731,1.8183530520343896,-0.8074031597740338,-1.5366938168208217,-0.4921642290910192,-0.46399343018037476,-0.723725957824542,1.281949655039713,0.6675864990900584,1.4342197909319643,-0.0056223988772334185,-0.5773502691896258,-0.9728348501928482,-0.9348700291609396,1.0304638130973318,0.0,-0.510895987437489,0.21112427716888763,-1.0760226357016867,-0.7198550219203173,0.2154613006269889,-1.0803179242179468,-0.8426266319781824,0.0,-0.6919126161531287,1.0025031328271852,-0.4645486746559718,2.2702083943651856,-0.41388775612546336,-0.4823542675723938,-0.43440451290484433,-0.4565733396744826,-0.45457287727508316,-0.3447914135838056,-0.36268681476051967,-0.3239944068816741,3.0,-0.3096617686426661,-0.3096617686426661,-0.2998637292684633,-0.3626868147605197,-0.3692744729379982,-0.312079621228754,2.1434564596477332,-0.4960906358752555,-0.5136370944265338,-0.5194624816493197,-0.503903259860269,-0.4665361852810134,2.0902458029568014,-0.49217479094801325,-0.5349519917156254,-0.5272146351966106,2206.0922079856396,2507.52
713,-0.9704367948586523,0.9202491090235018,-1.737006232740795,0.7451036713492678,-1.8252112575296147,-1.350889740182411,1.4793180857507255,2.0385943199311694,-0.4921642290910192,-1.6743134605186965,1.3726996019971,-0.8343187464277046,-1.213222572197858,-0.7779755111303409,-0.1695602136276565,-0.5773502691896258,-0.9728348501928482,-0.9348700291609396,1.0304638130973318,0.0,-0.510895987437489,-1.2324605239858097,1.014066424280778,-0.1414259163194195,-1.233018031318535,1.0123075948482942,-0.15324401164491575,0.0,1.4452692098024813,-0.9975031172021119,-0.4645486746559718,-0.4404881959216032,-0.41388775612546336,-0.4823542675723938,-0.43440451290484433,2.190228629452953,-0.45457287727508316,2.9003042436755413,-0.36268681476051967,-0.3239944068816741,-0.33333333333333337,-0.3096617686426661,-0.3096617686426661,-0.2998637292684633,-0.3626868147605197,-0.3692744729379982,-0.312079621228754,-0.4665361852810134,-0.4960906358752555,1.9468998848622512,-0.5194624816493197,-0.503903259860269,-0.4665361852810134,-0.47841263385647226,-0.49217479094801325,1.8693266227366232,-0.5272146351966106,1425.2097189467706,1031.13
260,1.0304638130973318,-0.24924936153852034,-1.3604584649045428,-0.8205796282075718,0.654905950153919,-0.08319262329569078,-0.8074031597740338,-1.6921411271143867,-0.4921642290910192,1.472926820732049,-0.723725957824542,0.38844301548207416,-0.9692005798442153,-0.9715426000607925,-1.0916674248995744,-0.5773502691896258,-0.9728348501928482,-0.9348700291609396,1.0304638130973318,0.0,-0.510895987437489,0.21112427716888763,0.11831397000257887,0.5526890104016577,0.2154613006269889,0.11546808667704807,0.42124150529947313,0.0,-0.6919126161531287,1.0025031328271852,-0.4645486746559718,-0.4404881959216032,-0.41388775612546336,-0.4823542675723938,-0.43440451290484433,-0.4565733396744826,2.199867281995475,-0.3447914135838056,-0.36268681476051967,-0.3239944068816741,-0.33333333333333337,-0.3096617686426661,3.2293298729878037,-0.2998637292684633,-0.3626868147605197,-0.3692744729379982,-0.312079621228754,-0.4665361852810134,2.015760685012114,-0.5136370944265338,-0.5194624816493197,-0.503903259860269,2.1434564596477332,-0.47841263385647226,-0.49217479094801325,-0.5349519917156254,-0.5272146351966106,1790.9422523429948,1598.37
237,1.0304638130973318,-0.24924936153852034,1.6621197568848876,-0.9000734822689567,-1.5151966065691729,-1.350889740182411,1.6317661687857095,-0.5262862999126504,2.092048418872441,-1.313564615051077,-0.723725957824542,0.5138869318250997,-0.5875195750920312,1.0781946095063124,0.8524541279301623,-0.5773502691896258,-0.9728348501928482,-0.9348700291609396,1.0304638130973318,0.0,1.1810471530449071,0.21112427716888763,-1.374606787127753,1.1311181160025554,0.2154613006269889,-1.3792644269416956,1.1106241256327398,0.0,-0.6919126161531287,1.0025031328271852,-0.4645486746559718,-0.4404881959216032,-0.41388775612546336,-0.4823542675723938,-0.43440451290484433,2.190228629452953,-0.45457287727508316,-0.3447914135838056,-0.36268681476051967,-0.3239944068816741,-0.33333333333333337,-0.3096617686426661,-0.3096617686426661,-0.2998637292684633,-0.3626868147605197,2.7080128015453204,-0.312079621228754,2.1434564596477332,-0.4960906358752555,-0.5136370944265338,-0.5194624816493197,-0.503903259860269,-0.4665361852810134,-0.47841263385647226,-0.49217479094801325,-0.5349519917156254,1.8967606990406793,8499.20533728372,5598.52
559,-0.9704367948586523,-0.8339985968195314,1.2104511394484128,0.2128404745904305,0.654905950153919,1.8183530520343896,-0.8074031597740338,0.017779286114826477,-0.4921642290910192,-0.3297969006782757,-0.723725957824542,-1.492442252600658,-1.0284247700830815,-0.40466755390732695,-1.662766782495309,-0.5773502691896258,0.15622500051244334,0.1564231694972022,1.0304638130973318,0.0,-0.510895987437489,1.6547090783235852,-1.6731909385538195,0.4370031892814782,1.6639406325725128,-1.6782109296654444,0.30634440191059537,0.0,-0.6919126161531287,-0.9975031172021119,2.1526269572086583,2.2702083943651856,-0.41388775612546336,-0.4823542675723938,-0.43440451290484433,-0.4565733396744826,-0.45457287727508316,-0.3447914135838056,-0.36268681476051967,-0.3239944068816741,-0.33333333333333337,-0.3096617686426661,-0.3096617686426661,3.334848140652303,-0.3626868147605197,-0.3692744729379982,-0.312079621228754,-0.4665361852810134,2.015760685012114,-0.5136370944265338,-0.5194624816493197,-0.503903259860269,-0.4665361852810134,2.0902458029568014,-0.49217479094801325,-0.5349519917156254,-0.5272146351966106,8500.604552688355,5432.96
583,-0.9704367948586523,0.33549987374249074,1.5181008707777257,0.29579058317622337,1.8949645539956859,-1.350889740182411,1.0219738366457738,0.6395685272890858,-0.4921642290910192,-1.6789057371936733,-0.723725957824542,-0.7741633257822683,0.5852568559088721,-1.770006841898906,-1.2990835018918216,-0.5773502691896258,0.7477535199713897,0.8003956779921285,1.0304638130973318,0.0,-0.510895987437489,1.6547090783235852,-1.6731909385538195,0.32131736816129863,1.6639406325725128,-1.6782109296654444,0.19144729852171757,0.0,-0.6919126161531287,-0.9975031172021119,2.1526269572086583,-0.4404881959216032,-0.41388775612546336,-0.4823542675723938,-0.43440451290484433,2.190228629452953,-0.45457287727508316,-0.3447914135838056,-0.36268681476051967,-0.3239944068816741,-0.33333333333333337,3.2293298729878037,-0.3096617686426661,-0.2998637292684633,-0.3626868147605197,-0.3692744729379982,-0.312079621228754,2.1434564596477332,-0.4960906358752555,-0.5136370944265338,-0.5194624816493197,-0.503903259860269,-0.4665361852810134,-0.47841263385647226,-0.49217479094801325,-0.5349519917156254,1.8967606990406793,7973.320129922648,5665.3
445,-0.9704367948586523,-0.24924936153852034,-1.548584113305704,-0.18117254119208542,-0.8951673046482895,-0.08319262329569078,-0.8074031597740338,0.1732265964083913,-0.4921642290910192,0.24831970740491074,-0.2155489039166439,-1.708681828684677,-1.0753344526804043,-0.43577655034257806,1.46061664024549,-0.5773502691896258,-0.9728348501928482,-0.9348700291609396,-0.9704367948586523,0.0,-0.510895987437489,0.21112427716888763,-1.6731909385538195,-0.9512266641606762,0.2154613006269889,-1.6782109296654444,-0.9575237353670601,0.0,-0.6919126161531287,1.0025031328271852,-0.4645486746559718,-0.4404881959216032,-0.41388775612546336,-0.4823542675723938,-0.43440451290484433,-0.4565733396744826,2.199867281995475,-0.3447914135838056,-0.36268681476051967,-0.3239944068816741,-0.33333333333333337,-0.3096617686426661,-0.3096617686426661,-0.2998637292684633,-0.3626868147605197,-0.3692744729379982,3.204310477123404,-0.4665361852810134,-0.4960906358752555,-0.5136370944265338,1.925066843759244,-0.503903259860269,-0.4665361852810134,-0.47841263385647226,2.031798495964875,-0.5349519917156254,-0.5272146351966106,1477.8035571105243,1092.64
867,1.0304638130973318,-0.8339985968195314,0.5094998712810547,1.2773668681081052,0.654905950153919,1.8183530520343896,-0.8074031597740338,-0.2931153344723032,1.1939272587149565,-1.6049190574301586,1.5288695632472225,1.1957596996263364,0.18410174604913052,0.556254780425987,0.5240109419997357,-0.5773502691896258,-0.9728348501928482,-0.9348700291609396,1.0304638130973318,0.0,3.178642937361816,0.21112427716888763,1.3126505757068445,1.709547221603453,0.2154613006269889,1.311254097572043,1.5702125391882509,0.0,-0.6919126161531287,1.0025031328271852,-0.4645486746559718,2.2702083943651856,-0.41388775612546336,-0.4823542675723938,-0.43440451290484433,-0.4565733396744826,-0.45457287727508316,-0.3447914135838056,2.7571997638245955,-0.3239944068816741,-0.33333333333333337,-0.3096617686426661,-0.3096617686426661,-0.2998637292684633,-0.3626868147605197,-0.3692744729379982,-0.312079621228754,-0.4665361852810134,-0.4960906358752555,-0.5136370944265338,1.925066843759244,-0.503903259860269,-0.4665361852810134,-0.47841263385647226,-0.49217479094801325,1.8693266227366232,-0.5272146351966106,6173.821541795841,5049.18
800,-0.9704367948586523,0.33549987374249074,-1.0196346100365936,1.045797814972767,-0.8951673046482895,0.5506559351476693,-0.8074031597740338,-1.381246506527257,-0.4921642290910192,1.4249630421267363,0.4288083562013607,0.7268392303928428,-0.16532097636018164,-0.9058680520308179,-0.167788749620177,1.7320508075688774,0.050671174966906735,1.3780779458297718,1.0304638130973318,0.0,-0.510895987437489,0.21112427716888763,0.11831397000257887,1.015432294882376,0.2154613006269889,0.11546808667704807,0.8808299188549842,0.0,-0.6919126161531287,1.0025031328271852,-0.4645486746559718,2.2702083943651856,-0.41388775612546336,-0.4823542675723938,-0.43440451290484433,-0.4565733396744826,-0.45457287727508316,-0.3447914135838056,-0.36268681476051967,-0.3239944068816741,-0.33333333333333337,-0.3096617686426661,-0.3096617686426661,-0.2998637292684633,-0.3626868147605197,2.7080128015453204,-0.312079621228754,-0.4665361852810134,-0.4960906358752555,-0.5136370944265338,1.925066843759244,-0.503903259860269,-0.4665361852810134,-0.47841263385647226,-0.49217479094801325,1.8693266227366232,-0.5272146351966106,2309.79110781646,3026.15
599,1.0304638130973318,-0.8339985968195314,0.2701261414388922,0.3510906555667519,0.9649206011143607,1.8183530520343896,-0.8074031597740338,-1.4589701616740394,1.9241703550931286,-0.82117050490079,-0.723725957824542,1.2693103366749938,-1.630014242923374,-0.1696218030632071,0.7692641142973679,-0.5773502691896258,0.07233106402393884,0.5033987877346844,1.0304638130973318,0.0,0.08951047366231593,-1.2324605239858097,1.3126505757068445,1.246803937122735,-1.233018031318535,1.311254097572043,1.2255212290216175,0.0,1.4452692098024813,-0.9975031172021119,-0.4645486746559718,-0.4404881959216032,-0.41388775612546336,-0.4823542675723938,-0.43440451290484433,-0.4565733396744826,2.199867281995475,-0.3447914135838056,-0.36268681476051967,-0.3239944068816741,-0.33333333333333337,-0.3096617686426661,3.2293298729878037,-0.2998637292684633,-0.3626868147605197,-0.3692744729379982,-0.312079621228754,-0.4665361852810134,-0.4960906358752555,-0.5136370944265338,-0.5194624816493197,1.984507899943528,-0.4665361852810134,2.0902458029568014,-0.49217479094801325,-0.5349519917156254,-0.5272146351966106,4792.237923320584,8121.99
849,-0.9704367948586523,0.33549987374249074,-0.7468667893102674,1.2151542866687606,1.584949903035244,-0.08319262329569078,1.3268700027157416,0.7950158375826506,-0.4921642290910192,-0.2022336597066988,-0.723725957824542,-0.35863035289599554,0.9619662361806561,1.130042936898397,-0.6334602007513614,-0.5773502691896258,-0.9728348501928482,-0.9348700291609396,1.0304638130973318,0.0,-0.510895987437489,0.21112427716888763,-1.6731909385538195,0.4370031892814782,0.2154613006269889,-1.6782109296654444,0.42124150529947313,0.0,-0.6919126161531287,1.0025031328271852,-0.4645486746559718,-0.4404881959216032,-0.41388775612546336,2.0731650308243945,-0.43440451290484433,-0.4565733396744826,-0.45457287727508316,-0.3447914135838056,-0.36268681476051967,-0.3239944068816741,-0.33333333333333337,3.2293298729878037,-0.3096617686426661,-0.2998637292684633,-0.3626868147605197,-0.3692744729379982,-0.312079621228754,2.1434564596477332,-0.4960906358752555,-0.5136370944265338,-0.5194624816493197,-0.503903259860269,-0.4665361852810134,-0.47841263385647226,-0.49217479094801325,-0.5349519917156254,1.8967606990406793,3204.951241062196,1344.85
265,1.0304638130973318,-0.8339985968195314,0.47311705682742583,-0.8032983555855316,0.3448912991934773,-0.08319262329569078,-0.8074031597740338,-0.7594572653529976,-0.4921642290910192,-0.5502261810771606,-0.723725957824542,-1.5631099296885174,0.6419952339075388,1.42730668061302,0.34468030893189505,-0.5773502691896258,-0.9728348501928482,-0.9348700291609396,1.0304638130973318,0.0,-0.510895987437489,0.21112427716888763,1.014066424280778,-0.025740095199239966,0.2154613006269889,1.0123075948482942,-0.15324401164491575,0.0,-0.6919126161531287,1.0025031328271852,-0.4645486746559718,-0.4404881959216032,2.4161139951597566,-0.4823542675723938,-0.43440451290484433,-0.4565733396744826,-0.45457287727508316,2.9003042436755413,-0.36268681476051967,-0.3239944068816741,-0.33333333333333337,-0.3096617686426661,-0.3096617686426661,-0.2998637292684633,-0.3626868147605197,-0.3692744729379982,-0.312079621228754,-0.4665361852810134,-0.4960906358752555,-0.5136370944265338,1.925066843759244,-0.503903259860269,-0.4665361852810134,2.0902458029568014,-0.49217479094801325,-0.5349519917156254,-0.5272146351966106,5916.256724483166,5070.56
995,1.0304638130973318,0.33549987374249074,1.3993682238936818,1.7197674472323337,0.3448912991934773,1.8183530520343896,-0.8074031597740338,-0.8371809204997801,-0.4921642290910192,-1.1278325361964607,0.6902368713340656,0.3501031638082878,0.6979317369900117,0.45947123596076106,-1.5491523045010482,-0.5773502691896258,0.8981524679307814,1.3849324199979742,1.0304638130973318,0.0,-0.510895987437489,0.21112427716888763,-0.18027018142348752,-1.298284127521215,0.2154613006269889,-0.18347841604670065,-1.4171121489225713,0.0,-0.6919126161531287,1.0025031328271852,-0.4645486746559718,-0.4404881959216032,2.4161139951597566,-0.4823542675723938,-0.43440451290484433,-0.4565733396744826,-0.45457287727508316,-0.3447914135838056,-0.36268681476051967,-0.3239944068816741,-0.33333333333333337,-0.3096617686426661,3.2293298729878037,-0.2998637292684633,-0.3626868147605197,-0.3692744729379982,-0.312079621228754,-0.4665361852810134,-0.4960906358752555,1.9468998848622512,-0.5194624816493197,-0.503903259860269,-0.4665361852810134,-0.47841263385647226,2.031798495964875,-0.5349519917156254,-0.5272146351966106,7620.486496689289,4251.02
529,1.0304638130973318,1.504998344304513,0.7671816110541864,0.10915283885818948,0.034876648233035594,1.8183530520343896,-0.8074031597740338,-1.6921411271143867,0.663958875295414,-1.331933721750984,1.094404731049382,-0.27882158324950795,0.5380607894129091,-1.6006356390847607,0.07784279363050908,-0.5773502691896258,0.08392368070235044,0.2975312020562265,-0.9704367948586523,0.0,1.851583428061506,0.21112427716888763,0.7154822728547117,-0.025740095199239966,0.2154613006269889,0.7133610921245456,-0.15324401164491575,0.0,-0.6919126161531287,1.0025031328271852,-0.4645486746559718,-0.4404881959216032,2.4161139951597566,-0.4823542675723938,-0.43440451290484433,-0.4565733396744826,-0.45457287727508316,-0.3447914135838056,-0.36268681476051967,-0.3239944068816741,-0.33333333333333337,-0.3096617686426661,-0.3096617686426661,-0.2998637292684633,-0.3626868147605197,-0.3692744729379982,3.204310477123404,-0.4665361852810134,-0.4960906358752555,-0.5136370944265338,-0.5194624816493197,1.984507899943528,-0.4665361852810134,-0.47841263385647226,2.031798495964875,-0.5349519917156254,-0.5272146351966106,6654.757107457009,6130.83
55,-0.9704367948586523,0.9202491090235018,-0.8561851724538435,-1.529111805711219,0.3448912991934773,-0.08319262329569078,0.10728533843587001,1.1059104581697803,-0.4921642290910192,-1.0997686231827142,1.287118463232033,-0.4562115159593554,1.4905507255794987,-0.632800194432502,0.5499121536042404,1.7320508075688774,0.5128504978035772,-0.21598084714038013,1.0304638130973318,0.0,-0.510895987437489,-1.2324605239858097,1.6112347271329108,0.7840606526420169,-1.233018031318535,1.6102006002957916,0.7659328154661065,0.0,1.4452692098024813,-0.9975031172021119,-0.4645486746559718,-0.4404881959216032,-0.41388775612546336,-0.4823542675723938,2.302001867598112,-0.4565733396744826,-0.45457287727508316,-0.3447914135838056,-0.36268681476051967,-0.3239944068816741,3.0,-0.3096617686426661,-0.3096617686426661,-0.2998637292684633,-0.3626868147605197,-0.3692744729379982,-0.312079621228754,-0.4665361852810134,-0.4960906358752555,-0.5136370944265338,-0.5194624816493197,1.984507899943528,-0.4665361852810134,-0.47841263385647226,2.031798495964875,-0.5349519917156254,-0.5272146351966106,2721.693047483084,3223.68
120,-0.9704367948586523,-0.24924936153852034,1.239355372016025,-1.3044552616246967,-1.5151966065691729,-1.350889740182411,0.259733421470854,0.1732265964083913,-0.4921642290910192,1.7515249390139727,-0.3354874341567379,-1.1492293850724584,1.0255205509669678,-1.583352863287399,-0.8154050331312107,-0.5773502691896258,0.7233480111747339,1.4552768072348348,-0.9704367948586523,0.0,-0.510895987437489,-1.2324605239858097,0.11831397000257887,-1.6453415908817535,-1.233018031318535,0.11546808667704807,-1.6469063557003267,0.0,1.4452692098024813,-0.9975031172021119,-0.4645486746559718,-0.4404881959216032,-0.41388775612546336,2.0731650308243945,-0.43440451290484433,-0.4565733396744826,-0.45457287727508316,-0.3447914135838056,-0.36268681476051967,-0.3239944068816741,-0.33333333333333337,-0.3096617686426661,-0.3096617686426661,-0.2998637292684633,-0.3626868147605197,2.7080128015453204,-0.312079621228754,2.1434564596477332,-0.4960906358752555,-0.5136370944265338,-0.5194624816493197,-0.503903259860269,-0.4665361852810134,-0.47841263385647226,2.031798495964875,-0.5349519917156254,-0.5272146351966106,6581.625766752038,2924.62
215,1.0304638130973318,-0.24924936153852034,0.6750190645866638,-0.9761110818059334,0.034876648233035594,0.5506559351476693,-0.8074031597740338,-0.059944369031955935,2.2133168467540636,0.48048480597318055,-0.006905835686480515,1.2210910734282283,1.6573292527918113,1.1093036059415635,1.4459633651544956,-0.5773502691896258,0.5943038834124159,1.050380288986299,1.0304638130973318,0.0,0.8696848089091394,0.21112427716888763,1.3126505757068445,-1.4139699486413944,0.2154613006269889,1.311254097572043,-1.532009252311449,0.0,-0.6919126161531287,1.0025031328271852,-0.4645486746559718,-0.4404881959216032,2.4161139951597566,-0.4823542675723938,-0.43440451290484433,-0.4565733396744826,-0.45457287727508316,-0.3447914135838056,-0.36268681476051967,3.086473033978053,-0.33333333333333337,-0.3096617686426661,-0.3096617686426661,-0.2998637292684633,-0.3626868147605197,-0.3692744729379982,-0.312079621228754,2.1434564596477332,-0.4960906358752555,-0.5136370944265338,-0.5194624816493197,-0.503903259860269,-0.4665361852810134,-0.47841263385647226,2.031798495964875,-0.5349519917156254,-0.5272146351966106,5893.3047894905985,5365.88
25,-0.9704367948586523,-0.24924936153852034,-1.1594678054092633,-1.63279944144346,0.034876648233035594,-0.7170411817390508,1.4793180857507255,1.4945287339036923,-0.4921642290910192,0.6391734777418222,1.7537543074473982,-0.915270152644021,0.19784817318387715,-1.0614130342070738,0.8139634827967753,-0.5773502691896258,1.2648452376005355,1.3694752445511567,-0.9704367948586523,0.0,-0.510895987437489,0.21112427716888763,0.41689812142864524,-0.7198550219203173,0.2154613006269889,0.4144145894007968,-0.8426266319781824,0.0,-0.6919126161531287,1.0025031328271852,-0.4645486746559718,-0.4404881959216032,-0.41388775612546336,-0.4823542675723938,-0.43440451290484433,2.190228629452953,-0.45457287727508316,-0.3447914135838056,-0.36268681476051967,-0.3239944068816741,-0.33333333333333337,-0.3096617686426661,-0.3096617686426661,-0.2998637292684633,-0.3626868147605197,-0.3692744729379982,3.204310477123404,-0.4665361852810134,-0.4960906358752555,1.9468998848622512,-0.5194624816493197,-0.503903259860269,-0.4665361852810134,-0.47841263385647226,2.031798495964875,-0.5349519917156254,-0.5272146351966106,1952.3323131705101,3341.98
72,-0.9704367948586523,0.9202491090235018,1.524903080014163,-1.4703554787962823,0.034876648233035594,-1.350889740182411,1.6317661687857095,1.8831470096376044,-0.4921642290910192,-1.0579278801440368,-0.023459851578993406,1.263509258705095,-1.0275197969633776,1.0228897269547548,1.3633065105919135,-0.5773502691896258,1.0217053562138514,1.4265813599813388,-0.9704367948586523,0.0,-0.510895987437489,-1.2324605239858097,-0.18027018142348752,0.2056315470411191,-1.233018031318535,-0.18347841604670065,0.19144729852171757,0.0,1.4452692098024813,-0.9975031172021119,-0.4645486746559718,-0.4404881959216032,-0.41388775612546336,-0.4823542675723938,2.302001867598112,-0.4565733396744826,-0.45457287727508316,-0.3447914135838056,2.7571997638245955,-0.3239944068816741,-0.33333333333333337,-0.3096617686426661,-0.3096617686426661,-0.2998637292684633,-0.3626868147605197,-0.3692744729379982,-0.312079621228754,-0.4665361852810134,2.015760685012114,-0.5136370944265338,-0.5194624816493197,-0.503903259860269,-0.4665361852810134,-0.47841263385647226,-0.49217479094801325,1.8693266227366232,-0.5272146351966106,7572.63125005761,6962.27
44,-0.9704367948586523,0.9202491090235018,-0.9067607295193305,-1.5671306054797074,0.034876648233035594,-0.7170411817390508,2.0891104178906614,0.1732265964083913,-0.4921642290910192,0.0033982847394832274,1.395812756262118,-0.360933205059804,0.36281675415678155,0.38688357761184167,0.7904184903090151,-0.5773502691896258,-0.9728348501928482,-0.9348700291609396,1.0304638130973318,0.0,-0.510895987437489,0.21112427716888763,1.014066424280778,-0.1414259163194195,0.2154613006269889,1.0123075948482942,-0.2681411150337935,0.0,-0.6919126161531287,1.0025031328271852,-0.4645486746559718,-0.4404881959216032,-0.41388775612546336,-0.4823542675723938,2.302001867598112,-0.4565733396744826,-0.45457287727508316,-0.3447914135838056,-0.36268681476051967,-0.3239944068816741,3.0,-0.3096617686426661,-0.3096617686426661,-0.2998637292684633,-0.3626868147605197,-0.3692744729379982,-0.312079621228754,-0.4665361852810134,-0.4960906358752555,1.9468998848622512,-0.5194624816493197,-0.503903259860269,-0.4665361852810134,-0.47841263385647226,-0.49217479094801325,1.8693266227366232,-0.5272146351966106,2407.6266724355432,943.73
247,1.0304638130973318,-0.8339985968195314,0.007829936235000187,-0.8655109370248762,0.654905950153919,1.8183530520343896,-0.8074031597740338,0.017779286114826477,-0.4921642290910192,-0.1068163554599594,-0.723725957824542,-1.2084179593895783,0.847859435606314,-1.1893055751075507,-0.8610675276929367,-0.5773502691896258,-0.9728348501928482,-0.9348700291609396,-0.9704367948586523,0.0,-0.510895987437489,0.21112427716888763,0.7154822728547117,1.1311181160025554,0.2154613006269889,0.7133610921245456,0.995727022243862,0.0,-0.6919126161531287,1.0025031328271852,-0.4645486746559718,2.2702083943651856,-0.41388775612546336,-0.4823542675723938,-0.43440451290484433,-0.4565733396744826,-0.45457287727508316,-0.3447914135838056,-0.36268681476051967,-0.3239944068816741,3.0,-0.3096617686426661,-0.3096617686426661,-0.2998637292684633,-0.3626868147605197,-0.3692744729379982,-0.312079621228754,-0.4665361852810134,-0.4960906358752555,-0.5136370944265338,-0.5194624816493197,1.984507899943528,2.1434564596477332,-0.47841263385647226,-0.49217479094801325,-0.5349519917156254,-0.5272146351966106,4275.425795764238,2815.98
721,-0.9704367948586523,0.33549987374249074,-1.448775815926802,0.7727537075445321,0.654905950153919,-0.08319262329569078,0.10728533843587001,0.1732265964083913,-0.4921642290910192,0.318734616421221,-0.723725957824542,0.6966912039735199,-1.678310023590117,-1.4001554398353642,0.19465622604604316,1.7320508075688774,0.7004678466778691,0.3423759961237851,1.0304638130973318,0.0,-0.510895987437489,0.21112427716888763,-0.4788543328495539,-0.6041692008001377,0.2154613006269889,-0.48242491877044935,-0.7277295285893046,0.0,-0.6919126161531287,1.0025031328271852,-0.4645486746559718,-0.4404881959216032,-0.41388775612546336,-0.4823542675723938,-0.43440451290484433,2.190228629452953,-0.45457287727508316,2.9003042436755413,-0.36268681476051967,-0.3239944068816741,-0.33333333333333337,-0.3096617686426661,-0.3096617686426661,-0.2998637292684633,-0.3626868147605197,-0.3692744729379982,-0.312079621228754,-0.4665361852810134,-0.4960906358752555,-0.5136370944265338,-0.5194624816493197,1.984507899943528,-0.4665361852810134,2.0902458029568014,-0.49217479094801325,-0.5349519917156254,-0.5272146351966106,1592.154954398259,932.06
281,1.0304638130973318,0.33549987374249074,-1.4162053326579256,-0.7479982831950032,-1.205181955608731,-0.08319262329569078,-0.8074031597740338,-1.381246506527257,-0.4921642290910192,-0.38949649745297377,-0.723725957824542,0.12523228686602542,0.3941586080240036,-1.1236310270775762,1.0352932916535935,-0.5773502691896258,0.08971998904155615,1.6756483495057901,-0.9704367948586523,0.0,-0.510895987437489,-1.2324605239858097,1.014066424280778,-1.529655769761574,-1.233018031318535,1.0123075948482942,-1.532009252311449,0.0,1.4452692098024813,-0.9975031172021119,-0.4645486746559718,-0.4404881959216032,-0.41388775612546336,-0.4823542675723938,-0.43440451290484433,-0.4565733396744826,2.199867281995475,-0.3447914135838056,-0.36268681476051967,-0.3239944068816741,-0.33333333333333337,-0.3096617686426661,-0.3096617686426661,3.334848140652303,-0.3626868147605197,-0.3692744729379982,-0.312079621228754,-0.4665361852810134,-0.4960906358752555,-0.5136370944265338,1.925066843759244,-0.503903259860269,-0.4665361852810134,2.0902458029568014,-0.49217479094801325,-0.5349519917156254,-0.5272146351966106,1645.9703943221457,915.33
893,1.0304638130973318,-1.4187478321005424,1.2625590792463897,1.367229485742714,0.3448912991934773,-1.350889740182411,-0.19761082763409793,0.40639756184873854,-0.4921642290910192,-0.026706640129809094,-0.723725957824542,1.6145447919805824,1.4661508174153233,1.0056069511573926,0.5196596760396165,1.7320508075688774,0.489665264446754,0.46361277754544716,1.0304638130973318,0.0,-0.510895987437489,0.21112427716888763,-1.6731909385538195,1.709547221603453,0.2154613006269889,-1.6782109296654444,1.6851096425771286,0.0,-0.6919126161531287,1.0025031328271852,-0.4645486746559718,-0.4404881959216032,-0.41388775612546336,-0.4823542675723938,-0.43440451290484433,2.190228629452953,-0.45457287727508316,-0.3447914135838056,2.7571997638245955,-0.3239944068816741,-0.33333333333333337,-0.3096617686426661,-0.3096617686426661,-0.2998637292684633,-0.3626868147605197,-0.3692744729379982,-0.312079621228754,-0.4665361852810134,-0.4960906358752555,-0.5136370944265338,1.925066843759244,-0.503903259860269,-0.4665361852810134,-0.47841263385647226,-0.49217479094801325,-0.5349519917156254,1.8967606990406793,6970.242316013746,4401.08
914,-0.9704367948586523,1.504998344304513,0.3542728099955105,1.4398108307552828,0.654905950153919,-0.7170411817390508,0.7170776705758058,1.5722523890504747,2.90961819446258,-1.0472125679024242,0.8354749352966793,-0.05827514624844287,-1.0023409245949,-0.729583738897728,1.7007274073175267,-0.5773502691896258,-0.9728348501928482,-0.9348700291609396,-0.9704367948586523,0.0,1.3779035159370627,-1.2324605239858097,1.6112347271329108,1.8252330427236327,-1.233018031318535,1.6102006002957916,1.8000067459660063,0.0,1.4452692098024813,-0.9975031172021119,-0.4645486746559718,-0.4404881959216032,-0.41388775612546336,-0.4823542675723938,-0.43440451290484433,2.190228629452953,-0.45457287727508316,-0.3447914135838056,-0.36268681476051967,3.086473033978053,-0.33333333333333337,-0.3096617686426661,-0.3096617686426661,-0.2998637292684633,-0.3626868147605197,-0.3692744729379982,-0.312079621228754,2.1434564596477332,-0.4960906358752555,-0.5136370944265338,-0.5194624816493197,-0.503903259860269,-0.4665361852810134,-0.47841263385647226,2.031798495964875,-0.5349519917156254,-0.5272146351966106,5603.939348795559,3033.71
810,-0.9704367948586523,1.504998344304513,-0.24968802099394596,1.0803603602168472,1.584949903035244,-1.350889740182411,0.10728533843587001,1.6499760441972573,-0.4921642290910192,-1.1870218800072727,1.3692638628495974,-0.5883178824556893,0.5238905141081743,0.8120398622269411,1.5448901706983929,-0.5773502691896258,-0.9728348501928482,-0.9348700291609396,-0.9704367948586523,0.0,-0.510895987437489,1.6547090783235852,-1.0760226357016867,1.8252330427236327,1.6639406325725128,-1.0803179242179468,1.8000067459660063,0.0,-0.6919126161531287,-0.9975031172021119,2.1526269572086583,-0.4404881959216032,-0.41388775612546336,2.0731650308243945,-0.43440451290484433,-0.4565733396744826,-0.45457287727508316,-0.3447914135838056,-0.36268681476051967,-0.3239944068816741,-0.33333333333333337,-0.3096617686426661,-0.3096617686426661,-0.2998637292684633,-0.3626868147605197,-0.3692744729379982,3.204310477123404,-0.4665361852810134,-0.4960906358752555,-0.5136370944265338,1.925066843759244,-0.503903259860269,-0.4665361852810134,-0.47841263385647226,2.031798495964875,-0.5349519917156254,-0.5272146351966106,4189.044170192174,2619.77
244,-0.9704367948586523,-0.8339985968195314,-0.20718529629551813,-0.8758797005981004,-0.8951673046482895,-1.350889740182411,1.7842142518206936,1.41680507875691,-0.4921642290910192,-0.27519983354244076,-0.723725957824542,-0.7799819827763184,-0.5987343685627952,-0.22147013045529218,-0.16993858458071026,-0.5773502691896258,-0.9728348501928482,-0.9348700291609396,1.0304638130973318,0.0,-0.510895987437489,1.6547090783235852,-1.6731909385538195,1.478175579363094,1.6639406325725128,-1.6782109296654444,1.3404183324104952,0.0,-0.6919126161531287,-0.9975031172021119,2.1526269572086583,-0.4404881959216032,-0.41388775612546336,2.0731650308243945,-0.43440451290484433,-0.4565733396744826,-0.45457287727508316,-0.3447914135838056,-0.36268681476051967,-0.3239944068816741,-0.33333333333333337,-0.3096617686426661,-0.3096617686426661,-0.2998637292684633,-0.3626868147605197,-0.3692744729379982,3.204310477123404,-0.4665361852810134,-0.4960906358752555,-0.5136370944265338,1.925066843759244,-0.503903259860269,-0.4665361852810134,-0.47841263385647226,-0.49217479094801325,-0.5349519917156254,1.8967606990406793,3405.7111861412614,6207.02
822,-0.9704367948586523,-0.24924936153852034,0.9748211645471733,1.1218354145097436,-0.5851526536878479,-0.7170411817390508,-0.5025069937040658,-0.13766802417873836,1.9190477160723531,1.3417918090132677,0.4366168542638668,1.1049991979336458,1.5415614256053538,0.4629277911202333,0.6565611663263732,-0.5773502691896258,-0.9728348501928482,-0.9348700291609396,1.0304638130973318,0.0,2.2086602947515113,0.21112427716888763,0.11831397000257887,0.6683748315218373,0.2154613006269889,0.11546808667704807,0.5361386086883508,0.0,-0.6919126161531287,1.0025031328271852,-0.4645486746559718,-0.4404881959216032,-0.41388775612546336,2.0731650308243945,-0.43440451290484433,-0.4565733396744826,-0.45457287727508316,-0.3447914135838056,-0.36268681476051967,-0.3239944068816741,-0.33333333333333337,-0.3096617686426661,3.2293298729878037,-0.2998637292684633,-0.3626868147605197,-0.3692744729379982,-0.312079621228754,-0.4665361852810134,-0.4960906358752555,1.9468998848622512,-0.5194624816493197,-0.503903259860269,-0.4665361852810134,-0.47841263385647226,-0.49217479094801325,1.8693266227366232,-0.5272146351966106,5838.827004417881,9044.25
321,1.0304638130973318,0.33549987374249074,0.722043434345416,-0.6097481022186817,1.584949903035244,0.5506559351476693,-0.8074031597740338,-0.13766802417873836,-0.4921642290910192,1.6729459825754818,-0.723725957824542,-0.48045299026387234,1.1003583913597172,1.233739591682568,1.7247023667973935,1.7320508075688774,1.6754679231042704,0.14434379032253966,-0.9704367948586523,0.0,-0.510895987437489,0.21112427716888763,1.6112347271329108,0.4370031892814782,0.2154613006269889,1.6102006002957916,0.30634440191059537,0.0,-0.6919126161531287,1.0025031328271852,-0.4645486746559718,-0.4404881959216032,-0.41388775612546336,-0.4823542675723938,-0.43440451290484433,-0.4565733396744826,2.199867281995475,-0.3447914135838056,-0.36268681476051967,3.086473033978053,-0.33333333333333337,-0.3096617686426661,-0.3096617686426661,-0.2998637292684633,-0.3626868147605197,-0.3692744729379982,-0.312079621228754,2.1434564596477332,-0.4960906358752555,-0.5136370944265338,-0.5194624816493197,-0.503903259860269,2.1434564596477332,-0.47841263385647226,-0.49217479094801325,-0.5349519917156254,-0.5272146351966106,6440.494363975022,9562.63
643,-0.9704367948586523,0.33549987374249074,-1.3194882768695677,0.5031658546407054,0.3448912991934773,1.8183530520343896,-0.8074031597740338,-0.7594572653529976,-0.4921642290910192,-1.005371824863747,-0.723725957824542,-0.25516021674198097,-0.24168237909369886,-1.210044906064385,-0.2765531999434747,-0.5773502691896258,1.1611218252147484,1.3593023030851341,-0.9704367948586523,0.0,-0.510895987437489,-1.2324605239858097,1.6112347271329108,-0.9512266641606762,-1.233018031318535,1.6102006002957916,-0.9575237353670601,0.0,1.4452692098024813,-0.9975031172021119,-0.4645486746559718,-0.4404881959216032,2.4161139951597566,-0.4823542675723938,-0.43440451290484433,-0.4565733396744826,-0.45457287727508316,-0.3447914135838056,-0.36268681476051967,-0.3239944068816741,-0.33333333333333337,-0.3096617686426661,-0.3096617686426661,-0.2998637292684633,2.757199763824596,-0.3692744729379982,-0.312079621228754,-0.4665361852810134,-0.4960906358752555,-0.5136370944265338,-0.5194624816493197,1.984507899943528,-0.4665361852810134,2.0902458029568014,-0.49217479094801325,-0.5349519917156254,-0.5272146351966106,1744.1300848228584,2964.97
158,1.0304638130973318,-0.8339985968195314,-1.0883593972451482,-1.1731175896971913,0.9649206011143607,0.5506559351476693,-0.8074031597740338,-0.3708389896190856,-0.4921642290910192,-1.037007508624698,-0.723725957824542,-1.2485332925026364,1.468980290333892,-1.4450906569085047,1.3675717831536114,-0.5773502691896258,-0.9728348501928482,-0.9348700291609396,-0.9704367948586523,0.0,-0.510895987437489,0.21112427716888763,-0.7774384842756202,0.6683748315218373,0.2154613006269889,-0.7813714214941981,0.5361386086883508,0.0,-0.6919126161531287,1.0025031328271852,-0.4645486746559718,2.2702083943651856,-0.41388775612546336,-0.4823542675723938,-0.43440451290484433,-0.4565733396744826,-0.45457287727508316,-0.3447914135838056,-0.36268681476051967,-0.3239944068816741,-0.33333333333333337,-0.3096617686426661,-0.3096617686426661,-0.2998637292684633,-0.3626868147605197,-0.3692744729379982,3.204310477123404,-0.4665361852810134,-0.4960906358752555,-0.5136370944265338,-0.5194624816493197,1.984507899943528,-0.4665361852810134,2.0902458029568014,-0.49217479094801325,-0.5349519917156254,-0.5272146351966106,2281.885353621419,1760.55
977,-0.9704367948586523,0.33549987374249074,1.7070838376749793,1.657554865792989,-1.205181955608731,1.8183530520343896,-0.8074031597740338,-1.2257991962336923,-0.4921642290910192,1.3397507971577227,1.9461556997075493,-0.7847810563695984,-1.1187960731380948,0.32466558474133944,-1.5210840592563262,1.7320508075688774,0.7087047058967403,-0.05410371829905277,-0.9704367948586523,0.0,-0.510895987437489,1.6547090783235852,-0.7774384842756202,0.4370031892814782,1.6639406325725128,-0.7813714214941981,0.42124150529947313,0.0,-0.6919126161531287,-0.9975031172021119,2.1526269572086583,-0.4404881959216032,-0.41388775612546336,-0.4823542675723938,-0.43440451290484433,-0.4565733396744826,2.199867281995475,2.9003042436755413,-0.36268681476051967,-0.3239944068816741,-0.33333333333333337,-0.3096617686426661,-0.3096617686426661,-0.2998637292684633,-0.3626868147605197,-0.3692744729379982,-0.312079621228754,-0.4665361852810134,-0.4960906358752555,-0.5136370944265338,1.925066843759244,-0.503903259860269,-0.4665361852810134,-0.47841263385647226,-0.49217479094801325,1.8693266227366232,-0.5272146351966106,7602.52964755743,14837.97
429,-0.9704367948586523,0.9202491090235018,1.5420756181996564,-0.23647261358261398,1.584949903035244,-0.7170411817390508,2.2415585009256453,1.261357768463345,0.4394454604425073,-0.7405505366067535,0.44411301240387274,-0.14026371488968054,0.7152407798238465,-1.0441302584097119,-1.5919082221961334,-0.5773502691896258,-0.9728348501928482,-0.9348700291609396,1.0304638130973318,0.0,2.218159847855376,0.21112427716888763,1.6112347271329108,1.8252330427236327,0.2154613006269889,1.6102006002957916,1.6851096425771286,0.0,-0.6919126161531287,1.0025031328271852,-0.4645486746559718,-0.4404881959216032,-0.41388775612546336,2.0731650308243945,-0.43440451290484433,-0.4565733396744826,-0.45457287727508316,-0.3447914135838056,-0.36268681476051967,-0.3239944068816741,-0.33333333333333337,-0.3096617686426661,-0.3096617686426661,-0.2998637292684633,-0.3626868147605197,2.7080128015453204,-0.312079621228754,-0.4665361852810134,-0.4960906358752555,1.9468998848622512,-0.5194624816493197,-0.503903259860269,-0.4665361852810134,-0.47841263385647226,2.031798495964875,-0.5349519917156254,-0.5272146351966106,8046.686713147243,6811.02
941,-0.9704367948586523,1.504998344304513,-0.23719298296838975,1.5331297029142998,0.3448912991934773,-0.08319262329569078,-0.8074031597740338,-0.2931153344723032,0.3850517275445259,0.47181050558711324,-0.723725957824542,0.9338849768457792,-1.58556746185436,0.35577458117659055,1.324420295825788,-0.5773502691896258,-0.9728348501928482,-0.9348700291609396,1.0304638130973318,0.0,0.20814043501359086,0.21112427716888763,1.3126505757068445,-0.1414259163194195,0.2154613006269889,1.311254097572043,-0.2681411150337935,0.0,-0.6919126161531287,1.0025031328271852,-0.4645486746559718,-0.4404881959216032,-0.41388775612546336,-0.4823542675723938,-0.43440451290484433,-0.4565733396744826,2.199867281995475,-0.3447914135838056,-0.36268681476051967,-0.3239944068816741,-0.33333333333333337,-0.3096617686426661,3.2293298729878037,-0.2998637292684633,-0.3626868147605197,-0.3692744729379982,-0.312079621228754,-0.4665361852810134,2.015760685012114,-0.5136370944265338,-0.5194624816493197,-0.503903259860269,-0.4665361852810134,-0.47841263385647226,-0.49217479094801325,-0.5349519917156254,1.8967606990406793,3963.6829908482223,4541.16
462,-0.9704367948586523,0.9202491090235018,0.5978764087584258,-0.12241621427714884,0.654905950153919,0.5506559351476693,-0.8074031597740338,-1.2257991962336923,-0.052481431204595703,0.14320759684433126,-0.723725957824542,0.29323502067912743,0.16446726595833422,1.292501029393598,-0.1622851721212119,-0.5773502691896258,-0.9728348501928482,-0.9348700291609396,-0.9704367948586523,0.0,2.3874977812645715,0.21112427716888763,-0.18027018142348752,-0.8355408430404968,0.2154613006269889,-0.18347841604670065,-0.9575237353670601,0.0,-0.6919126161531287,1.0025031328271852,-0.4645486746559718,2.2702083943651856,-0.41388775612546336,-0.4823542675723938,-0.43440451290484433,-0.4565733396744826,-0.45457287727508316,-0.3447914135838056,-0.36268681476051967,-0.3239944068816741,-0.33333333333333337,-0.3096617686426661,-0.3096617686426661,-0.2998637292684633,-0.3626868147605197,-0.3692744729379982,3.204310477123404,-0.4665361852810134,-0.4960906358752555,-0.5136370944265338,1.925066843759244,-0.503903259860269,-0.4665361852810134,-0.47841263385647226,-0.49217479094801325,-0.5349519917156254,1.8967606990406793,6102.161023142344,9323.09
309,1.0304638130973318,0.33549987374249074,-0.0017038548979116685,-0.6512231565115781,0.654905950153919,0.5506559351476693,-0.8074031597740338,0.1732265964083913,-0.4921642290910192,-0.1297777388348434,-0.723725957824542,-0.8535150408008245,1.0739767066169494,-0.7676058456519238,0.6212006808955228,-0.5773502691896258,-0.9728348501928482,-0.9348700291609396,-0.9704367948586523,0.0,-0.510895987437489,0.21112427716888763,0.11831397000257887,-0.25711173743959903,0.2154613006269889,0.11546808667704807,-0.38303821842267133,0.0,-0.6919126161531287,1.0025031328271852,-0.4645486746559718,-0.4404881959216032,2.4161139951597566,-0.4823542675723938,-0.43440451290484433,-0.4565733396744826,-0.45457287727508316,-0.3447914135838056,-0.36268681476051967,-0.3239944068816741,3.0,-0.3096617686426661,-0.3096617686426661,-0.2998637292684633,-0.3626868147605197,-0.3692744729379982,-0.312079621228754,2.1434564596477332,-0.4960906358752555,-0.5136370944265338,-0.5194624816493197,-0.503903259860269,-0.4665361852810134,2.0902458029568014,-0.49217479094801325,-0.5349519917156254,-0.5272146351966106,4281.201938235387,4388.89
697,-0.9704367948586523,-1.4187478321005424,0.014415795503530537,0.6898035989587393,-0.27513800272740613,-0.08319262329569078,1.6317661687857095,2.1163179750779517,-0.4921642290910192,1.310156125252317,-0.723725957824542,-1.288965048050417,-1.2160635004723723,0.05851083746196818,-0.26785066802323626,1.7320508075688774,-0.008512183864983648,1.1850214633427782,1.0304638130973318,0.0,-0.510895987437489,0.21112427716888763,-0.18027018142348752,1.246803937122735,0.2154613006269889,-0.18347841604670065,1.1106241256327398,0.0,-0.6919126161531287,1.0025031328271852,-0.4645486746559718,-0.4404881959216032,-0.41388775612546336,2.0731650308243945,-0.43440451290484433,-0.4565733396744826,-0.45457287727508316,-0.3447914135838056,-0.36268681476051967,-0.3239944068816741,-0.33333333333333337,-0.3096617686426661,-0.3096617686426661,3.334848140652303,-0.3626868147605197,-0.3692744729379982,-0.312079621228754,-0.4665361852810134,-0.4960906358752555,-0.5136370944265338,1.925066843759244,-0.503903259860269,-0.4665361852810134,-0.47841263385647226,-0.49217479094801325,-0.5349519917156254,1.8967606990406793,4532.683625300285,7392.22
60,1.0304638130973318,-1.4187478321005424,-0.6841994933411855,-1.5118305330891788,0.3448912991934773,-0.7170411817390508,0.10728533843587001,0.8727394927294331,-0.4921642290910192,1.365263445352038,-0.723725957824542,-0.8555542076023649,-0.5422709191068237,-0.6293436392730297,1.6402912469070163,1.7320508075688774,1.382296748684442,0.7488387992947724,-0.9704367948586523,0.0,-0.510895987437489,0.21112427716888763,-0.4788543328495539,0.5526890104016577,0.2154613006269889,-0.48242491877044935,0.42124150529947313,0.0,-0.6919126161531287,1.0025031328271852,-0.4645486746559718,-0.4404881959216032,-0.41388775612546336,-0.4823542675723938,-0.43440451290484433,2.190228629452953,-0.45457287727508316,-0.3447914135838056,2.7571997638245955,-0.3239944068816741,-0.33333333333333337,-0.3096617686426661,-0.3096617686426661,-0.2998637292684633,-0.3626868147605197,-0.3692744729379982,-0.312079621228754,-0.4665361852810134,-0.4960906358752555,-0.5136370944265338,-0.5194624816493197,1.984507899943528,-0.4665361852810134,2.0902458029568014,-0.49217479094801325,-0.5349519917156254,-0.5272146351966106,3599.918257107994,1388.11
884,1.0304638130973318,-0.8339985968195314,-0.21026853347600788,1.3361231950230417,0.034876648233035594,0.5506559351476693,-0.8074031597740338,-0.2931153344723032,-0.4921642290910192,1.0810525444673644,2.318777227250341,0.38631595355977794,0.5388397536172113,0.46638434627970593,0.6574211003105869,-0.5773502691896258,0.4936311596262106,0.6416392532008369,1.0304638130973318,0.0,-0.510895987437489,0.21112427716888763,0.11831397000257887,-0.025740095199239966,0.2154613006269889,0.11546808667704807,-0.15324401164491575,0.0,-0.6919126161531287,1.0025031328271852,-0.4645486746559718,-0.4404881959216032,2.4161139951597566,-0.4823542675723938,-0.43440451290484433,-0.4565733396744826,-0.45457287727508316,-0.3447914135838056,-0.36268681476051967,-0.3239944068816741,-0.33333333333333337,-0.3096617686426661,-0.3096617686426661,3.334848140652303,-0.3626868147605197,-0.3692744729379982,-0.312079621228754,2.1434564596477332,-0.4960906358752555,-0.5136370944265338,-0.5194624816493197,-0.503903259860269,-0.4665361852810134,-0.47841263385647226,-0.49217479094801325,1.8693266227366232,-0.5272146351966106,3747.206312997323,5007.25
595,-0.9704367948586523,-0.24924936153852034,1.2350486145794632,0.33726563746911975,-0.8951673046482895,-0.7170411817390508,1.1744219196807577,0.9504631478762154,-0.4921642290910192,0.3723111776292831,-0.723725957824542,0.4957805369493546,0.11826781542964004,1.2544789226394022,0.9148165404653105,-0.5773502691896258,1.2727770279594488,-0.012897767990724653,-0.9704367948586523,0.0,-0.510895987437489,-1.2324605239858097,1.014066424280778,0.2056315470411191,-1.233018031318535,1.0123075948482942,0.19144729852171757,0.0,1.4452692098024813,-0.9975031172021119,-0.4645486746559718,-0.4404881959216032,-0.41388775612546336,2.0731650308243945,-0.43440451290484433,-0.4565733396744826,-0.45457287727508316,-0.3447914135838056,-0.36268681476051967,-0.3239944068816741,-0.33333333333333337,-0.3096617686426661,-0.3096617686426661,-0.2998637292684633,-0.3626868147605197,-0.3692744729379982,3.204310477123404,-0.4665361852810134,-0.4960906358752555,1.9468998848622512,-0.5194624816493197,-0.503903259860269,-0.4665361852810134,2.0902458029568014,-0.49217479094801325,-0.5349519917156254,-0.5272146351966106,7311.522550074543,4173.49
767,-0.9704367948586523,-0.8339985968195314,-0.9891213371171262,0.9317414156673017,0.3448912991934773,1.8183530520343896,-0.8074031597740338,-1.4589701616740394,-0.4921642290910192,-0.8701547894338757,0.26982733564873623,-1.1396488169100494,0.09438339828301784,1.596677883427165,0.07837595270072138,1.7320508075688774,-0.00393615096561061,0.18639616733138437,1.0304638130973318,0.0,-0.510895987437489,-1.2324605239858097,-0.18027018142348752,-1.6453415908817535,-1.233018031318535,-0.18347841604670065,-1.6469063557003267,0.0,1.4452692098024813,-0.9975031172021119,-0.4645486746559718,-0.4404881959216032,-0.41388775612546336,-0.4823542675723938,-0.43440451290484433,-0.4565733396744826,2.199867281995475,-0.3447914135838056,-0.36268681476051967,-0.3239944068816741,-0.33333333333333337,-0.3096617686426661,-0.3096617686426661,-0.2998637292684633,-0.3626868147605197,-0.3692744729379982,3.204310477123404,-0.4665361852810134,2.015760685012114,-0.5136370944265338,-0.5194624816493197,-0.503903259860269,-0.4665361852810134,-0.47841263385647226,-0.49217479094801325,1.8693266227366232,-0.5272146351966106,2390.3994026769874,3978.35
649,-0.9704367948586523,-0.24924936153852034,-0.3507523950275057,0.5239033817871537,0.034876648233035594,1.8183530520343896,-0.8074031597740338,0.0955029412616089,-0.4921642290910192,0.5473279442422869,0.43567983449636605,1.5530357864755029,0.2338867229888042,-0.5636690912430551,-0.8436796625321439,1.7320508075688774,0.8609340670158813,0.45667524281317534,1.0304638130973318,0.0,-0.510895987437489,-1.2324605239858097,1.014066424280778,1.246803937122735,-1.233018031318535,1.0123075948482942,1.2255212290216175,0.0,1.4452692098024813,-0.9975031172021119,-0.4645486746559718,-0.4404881959216032,2.4161139951597566,-0.4823542675723938,-0.43440451290484433,-0.4565733396744826,-0.45457287727508316,-0.3447914135838056,-0.36268681476051967,-0.3239944068816741,-0.33333333333333337,-0.3096617686426661,3.2293298729878037,-0.2998637292684633,-0.3626868147605197,-0.3692744729379982,-0.312079621228754,-0.4665361852810134,-0.4960906358752555,-0.5136370944265338,-0.5194624816493197,1.984507899943528,-0.4665361852810134,-0.47841263385647226,2.031798495964875,-0.5349519917156254,-0.5272146351966106,3788.242587864546,5147.83
650,-0.9704367948586523,-1.4187478321005424,1.4948409787460193,0.5273596363115617,-1.5151966065691729,-1.350889740182411,1.7842142518206936,0.9504631478762154,-0.4090314973194608,-1.155896449210208,1.9552135574600562,1.016770075718729,-0.35922578645172754,-0.5256469844888592,-1.3081988021244826,-0.5773502691896258,-0.9728348501928482,-0.9348700291609396,1.0304638130973318,0.0,2.547670288874955,-1.2324605239858097,1.014066424280778,-0.25711173743959903,-1.233018031318535,1.0123075948482942,-0.2681411150337935,0.0,1.4452692098024813,-0.9975031172021119,-0.4645486746559718,-0.4404881959216032,-0.41388775612546336,2.0731650308243945,-0.43440451290484433,-0.4565733396744826,-0.45457287727508316,-0.3447914135838056,-0.36268681476051967,3.086473033978053,-0.33333333333333337,-0.3096617686426661,-0.3096617686426661,-0.2998637292684633,-0.3626868147605197,-0.3692744729379982,-0.312079621228754,-0.4665361852810134,2.015760685012114,-0.5136370944265338,-0.5194624816493197,-0.503903259860269,-0.4665361852810134,-0.47841263385647226,-0.49217479094801325,1.8693266227366232,-0.5272146351966106,8280.032407733406,7504.94
865,-0.9704367948586523,0.9202491090235018,1.5097114024206382,1.2704543590592892,1.584949903035244,-1.350889740182411,1.3268700027157416,1.6499760441972573,-0.4921642290910192,-1.6054293103940447,-0.723725957824542,-0.08272756884277431,-1.280889359768648,0.3626876914955351,-1.011126007938157,1.7320508075688774,1.4698515114924446,1.4750096240987483,1.0304638130973318,0.0,-0.510895987437489,0.21112427716888763,0.41689812142864524,-0.3727975585597786,0.2154613006269889,0.4144145894007968,-0.4979353218115491,0.0,-0.6919126161531287,1.0025031328271852,-0.4645486746559718,-0.4404881959216032,-0.41388775612546336,-0.4823542675723938,2.302001867598112,-0.4565733396744826,-0.45457287727508316,-0.3447914135838056,-0.36268681476051967,-0.3239944068816741,-0.33333333333333337,-0.3096617686426661,-0.3096617686426661,3.334848140652303,-0.3626868147605197,-0.3692744729379982,-0.312079621228754,-0.4665361852810134,2.015760685012114,-0.5136370944265338,-0.5194624816493197,-0.503903259860269,-0.4665361852810134,2.0902458029568014,-0.49217479094801325,-0.5349519917156254,-0.5272146351966106,7823.94199448723,9994.33
668,1.0304638130973318,-0.24924936153852034,0.5381344937677073,0.5895722177509063,-0.5851526536878479,-1.350889740182411,0.5646295875408219,-0.13766802417873836,-0.4921642290910192,0.8835846474433638,-0.723725957824542,-1.747918210590175,-0.271683956315283,0.6115596629775447,-0.8691853045039103,-0.5773502691896258,1.6776034051239777,0.24479169913712046,1.0304638130973318,0.0,-0.510895987437489,0.21112427716888763,0.11831397000257887,0.4370031892814782,0.2154613006269889,0.11546808667704807,0.30634440191059537,0.0,-0.6919126161531287,1.0025031328271852,-0.4645486746559718,-0.4404881959216032,-0.41388775612546336,-0.4823542675723938,-0.43440451290484433,2.190228629452953,-0.45457287727508316,2.9003042436755413,-0.36268681476051967,-0.3239944068816741,-0.33333333333333337,-0.3096617686426661,-0.3096617686426661,-0.2998637292684633,-0.3626868147605197,-0.3692744729379982,-0.312079621228754,-0.4665361852810134,-0.4960906358752555,1.9468998848622512,-0.5194624816493197,-0.503903259860269,-0.4665361852810134,2.0902458029568014,-0.49217479094801325,-0.5349519917156254,-0.5272146351966106,5810.390207038764,8682.06
298,1.0304638130973318,1.504998344304513,1.6646488426000867,-0.6892419562800666,-1.8252112575296147,-0.08319262329569078,-0.8074031597740338,0.1732265964083913,-0.1974908357006028,0.9703276513040363,-0.723725957824542,-1.5628814023745516,-0.3695699728706244,-0.7123009631003662,0.5448041457380136,1.7320508075688774,0.13181949171578758,1.776424545311693,1.0304638130973318,0.0,-0.03932975356876388,-1.2324605239858097,0.41689812142864524,1.015432294882376,-1.233018031318535,0.4144145894007968,0.995727022243862,0.0,1.4452692098024813,-0.9975031172021119,-0.4645486746559718,-0.4404881959216032,2.4161139951597566,-0.4823542675723938,-0.43440451290484433,-0.4565733396744826,-0.45457287727508316,-0.3447914135838056,-0.36268681476051967,-0.3239944068816741,-0.33333333333333337,-0.3096617686426661,-0.3096617686426661,-0.2998637292684633,-0.3626868147605197,2.7080128015453204,-0.312079621228754,-0.4665361852810134,2.015760685012114,-0.5136370944265338,-0.5194624816493197,-0.503903259860269,-0.4665361852810134,-0.47841263385647226,-0.49217479094801325,-0.5349519917156254,1.8967606990406793,8424.841258033852,8215.74
689,-0.9704367948586523,-0.24924936153852034,-0.9480721055328656,0.662153562763475,0.654905950153919,-0.08319262329569078,-0.8074031597740338,-0.6817336102062153,2.637814943888345,-0.05477055314355587,0.21891592828119635,0.35725782663782985,-0.4967817006467581,-0.41849377454521636,-1.5879009298296993,-0.5773502691896258,-0.9728348501928482,-0.9348700291609396,1.0304638130973318,0.0,1.1959370472026554,-1.2324605239858097,1.3126505757068445,-0.7198550219203173,-1.233018031318535,1.311254097572043,-0.7277295285893046,0.0,1.4452692098024813,-0.9975031172021119,-0.4645486746559718,2.2702083943651856,-0.41388775612546336,-0.4823542675723938,-0.43440451290484433,-0.4565733396744826,-0.45457287727508316,-0.3447914135838056,2.7571997638245955,-0.3239944068816741,-0.33333333333333337,-0.3096617686426661,-0.3096617686426661,-0.2998637292684633,-0.3626868147605197,-0.3692744729379982,-0.312079621228754,-0.4665361852810134,2.015760685012114,-0.5136370944265338,-0.5194624816493197,-0.503903259860269,-0.4665361852810134,-0.47841263385647226,2.031798495964875,-0.5349519917156254,-0.5272146351966106,2758.897704156719,2390.41
314,1.0304638130973318,0.33549987374249074,1.241811956247849,-0.633941883889538,0.3448912991934773,-0.08319262329569078,1.7842142518206936,0.9504631478762154,-0.4921642290910192,0.564166292050535,-0.723725957824542,0.45610467944007677,-1.0648757127020512,0.03777150650513421,0.0982920237751012,1.7320508075688774,1.2749125099791563,1.2493301162572634,1.0304638130973318,0.0,-0.510895987437489,-1.2324605239858097,0.11831397000257887,0.2056315470411191,-1.233018031318535,0.11546808667704807,0.19144729852171757,0.0,1.4452692098024813,-0.9975031172021119,-0.4645486746559718,-0.4404881959216032,-0.41388775612546336,2.0731650308243945,-0.43440451290484433,-0.4565733396744826,-0.45457287727508316,-0.3447914135838056,2.7571997638245955,-0.3239944068816741,-0.33333333333333337,-0.3096617686426661,-0.3096617686426661,-0.2998637292684633,-0.3626868147605197,-0.3692744729379982,-0.312079621228754,2.1434564596477332,-0.4960906358752555,-0.5136370944265338,-0.5194624816493197,-0.503903259860269,-0.4665361852810134,2.0902458029568014,-0.49217479094801325,-0.5349519917156254,-0.5272146351966106,7394.041800098598,5308.83
310,1.0304638130973318,-1.4187478321005424,-1.2604755328485933,-0.6477669019871701,1.584949903035244,-1.350889740182411,-0.6549550767390498,0.5618448721423034,0.7191077264272717,-0.2879561576395985,1.7147118171348676,-1.3732564688554627,1.5275515252838583,-0.34590611619629696,0.3508202375791779,1.7320508075688774,0.5518993118782264,1.0976298841469143,-0.9704367948586523,0.0,0.7600707467726477,0.21112427716888763,0.41689812142864524,-0.48848337967995814,0.2154613006269889,0.4144145894007968,-0.6128324252004268,0.0,-0.6919126161531287,1.0025031328271852,-0.4645486746559718,-0.4404881959216032,-0.41388775612546336,2.0731650308243945,-0.43440451290484433,-0.4565733396744826,-0.45457287727508316,-0.3447914135838056,-0.36268681476051967,3.086473033978053,-0.33333333333333337,-0.3096617686426661,-0.3096617686426661,-0.2998637292684633,-0.3626868147605197,-0.3692744729379982,-0.312079621228754,2.1434564596477332,-0.4960906358752555,-0.5136370944265338,-0.5194624816493197,-0.503903259860269,-0.4665361852810134,-0.47841263385647226,-0.49217479094801325,1.8693266227366232,-0.5272146351966106,1824.9428782753412,750.49
361,-0.9704367948586523,-0.8339985968195314,0.009943485316713217,-0.47149792124236034,-1.205181955608731,0.5506559351476693,-0.8074031597740338,-0.448562644765868,-0.4921642290910192,1.2938280304079548,-0.723725957824542,-0.06228316375491833,-0.907181282754617,0.7014300971238258,0.9661374006431602,-0.5773502691896258,-0.9728348501928482,-0.9348700291609396,-0.9704367948586523,0.0,-0.510895987437489,0.21112427716888763,0.41689812142864524,1.8252330427236327,0.2154613006269889,0.4144145894007968,1.6851096425771286,0.0,-0.6919126161531287,1.0025031328271852,-0.4645486746559718,2.2702083943651856,-0.41388775612546336,-0.4823542675723938,-0.43440451290484433,-0.4565733396744826,-0.45457287727508316,-0.3447914135838056,-0.36268681476051967,-0.3239944068816741,-0.33333333333333337,-0.3096617686426661,-0.3096617686426661,-0.2998637292684633,2.757199763824596,-0.3692744729379982,-0.312079621228754,2.1434564596477332,-0.4960906358752555,-0.5136370944265338,-0.5194624816493197,-0.503903259860269,2.1434564596477332,-0.47841263385647226,-0.49217479094801325,-0.5349519917156254,-0.5272146351966106,4604.3882483130765,4491.47
479,1.0304638130973318,-1.4187478321005424,0.3585849550157627,-0.06365988736221226,-1.5151966065691729,-0.7170411817390508,0.259733421470854,-0.6817336102062153,1.134583718376252,-0.00017348600772130283,0.4953367596939129,1.1428116788828955,-1.4174142919285726,-1.2653497886159424,1.5183354092658865,-0.5773502691896258,-0.9728348501928482,-0.9348700291609396,1.0304638130973318,0.0,1.8933382651497912,0.21112427716888763,1.3126505757068445,-0.3727975585597786,0.2154613006269889,1.311254097572043,-0.4979353218115491,0.0,-0.6919126161531287,1.0025031328271852,-0.4645486746559718,-0.4404881959216032,-0.41388775612546336,-0.4823542675723938,-0.43440451290484433,2.190228629452953,-0.45457287727508316,-0.3447914135838056,-0.36268681476051967,-0.3239944068816741,-0.33333333333333337,-0.3096617686426661,3.2293298729878037,-0.2998637292684633,-0.3626868147605197,-0.3692744729379982,-0.312079621228754,2.1434564596477332,-0.4960906358752555,-0.5136370944265338,-0.5194624816493197,-0.503903259860269,-0.4665361852810134,-0.47841263385647226,2.031798495964875,-0.5349519917156254,-0.5272146351966106,5891.725332328342,7384.22
110,1.0304638130973318,-0.8339985968195314,1.054563021644066,-1.339017806868777,1.584949903035244,-1.350889740182411,1.7842142518206936,-0.6040099550594329,-0.4921642290910192,-0.691566252073668,1.5635392946447497,-1.1552941484046253,-0.18583751885879074,1.3858280186993512,-0.8079580048279236,-0.5773502691896258,0.35482482834523055,1.086460215912059,1.0304638130973318,0.0,-0.510895987437489,0.21112427716888763,0.7154822728547117,-1.4139699486413944,0.2154613006269889,0.7133610921245456,-1.532009252311449,0.0,-0.6919126161531287,1.0025031328271852,-0.4645486746559718,-0.4404881959216032,-0.41388775612546336,2.0731650308243945,-0.43440451290484433,-0.4565733396744826,-0.45457287727508316,-0.3447914135838056,-0.36268681476051967,-0.3239944068816741,-0.33333333333333337,-0.3096617686426661,-0.3096617686426661,-0.2998637292684633,-0.3626868147605197,2.7080128015453204,-0.312079621228754,2.1434564596477332,-0.4960906358752555,-0.5136370944265338,-0.5194624816493197,-0.503903259860269,-0.4665361852810134,-0.47841263385647226,2.031798495964875,-0.5349519917156254,-0.5272146351966106,7132.855354935638,12385.75
989,1.0304638130973318,-0.24924936153852034,-0.779347222966034,1.6990299200858854,-1.5151966065691729,-0.7170411817390508,-0.3500589106690819,-0.5262862999126504,-0.4921642290910192,1.2254541332471902,-0.723725957824542,-1.7388825921764537,0.09123317539797178,-1.3552202227622236,-0.9424000839198304,-0.5773502691896258,1.6117085313730068,0.42154457947677954,-0.9704367948586523,0.0,-0.510895987437489,0.21112427716888763,-1.374606787127753,0.32131736816129863,0.2154613006269889,-1.3792644269416956,0.30634440191059537,0.0,-0.6919126161531287,1.0025031328271852,-0.4645486746559718,-0.4404881959216032,-0.41388775612546336,-0.4823542675723938,-0.43440451290484433,2.190228629452953,-0.45457287727508316,-0.3447914135838056,2.7571997638245955,-0.3239944068816741,-0.33333333333333337,-0.3096617686426661,-0.3096617686426661,-0.2998637292684633,-0.3626868147605197,-0.3692744729379982,-0.312079621228754,-0.4665361852810134,2.015760685012114,-0.5136370944265338,-0.5194624816493197,-0.503903259860269,-0.4665361852810134,2.0902458029568014,-0.49217479094801325,-0.5349519917156254,-0.5272146351966106,3285.27949523009,4493.44
486,1.0304638130973318,0.33549987374249074,1.614370757119787,-0.03946610569135601,-0.5851526536878479,0.5506559351476693,-0.8074031597740338,-0.7594572653529976,-0.4921642290910192,-0.567064528885409,0.8998169593317296,-0.29399228109200093,0.5091932924299414,-1.8045723934936293,0.9995200379103204,-0.5773502691896258,-0.9728348501928482,-0.9348700291609396,1.0304638130973318,0.0,-0.510895987437489,0.21112427716888763,-1.0760226357016867,0.4370031892814782,0.2154613006269889,-1.0803179242179468,0.30634440191059537,0.0,-0.6919126161531287,1.0025031328271852,-0.4645486746559718,-0.4404881959216032,-0.41388775612546336,-0.4823542675723938,-0.43440451290484433,-0.4565733396744826,2.199867281995475,-0.3447914135838056,-0.36268681476051967,-0.3239944068816741,-0.33333333333333337,-0.3096617686426661,3.2293298729878037,-0.2998637292684633,-0.3626868147605197,-0.3692744729379982,-0.312079621228754,-0.4665361852810134,-0.4960906358752555,-0.5136370944265338,-0.5194624816493197,1.984507899943528,-0.4665361852810134,-0.47841263385647226,2.031798495964875,-0.5349519917156254,-0.5272146351966106,8612.713019608645,13420.33
363,-0.9704367948586523,-0.8339985968195314,1.028419848752262,-0.46458541219354427,-0.27513800272740613,-0.7170411817390508,-0.04516274459911395,0.9504631478762154,-0.4921642290910192,0.3789444661598056,0.9547887856917727,-0.5364597612096234,-0.9205382277872124,-0.542929760286221,-1.0985124994139122,-0.5773502691896258,-0.9728348501928482,-0.9348700291609396,-0.9704367948586523,0.0,-0.510895987437489,-1.2324605239858097,0.41689812142864524,-0.25711173743959903,-1.233018031318535,0.4144145894007968,-0.2681411150337935,0.0,1.4452692098024813,-0.9975031172021119,-0.4645486746559718,-0.4404881959216032,-0.41388775612546336,-0.4823542675723938,2.302001867598112,-0.4565733396744826,-0.45457287727508316,-0.3447914135838056,-0.36268681476051967,-0.3239944068816741,-0.33333333333333337,3.2293298729878037,-0.3096617686426661,-0.2998637292684633,-0.3626868147605197,-0.3692744729379982,-0.312079621228754,2.1434564596477332,-0.4960906358752555,-0.5136370944265338,-0.5194624816493197,-0.503903259860269,-0.4665361852810134,-0.47841263385647226,-0.49217479094801325,1.8693266227366232,-0.5272146351966106,7304.654234902193,2229.06
254,1.0304638130973318,0.33549987374249074,0.8078482472309526,-0.8413171553540201,0.9649206011143607,1.8183530520343896,-0.8074031597740338,-1.381246506527257,2.443024110205793,1.2392309632721201,1.9277276442800348,1.66715881126515,0.7286779123480613,1.5759385524703309,-0.8447975767116211,-0.5773502691896258,-0.9728348501928482,-0.9348700291609396,-0.9704367948586523,0.0,0.4142231419424967,0.21112427716888763,0.41689812142864524,0.32131736816129863,0.2154613006269889,0.4144145894007968,0.19144729852171757,0.0,-0.6919126161531287,1.0025031328271852,-0.4645486746559718,-0.4404881959216032,2.4161139951597566,-0.4823542675723938,-0.43440451290484433,-0.4565733396744826,-0.45457287727508316,-0.3447914135838056,2.7571997638245955,-0.3239944068816741,-0.33333333333333337,-0.3096617686426661,-0.3096617686426661,-0.2998637292684633,-0.3626868147605197,-0.3692744729379982,-0.312079621228754,-0.4665361852810134,-0.4960906358752555,-0.5136370944265338,-0.5194624816493197,1.984507899943528,-0.4665361852810134,-0.47841263385647226,2.031798495964875,-0.5349519917156254,-0.5272146351966106,6414.914050508076,2488.72
259,-0.9704367948586523,0.9202491090235018,-0.35025281208845027,-0.8240358827319799,0.9649206011143607,-1.350889740182411,-0.04516274459911395,-0.2931153344723032,2.8200365452791156,0.7733700072439209,-0.21523656399414362,-0.9597978208190328,0.6451912782163673,-0.0797513689169257,0.6862288887817319,-0.5773502691896258,1.6666209261654825,1.5337453086906732,-0.9704367948586523,0.0,1.3868234227769138,0.21112427716888763,-1.374606787127753,-0.8355408430404968,0.2154613006269889,-1.3792644269416956,-0.8426266319781824,0.0,-0.6919126161531287,1.0025031328271852,-0.4645486746559718,-0.4404881959216032,-0.41388775612546336,-0.4823542675723938,2.302001867598112,-0.4565733396744826,-0.45457287727508316,-0.3447914135838056,2.7571997638245955,-0.3239944068816741,-0.33333333333333337,-0.3096617686426661,-0.3096617686426661,-0.2998637292684633,-0.3626868147605197,-0.3692744729379982,-0.312079621228754,-0.4665361852810134,-0.4960906358752555,-0.5136370944265338,1.925066843759244,-0.503903259860269,-0.4665361852810134,-0.47841263385647226,-0.49217479094801325,1.8693266227366232,-0.5272146351966106,3740.365855194762,3529.86
802,-0.9704367948586523,-1.4187478321005424,-0.7188896059647967,1.052710324021583,1.2749352520748023,-0.08319262329569078,-0.8074031597740338,-0.448562644765868,-0.4921642290910192,1.3790402753769682,-0.723725957824542,-0.47683171128872337,1.373362434255784,-0.5913215325188339,-0.001339927635851215,-0.5773502691896258,-0.9728348501928482,-0.9348700291609396,-0.9704367948586523,0.0,-0.510895987437489,0.21112427716888763,-0.18027018142348752,-0.025740095199239966,0.2154613006269889,-0.18347841604670065,-0.15324401164491575,0.0,-0.6919126161531287,1.0025031328271852,-0.4645486746559718,2.2702083943651856,-0.41388775612546336,-0.4823542675723938,-0.43440451290484433,-0.4565733396744826,-0.45457287727508316,-0.3447914135838056,-0.36268681476051967,-0.3239944068816741,-0.33333333333333337,-0.3096617686426661,3.2293298729878037,-0.2998637292684633,-0.3626868147605197,-0.3692744729379982,-0.312079621228754,-0.4665361852810134,2.015760685012114,-0.5136370944265338,-0.5194624816493197,-0.503903259860269,-0.4665361852810134,-0.47841263385647226,-0.49217479094801325,-0.5349519917156254,1.8967606990406793,3304.850008350416,4479.46
677,-0.9704367948586523,-0.24924936153852034,-0.9073338914584994,0.6206785084705786,-1.205181955608731,-1.350889740182411,-0.04516274459911395,-0.6817336102062153,-0.4921642290910192,-1.3043800617011234,-0.723725957824542,-0.7931486718655737,-0.1523764241416287,0.9088234066921668,-0.7041639729333786,-0.5773502691896258,-0.9728348501928482,-0.9348700291609396,-0.9704367948586523,0.0,-0.510895987437489,0.21112427716888763,0.11831397000257887,1.1311181160025554,0.2154613006269889,0.11546808667704807,0.995727022243862,0.0,-0.6919126161531287,1.0025031328271852,-0.4645486746559718,-0.4404881959216032,-0.41388775612546336,2.0731650308243945,-0.43440451290484433,-0.4565733396744826,-0.45457287727508316,-0.3447914135838056,-0.36268681476051967,3.086473033978053,-0.33333333333333337,-0.3096617686426661,-0.3096617686426661,-0.2998637292684633,-0.3626868147605197,-0.3692744729379982,-0.312079621228754,2.1434564596477332,-0.4960906358752555,-0.5136370944265338,-0.5194624816493197,-0.503903259860269,2.1434564596477332,-0.47841263385647226,-0.49217479094801325,-0.5349519917156254,-0.5272146351966106,2568.715583358322,3884.57
494,1.0304638130973318,-1.4187478321005424,-0.11580902918485722,-0.011816069496091734,-0.8951673046482895,0.5506559351476693,-0.8074031597740338,0.1732265964083913,2.9001554800131113,-0.9579182992223205,-0.723725957824542,0.7394258116851081,1.1576466264437737,-1.241153902499636,-1.1593270307774768,-0.5773502691896258,1.3554506890081204,0.7895068335691273,-0.9704367948586523,0.0,0.29792653370495775,0.21112427716888763,0.11831397000257887,0.8997464737621964,0.2154613006269889,0.11546808667704807,0.7659328154661065,0.0,-0.6919126161531287,1.0025031328271852,-0.4645486746559718,-0.4404881959216032,-0.41388775612546336,-0.4823542675723938,-0.43440451290484433,-0.4565733396744826,2.199867281995475,-0.3447914135838056,-0.36268681476051967,3.086473033978053,-0.33333333333333337,-0.3096617686426661,-0.3096617686426661,-0.2998637292684633,-0.3626868147605197,-0.3692744729379982,-0.312079621228754,2.1434564596477332,-0.4960906358752555,-0.5136370944265338,-0.5194624816493197,-0.503903259860269,-0.4665361852810134,-0.47841263385647226,-0.49217479094801325,-0.5349519917156254,1.8967606990406793,4061.2056583144904,7407.5
670,-0.9704367948586523,0.33549987374249074,0.39905640673197684,0.5964847267997223,-1.5151966065691729,0.5506559351476693,-0.8074031597740338,-1.381246506527257,-0.4921642290910192,0.2763836204186575,-0.723725957824542,-1.189186506968156,-1.179727111412859,-0.062468593119564014,0.4579680120121549,-0.5773502691896258,1.3112157043141819,0.3981808293835473,-0.9704367948586523,0.0,-0.510895987437489,-1.2324605239858097,-0.18027018142348752,1.015432294882376,-1.233018031318535,-0.18347841604670065,0.995727022243862,0.0,1.4452692098024813,-0.9975031172021119,-0.4645486746559718,-0.4404881959216032,-0.41388775612546336,-0.4823542675723938,-0.43440451290484433,-0.4565733396744826,2.199867281995475,-0.3447914135838056,-0.36268681476051967,3.086473033978053,-0.33333333333333337,-0.3096617686426661,-0.3096617686426661,-0.2998637292684633,-0.3626868147605197,-0.3692744729379982,-0.312079621228754,-0.4665361852810134,-0.4960906358752555,-0.5136370944265338,-0.5194624816493197,1.984507899943528,2.1434564596477332,-0.47841263385647226,-0.49217479094801325,-0.5349519917156254,-0.5272146351966106,5559.16754654884,4648.47
377,1.0304638130973318,-1.4187478321005424,-0.023126580891218343,-0.4161978488518318,-0.27513800272740613,-0.7170411817390508,1.3268700027157416,-0.21539167932552078,-0.4921642290910192,1.5004804807819092,1.085346873296875,0.4546456204355264,0.6666013384787349,1.5413730008756075,-0.7891598479330209,-0.5773502691896258,1.6535029651872803,0.17021122313272058,1.0304638130973318,0.0,-0.510895987437489,-1.2324605239858097,1.3126505757068445,-1.298284127521215,-1.233018031318535,1.311254097572043,-1.3022150455336934,0.0,1.4452692098024813,-0.9975031172021119,-0.4645486746559718,-0.4404881959216032,-0.41388775612546336,-0.4823542675723938,2.302001867598112,-0.4565733396744826,-0.45457287727508316,-0.3447914135838056,-0.36268681476051967,-0.3239944068816741,-0.33333333333333337,3.2293298729878037,-0.3096617686426661,-0.2998637292684633,-0.3626868147605197,-0.3692744729379982,-0.312079621228754,-0.4665361852810134,-0.4960906358752555,-0.5136370944265338,1.925066843759244,-0.503903259860269,-0.4665361852810134,-0.47841263385647226,-0.49217479094801325,1.8693266227366232,-0.5272146351966106,4268.895793623165,6029.68
526,1.0304638130973318,-1.4187478321005424,-1.7017341071476664,0.09878407528496537,1.584949903035244,-0.08319262329569078,1.0219738366457738,-0.448562644765868,-0.4921642290910192,0.30036550972131393,-0.723725957824542,0.8147870882213404,1.6246127562111148,-1.7596371764204888,0.28718512274739405,-0.5773502691896258,-0.9728348501928482,-0.9348700291609396,1.0304638130973318,0.0,-0.510895987437489,0.21112427716888763,-1.374606787127753,1.246803937122735,0.2154613006269889,-1.3792644269416956,1.2255212290216175,0.0,-0.6919126161531287,1.0025031328271852,-0.4645486746559718,-0.4404881959216032,-0.41388775612546336,-0.4823542675723938,-0.43440451290484433,2.190228629452953,-0.45457287727508316,-0.3447914135838056,2.7571997638245955,-0.3239944068816741,-0.33333333333333337,-0.3096617686426661,-0.3096617686426661,-0.2998637292684633,-0.3626868147605197,-0.3692744729379982,-0.312079621228754,-0.4665361852810134,-0.4960906358752555,1.9468998848622512,-0.5194624816493197,-0.503903259860269,-0.4665361852810134,-0.47841263385647226,-0.49217479094801325,-0.5349519917156254,1.8967606990406793,1433.8008447024672,1637.13
845,1.0304638130973318,-1.4187478321005424,-0.15260661061715988,1.2013292685711283,-1.8252112575296147,-1.350889740182411,1.6317661687857095,-0.7594572653529976,-0.4921642290910192,0.7590829242551049,1.3670774833920956,-0.3839617266978876,1.6287481397074843,-0.269861902687905,-0.05291876800896478,1.7320508075688774,0.8966271236309905,1.8626374555507628,1.0304638130973318,0.0,-0.510895987437489,-1.2324605239858097,0.7154822728547117,1.709547221603453,-1.233018031318535,0.7133610921245456,1.6851096425771286,0.0,1.4452692098024813,-0.9975031172021119,-0.4645486746559718,-0.4404881959216032,-0.41388775612546336,-0.4823542675723938,-0.43440451290484433,2.190228629452953,-0.45457287727508316,-0.3447914135838056,-0.36268681476051967,-0.3239944068816741,-0.33333333333333337,3.2293298729878037,-0.3096617686426661,-0.2998637292684633,-0.3626868147605197,-0.3692744729379982,-0.312079621228754,-0.4665361852810134,-0.4960906358752555,1.9468998848622512,-0.5194624816493197,-0.503903259860269,-0.4665361852810134,-0.47841263385647226,2.031798495964875,-0.5349519917156254,-0.5272146351966106,4123.0015189970945,1373.35
137,-0.9704367948586523,0.33549987374249074,-0.43968246824631685,-1.24569893470976,0.9649206011143607,-0.7170411817390508,-0.19761082763409793,-0.13766802417873836,-0.4921642290910192,1.3667942042436971,1.5076304485172056,-0.053757337041582094,0.6078124517658021,1.1611519333336482,0.7734949894996972,-0.5773502691896258,-0.9728348501928482,-0.9348700291609396,-0.9704367948586523,0.0,-0.510895987437489,1.6547090783235852,-1.0760226357016867,-0.8355408430404968,1.6639406325725128,-1.0803179242179468,-0.8426266319781824,0.0,-0.6919126161531287,-0.9975031172021119,2.1526269572086583,-0.4404881959216032,-0.41388775612546336,-0.4823542675723938,2.302001867598112,-0.4565733396744826,-0.45457287727508316,-0.3447914135838056,2.7571997638245955,-0.3239944068816741,-0.33333333333333337,-0.3096617686426661,-0.3096617686426661,-0.2998637292684633,-0.3626868147605197,-0.3692744729379982,-0.312079621228754,2.1434564596477332,-0.4960906358752555,-0.5136370944265338,-0.5194624816493197,-0.503903259860269,-0.4665361852810134,-0.47841263385647226,2.031798495964875,-0.5349519917156254,-0.5272146351966106,3297.1163726975897,4204.19
355,1.0304638130973318,0.33549987374249074,0.4354258291918613,-0.49223544838880856,-1.5151966065691729,-0.7170411817390508,-0.19761082763409793,0.3286739067019561,-0.4921642290910192,-0.4522576120109898,2.3090946896528335,1.436996648053374,0.7128580657871573,-0.6466264150703914,-0.5806258567612964,-0.5773502691896258,-0.9728348501928482,-0.9348700291609396,1.0304638130973318,0.0,-0.510895987437489,-1.2324605239858097,1.014066424280778,1.015432294882376,-1.233018031318535,1.0123075948482942,0.995727022243862,0.0,1.4452692098024813,-0.9975031172021119,-0.4645486746559718,-0.4404881959216032,-0.41388775612546336,2.0731650308243945,-0.43440451290484433,-0.4565733396744826,-0.45457287727508316,-0.3447914135838056,-0.36268681476051967,-0.3239944068816741,-0.33333333333333337,-0.3096617686426661,-0.3096617686426661,-0.2998637292684633,-0.3626868147605197,2.7080128015453204,-0.312079621228754,-0.4665361852810134,-0.4960906358752555,-0.5136370944265338,-0.5194624816493197,1.984507899943528,-0.4665361852810134,-0.47841263385647226,-0.49217479094801325,1.8693266227366232,-0.5272146351966106,5834.793699156118,2600.22
365,-0.9704367948586523,0.33549987374249074,1.3987989871940585,-0.4576729031447282,1.8949645539956859,-0.7170411817390508,0.10728533843587001,0.48412121699552096,-0.4921642290910192,-1.3094825913399866,-0.723725957824542,-0.2424330032565058,-0.2476735302532592,-1.6282880803605395,1.3395035379088895,-0.5773502691896258,-0.9728348501928482,-0.9348700291609396,1.0304638130973318,0.0,-0.510895987437489,1.6547090783235852,-0.4788543328495539,-1.1825983064010355,1.6639406325725128,-0.48242491877044935,-1.1873179421448157,0.0,-0.6919126161531287,-0.9975031172021119,2.1526269572086583,-0.4404881959216032,-0.41388775612546336,2.0731650308243945,-0.43440451290484433,-0.4565733396744826,-0.45457287727508316,-0.3447914135838056,-0.36268681476051967,-0.3239944068816741,3.0,-0.3096617686426661,-0.3096617686426661,-0.2998637292684633,-0.3626868147605197,-0.3692744729379982,-0.312079621228754,-0.4665361852810134,2.015760685012114,-0.5136370944265338,-0.5194624816493197,-0.503903259860269,-0.4665361852810134,2.0902458029568014,-0.49217479094801325,-0.5349519917156254,-0.5272146351966106,8485.813864530372,5405.1
942,-0.9704367948586523,1.504998344304513,0.21319592941067117,1.5365859574387077,-0.5851526536878479,-0.08319262329569078,-0.8074031597740338,-0.7594572653529976,-0.4921642290910192,-0.49767012579687125,-0.723725957824542,0.6123294670718691,0.8954908056282108,1.5655688869919133,0.9219883898936494,1.7320508075688774,0.13242962943570386,0.24114890011293438,1.0304638130973318,0.0,-0.510895987437489,0.21112427716888763,1.6112347271329108,1.709547221603453,0.2154613006269889,1.6102006002957916,1.5702125391882509,0.0,-0.6919126161531287,1.0025031328271852,-0.4645486746559718,-0.4404881959216032,2.4161139951597566,-0.4823542675723938,-0.43440451290484433,-0.4565733396744826,-0.45457287727508316,-0.3447914135838056,-0.36268681476051967,-0.3239944068816741,-0.33333333333333337,3.2293298729878037,-0.3096617686426661,-0.2998637292684633,-0.3626868147605197,-0.3692744729379982,-0.312079621228754,-0.4665361852810134,-0.4960906358752555,-0.5136370944265338,1.925066843759244,-0.503903259860269,2.1434564596477332,-0.47841263385647226,-0.49217479094801325,-0.5349519917156254,-0.5272146351966106,5216.688556142474,5795.34
749,-0.9704367948586523,0.9202491090235018,1.365004906703629,0.8695288342279571,-1.5151966065691729,-1.350889740182411,-0.6549550767390498,-0.21539167932552078,-0.4921642290910192,0.2248480710661402,-0.723725957824542,-0.58003816208047,1.2782600691952293,-1.3102850056890831,-0.15334185868539374,-0.5773502691896258,0.4045510525184167,0.18787543642481072,-0.9704367948586523,0.0,-0.510895987437489,0.21112427716888763,-0.7774384842756202,0.4370031892814782,0.2154613006269889,-0.7813714214941981,0.30634440191059537,0.0,-0.6919126161531287,1.0025031328271852,-0.4645486746559718,-0.4404881959216032,-0.41388775612546336,-0.4823542675723938,-0.43440451290484433,2.190228629452953,-0.45457287727508316,-0.3447914135838056,-0.36268681476051967,-0.3239944068816741,3.0,-0.3096617686426661,-0.3096617686426661,-0.2998637292684633,-0.3626868147605197,-0.3692744729379982,-0.312079621228754,-0.4665361852810134,2.015760685012114,-0.5136370944265338,-0.5194624816493197,-0.503903259860269,-0.4665361852810134,2.0902458029568014,-0.49217479094801325,-0.5349519917156254,-0.5272146351966106,7170.36900168486,4381.05
948,1.0304638130973318,0.9202491090235018,0.7606704083025077,1.557323484585156,-1.5151966065691729,-0.08319262329569078,-0.8074031597740338,-0.6817336102062153,-0.2258233465661599,0.1906611224857582,-0.723725957824542,0.8795482131943932,0.06068174109099751,0.12418538549194301,0.4689579683304008,1.7320508075688774,0.2913705054739251,1.1012133541967648,-0.9704367948586523,0.0,0.8277527551286715,0.21112427716888763,-0.4788543328495539,-1.529655769761574,0.2154613006269889,-0.48242491877044935,-1.6469063557003267,0.0,-0.6919126161531287,1.0025031328271852,-0.4645486746559718,-0.4404881959216032,-0.41388775612546336,-0.4823542675723938,-0.43440451290484433,-0.4565733396744826,2.199867281995475,-0.3447914135838056,2.7571997638245955,-0.3239944068816741,-0.33333333333333337,-0.3096617686426661,-0.3096617686426661,-0.2998637292684633,-0.3626868147605197,-0.3692744729379982,-0.312079621228754,-0.4665361852810134,-0.4960906358752555,-0.5136370944265338,-0.5194624816493197,1.984507899943528,2.1434564596477332,-0.47841263385647226,-0.49217479094801325,-0.5349519917156254,-0.5272146351966106,6502.791675510936,2547.5
829,1.0304638130973318,1.504998344304513,-0.6394857042962495,1.1460291961806,0.654905950153919,1.8183530520343896,-0.8074031597740338,-1.0703518859401273,-0.4921642290910192,0.048300545561478066,2.0842099454526575,0.018070555640256756,0.8198281796073766,-1.7354412903041823,0.9289194578064087,-0.5773502691896258,-0.9728348501928482,-0.9348700291609396,1.0304638130973318,0.0,-0.510895987437489,-1.2324605239858097,1.6112347271329108,-0.1414259163194195,-1.233018031318535,1.6102006002957916,-0.15324401164491575,0.0,1.4452692098024813,-0.9975031172021119,-0.4645486746559718,2.2702083943651856,-0.41388775612546336,-0.4823542675723938,-0.43440451290484433,-0.4565733396744826,-0.45457287727508316,-0.3447914135838056,-0.36268681476051967,-0.3239944068816741,-0.33333333333333337,-0.3096617686426661,-0.3096617686426661,3.334848140652303,-0.3626868147605197,-0.3692744729379982,-0.312079621228754,-0.4665361852810134,-0.4960906358752555,-0.5136370944265338,1.925066843759244,-0.503903259860269,-0.4665361852810134,-0.47841263385647226,-0.49217479094801325,1.8693266227366232,-0.5272146351966106,3507.9134361833503,2167.2
656,1.0304638130973318,0.9202491090235018,1.666001203071839,0.5480971634580099,-1.5151966065691729,-0.7170411817390508,0.5646295875408219,1.6499760441972573,-0.4921642290910192,0.3564933357488082,-0.723725957824542,-0.39308524023236474,0.2990791536753398,-1.7458109557825994,1.3990625656555022,-0.5773502691896258,-0.9728348501928482,-0.9348700291609396,-0.9704367948586523,0.0,-0.510895987437489,0.21112427716888763,0.41689812142864524,-0.48848337967995814,0.2154613006269889,0.4144145894007968,-0.6128324252004268,0.0,-0.6919126161531287,1.0025031328271852,-0.4645486746559718,-0.4404881959216032,-0.41388775612546336,2.0731650308243945,-0.43440451290484433,-0.4565733396744826,-0.45457287727508316,2.9003042436755413,-0.36268681476051967,-0.3239944068816741,-0.33333333333333337,-0.3096617686426661,-0.3096617686426661,-0.2998637292684633,-0.3626868147605197,-0.3692744729379982,-0.312079621228754,-0.4665361852810134,-0.4960906358752555,1.9468998848622512,-0.5194624816493197,-0.503903259860269,2.1434564596477332,-0.47841263385647226,-0.49217479094801325,-0.5349519917156254,-0.5272146351966106,8355.226869231417,12169.74
199,1.0304638130973318,0.33549987374249074,1.076208716636671,-1.031411154196462,0.654905950153919,-1.350889740182411,0.5646295875408219,1.261357768463345,-0.4921642290910192,1.3249534612050196,-0.723725957824542,0.27565599652791867,-1.2965144652784766,-0.20764390981740277,-1.0226835206859837,-0.5773502691896258,-0.9728348501928482,-0.9348700291609396,-0.9704367948586523,0.0,-0.510895987437489,1.6547090783235852,-1.0760226357016867,-0.9512266641606762,1.6639406325725128,-1.0803179242179468,-0.9575237353670601,0.0,-0.6919126161531287,-0.9975031172021119,2.1526269572086583,-0.4404881959216032,-0.41388775612546336,-0.4823542675723938,2.302001867598112,-0.4565733396744826,-0.45457287727508316,-0.3447914135838056,-0.36268681476051967,-0.3239944068816741,-0.33333333333333337,3.2293298729878037,-0.3096617686426661,-0.2998637292684633,-0.3626868147605197,-0.3692744729379982,-0.312079621228754,-0.4665361852810134,-0.4960906358752555,-0.5136370944265338,-0.5194624816493197,1.984507899943528,-0.4665361852810134,2.0902458029568014,-0.49217479094801325,-0.5349519917156254,-0.5272146351966106,6695.566664283983,9920.18
213,1.0304638130973318,1.504998344304513,-1.219602860078413,-0.9830235908547494,0.034876648233035594,-0.08319262329569078,-0.19761082763409793,-0.6040099550594329,-0.4921642290910192,1.1177907578671784,-0.723725957824542,-0.37007429761843263,0.4818493577877413,0.09307638905669188,-1.4883377731374838,-0.5773502691896258,-0.9728348501928482,-0.9348700291609396,-0.9704367948586523,0.0,-0.510895987437489,0.21112427716888763,0.11831397000257887,1.709547221603453,0.2154613006269889,0.11546808667704807,1.5702125391882509,0.0,-0.6919126161531287,1.0025031328271852,-0.4645486746559718,-0.4404881959216032,-0.41388775612546336,2.0731650308243945,-0.43440451290484433,-0.4565733396744826,-0.45457287727508316,-0.3447914135838056,-0.36268681476051967,-0.3239944068816741,-0.33333333333333337,-0.3096617686426661,3.2293298729878037,-0.2998637292684633,-0.3626868147605197,-0.3692744729379982,-0.312079621228754,-0.4665361852810134,-0.4960906358752555,-0.5136370944265338,1.925066843759244,-0.503903259860269,-0.4665361852810134,2.0902458029568014,-0.49217479094801325,-0.5349519917156254,-0.5272146351966106,1886.7436341198545,2436.27
408,-0.9704367948586523,0.9202491090235018,-0.44941082811593036,-0.3090539585951827,1.584949903035244,-1.350889740182411,1.7842142518206936,0.0955029412616089,2.337091703429663,-1.6681904249520607,-0.723725957824542,-0.42082494034297235,0.6396927073624686,-0.1696218030632071,-1.5165952038587327,1.7320508075688774,1.057703481688919,0.065515359755734,1.0304638130973318,0.0,2.627037522871761,0.21112427716888763,-1.6731909385538195,1.3624897582429145,0.2154613006269889,-1.6782109296654444,1.3404183324104952,0.0,-0.6919126161531287,1.0025031328271852,-0.4645486746559718,-0.4404881959216032,-0.41388775612546336,-0.4823542675723938,-0.43440451290484433,2.190228629452953,-0.45457287727508316,-0.3447914135838056,-0.36268681476051967,-0.3239944068816741,-0.33333333333333337,-0.3096617686426661,3.2293298729878037,-0.2998637292684633,-0.3626868147605197,-0.3692744729379982,-0.312079621228754,-0.4665361852810134,-0.4960906358752555,-0.5136370944265338,-0.5194624816493197,1.984507899943528,-0.4665361852810134,-0.47841263385647226,-0.49217479094801325,-0.5349519917156254,1.8967606990406793,3660.7733587373373,3275.06
332,1.0304638130973318,-0.24924936153852034,0.24469528407643001,-0.5717293024501934,0.3448912991934773,0.5506559351476693,-0.8074031597740338,-0.3708389896190856,-0.4921642290910192,0.051362063344796025,-0.723725957824542,1.3663641290138173,-1.5254726645636263,1.3892845738588235,-0.5731960271376935,-0.5773502691896258,-0.9728348501928482,-0.9348700291609396,-0.9704367948586523,0.0,-0.510895987437489,0.21112427716888763,-0.18027018142348752,-0.6041692008001377,0.2154613006269889,-0.18347841604670065,-0.7277295285893046,0.0,-0.6919126161531287,1.0025031328271852,-0.4645486746559718,-0.4404881959216032,2.4161139951597566,-0.4823542675723938,-0.43440451290484433,-0.4565733396744826,-0.45457287727508316,-0.3447914135838056,-0.36268681476051967,3.086473033978053,-0.33333333333333337,-0.3096617686426661,-0.3096617686426661,-0.2998637292684633,-0.3626868147605197,-0.3692744729379982,-0.312079621228754,2.1434564596477332,-0.4960906358752555,-0.5136370944265338,-0.5194624816493197,-0.503903259860269,-0.4665361852810134,2.0902458029568014,-0.49217479094801325,-0.5349519917156254,-0.5272146351966106,5117.334155627611,7924.88
208,-0.9704367948586523,-1.4187478321005424,-1.6502641342241047,-1.0003048634767897,-0.27513800272740613,0.5506559351476693,-0.8074031597740338,0.1732265964083913,-0.4921642290910192,-0.22672580197324177,-0.723725957824542,0.37014325134066584,-0.7870718756647688,-0.15579558242531766,0.16497130491100032,-0.5773502691896258,-0.9728348501928482,-0.9348700291609396,-0.9704367948586523,0.0,-0.510895987437489,0.21112427716888763,1.6112347271329108,-1.6453415908817535,0.2154613006269889,1.311254097572043,1.6851096425771286,0.0,-0.6919126161531287,1.0025031328271852,-0.4645486746559718,2.2702083943651856,-0.41388775612546336,-0.4823542675723938,-0.43440451290484433,-0.4565733396744826,-0.45457287727508316,-0.3447914135838056,-0.36268681476051967,3.086473033978053,-0.33333333333333337,-0.3096617686426661,-0.3096617686426661,-0.2998637292684633,-0.3626868147605197,-0.3692744729379982,-0.312079621228754,-0.4665361852810134,-0.4960906358752555,1.9468998848622512,-0.5194624816493197,-0.503903259860269,2.1434564596477332,-0.47841263385647226,-0.49217479094801325,-0.5349519917156254,-0.5272146351966106,1503.0199292915515,1042.41
613,-0.9704367948586523,-0.8339985968195314,-0.6493085008114063,0.3994782189084644,-0.27513800272740613,-0.7170411817390508,1.4793180857507255,0.2509502515551737,2.5925783176673796,1.7872426464860143,0.1964274538611788,-0.003411011872520361,1.5581373256586695,0.45255812564181647,1.262969413313906,-0.5773502691896258,-0.9728348501928482,-0.9348700291609396,1.0304638130973318,0.0,0.2278816361198345,-1.2324605239858097,-0.18027018142348752,-0.3727975585597786,-1.233018031318535,-0.18347841604670065,-0.38303821842267133,0.0,1.4452692098024813,-0.9975031172021119,-0.4645486746559718,-0.4404881959216032,-0.41388775612546336,-0.4823542675723938,2.302001867598112,-0.4565733396744826,-0.45457287727508316,-0.3447914135838056,-0.36268681476051967,-0.3239944068816741,-0.33333333333333337,-0.3096617686426661,-0.3096617686426661,-0.2998637292684633,2.757199763824596,-0.3692744729379982,-0.312079621228754,2.1434564596477332,-0.4960906358752555,-0.5136370944265338,-0.5194624816493197,-0.503903259860269,-0.4665361852810134,-0.47841263385647226,2.031798495964875,-0.5349519917156254,-0.5272146351966106,3757.0553979820256,3642.45
78,1.0304638130973318,-1.4187478321005424,-0.950908899242264,-1.4496179516498342,1.2749352520748023,1.8183530520343896,-0.8074031597740338,0.1732265964083913,-0.4921642290910192,1.209126038402828,0.3338570197612864,-0.3473270403667685,-1.2864795734701115,0.6184727732964892,1.2149506996354356,-0.5773502691896258,-0.9728348501928482,-0.9348700291609396,-0.9704367948586523,0.0,-0.510895987437489,1.6547090783235852,-1.0760226357016867,-1.298284127521215,1.6639406325725128,-1.0803179242179468,-1.3022150455336934,0.0,-0.6919126161531287,-0.9975031172021119,2.1526269572086583,2.2702083943651856,-0.41388775612546336,-0.4823542675723938,-0.43440451290484433,-0.4565733396744826,-0.45457287727508316,2.9003042436755413,-0.36268681476051967,-0.3239944068816741,-0.33333333333333337,-0.3096617686426661,-0.3096617686426661,-0.2998637292684633,-0.3626868147605197,-0.3692744729379982,-0.312079621228754,2.1434564596477332,-0.4960906358752555,-0.5136370944265338,-0.5194624816493197,-0.503903259860269,-0.4665361852810134,-0.47841263385647226,-0.49217479094801325,1.8693266227366232,-0.5272146351966106,2476.582771764282,3419.49
