SEX,INSR_BEGIN,INSR_END,EFFECTIVE_YR,INSR_TYPE,INSURED_VALUE,PREMIUM,OBJECT_ID,PROD_YEAR,SEATS_NUM,CARRYING_CAPACITY,TYPE_VEHICLE,CCM_TON,MAKE,USAGE,CLAIM_PAID,brand,average_speed,avg_daily_charges,fatigue_driving_ratio,late_night_trip_ratio,avg_late_night_trip_mileage,high_temp_driving_ratio,battery_type_lfp,initial_battery_soc,avg_charge_duration,insurance_commercial_third_party,insurance_compulsory_third_party,average_loss
1,17-JUN-22,17-JUN-23,2022,1206,90419.52,2087.78,5000000000,2017,5,0,轿车,2200.0,宝马,家用,12199.34,品牌B,99.48,0.0,0.090542,0.030826,6.17,0.014345,0,0.0,0.0,0,1,12426.17
1,23-MAR-24,23-MAR-25,2024,1202,405270.28,3421.96,5000000001,2019,3,18,客车,5100.0,本田,自用货物,0.0,品牌D,66.42,60.33,0.134304,0.019282,2.86,0.072434,0,0.0,0.0,1,1,0.0
1,20-NOV-23,19-NOV-24,2023,1203,364140.61,5150.06,5000000002,2022,2,14,皮卡,5500.0,比亚迪,家用,0.0,品牌B,67.95,0.0,0.039096,0.293088,0.39,0.121562,0,0.0,0.0,1,1,0.0
1,11-SEP-22,11-SEP-23,2022,1205,283125.79,5003.72,5000000003,2013,3,7,皮卡,5400.0,奔驰,家用,15272.26,品牌E,53.05,0.0,0.199453,0.045531,6.58,0.116668,1,43.01,4597.1,0,1,8714.37
0,24-DEC-23,23-DEC-24,2023,1205,122264.38,2289.17,5000000004,2018,4,0,SUV,3400.0,奔驰,自用货物,48694.64,品牌E,72.29,0.0,0.185614,0.209933,4.23,0.178946,0,0.0,0.0,0,1,2466.83
1,27-DEC-23,26-DEC-24,2023,1204,299944.24,6084.96,5000000005,2017,4,6,客车,5500.0,奥迪,公务,0.0,品牌D,79.93,73.65,0.067488,0.059365,9.36,0.087196,1,77.13,3377.76,1,1,0.0
1,19-SEP-23,18-SEP-24,2023,1206,294715.75,1842.41,5000000006,2013,2,20,皮卡,5300.0,奔驰,家用,0.0,品牌A,55.37,0.0,0.014588,0.085831,3.34,0.089794,0,0.0,0.0,0,1,0.0
1,06-JUN-23,05-JUN-24,2023,1204,244663.67,4255.01,5000000007,2021,4,0,SUV,1300.0,宝马,家用,36942.74,品牌B,74.57,0.0,0.187911,0.111518,5.31,0.080173,0,66.8,2172.11,0,1,16574.32
1,18-MAY-23,17-MAY-24,2023,1204,155292.97,4056.64,5000000008,2014,4,0,SUV,2300.0,比亚迪,租赁,0.0,品牌D,31.83,66.82,0.060917,0.175856,3.64,0.054356,0,40.19,4068.67,1,1,0.0
1,23-MAY-22,23-MAY-23,2022,1202,409802.83,2080.01,5000000009,2015,4,6,客车,5200.0,本田,商用,0.0,品牌B,47.98,0.0,0.069446,0.006781,3.4,0.148469,0,0.0,0.0,0,1,0.0
1,12-JAN-23,12-JAN-24,2023,1205,171985.02,3263.21,5000000010,2016,4,0,MPV,3300.0,别克,家用,7349.09,品牌D,46.45,90.15,0.149261,0.103284,9.49,0.063273,0,0.0,0.0,1,1,12546.09
0,27-JAN-24,26-JAN-25,2024,1204,78128.7,1276.41,5000000011,2016,2,3,皮卡,3700.0,长安,公务,4812.2,品牌A,91.28,0.0,0.05761,0.098429,9.94,0.093484,0,0.0,0.0,1,1,1729.3
1,26-MAR-23,25-MAR-24,2023,1206,402570.15,5327.18,5000000012,2013,5,0,MPV,2100.0,奔驰,自用货物,0.0,品牌D,57.37,54.11,0.183945,0.127938,7.43,0.102245,0,0.0,0.0,0,1,0.0
1,03-JAN-24,02-JAN-25,2024,1206,92218.43,2413.45,5000000013,2016,7,0,SUV,2500.0,本田,商用,0.0,品牌A,94.76,0.0,0.193278,0.119743,4.9,0.155092,1,55.62,4566.31,0,1,0.0
1,11-JUL-22,11-JUL-23,2022,1204,309230.56,4977.92,5000000014,2016,5,0,轿车,2900.0,长安,商用,0.0,品牌A,38.86,0.0,0.03914,0.139931,9.02,0.035089,0,0.0,0.0,0,1,0.0
1,04-JUN-23,03-JUN-24,2023,1203,395819.86,4867.82,5000000015,2017,2,8,客车,5300.0,比亚迪,家用,0.0,品牌A,88.22,0.0,0.095206,0.192494,7.06,0.018546,1,59.69,2342.86,1,1,0.0
1,08-MAR-24,08-MAR-25,2024,1204,389840.02,4988.86,5000000016,2023,7,0,轿车,1200.0,奔驰,商用,0.0,品牌D,35.21,78.17,0.129601,0.247155,4.17,0.078218,1,69.06,3371.8,1,1,0.0
0,22-OCT-22,22-OCT-23,2022,1204,121885.91,1821.43,5000000017,2018,5,0,轿车,1800.0,吉利,租赁,23701.91,品牌D,97.62,20.82,0.139912,0.237621,5.78,0.198168,0,0.0,0.0,1,1,6403.11
1,01-JUL-22,01-JUL-23,2022,1204,141376.57,3688.84,5000000018,2017,4,0,SUV,1500.0,奥迪,商用,16225.04,品牌E,48.34,0.0,0.187266,0.079512,4.02,0.145919,0,0.0,0.0,1,1,13518.32
0,29-AUG-23,28-AUG-24,2023,1204,192206.66,1944.07,5000000019,2019,7,0,SUV,2700.0,长安,商用,38410.2,品牌E,95.65,0.0,0.024738,0.064833,3.97,0.13307,0,83.77,2158.43,1,1,19752.8
0,06-JUL-23,05-JUL-24,2023,1203,194570.51,2690.58,5000000020,2020,5,0,MPV,2300.0,宝马,商用,0.0,品牌E,81.62,0.0,0.107198,0.140113,0.17,0.147867,1,42.92,5017.08,1,1,0.0
1,26-DEC-22,26-DEC-23,2022,1201,251550.55,5822.36,5000000021,2019,5,0,轿车,1500.0,奔驰,租赁,0.0,品牌A,96.42,0.0,0.18844,0.127714,3.54,0.082043,0,40.6,4472.92,1,1,0.0
1,13-MAR-23,12-MAR-24,2023,1206,441847.51,12988.76,5000000022,2023,5,0,轿车,1500.0,别克,商用,8540.88,品牌D,60.85,38.57,0.038824,0.097017,9.26,0.175909,1,36.11,2952.12,1,1,7111.95
0,08-FEB-23,08-FEB-24,2023,1205,67126.0,1523.63,5000000023,2016,4,0,MPV,1600.0,奥迪,自用货物,13757.69,品牌B,89.28,0.0,0.194683,0.248824,4.98,0.164246,0,0.0,0.0,0,1,741.43
0,23-JUN-22,23-JUN-23,2022,1203,351765.09,1868.75,5000000024,2022,3,9,皮卡,2800.0,奥迪,商用,0.0,品牌A,63.1,0.0,0.010577,0.123312,6.49,0.04749,1,70.99,3416.64,1,1,0.0
1,27-JUL-23,26-JUL-24,2023,1203,234823.83,4094.71,5000000025,2016,2,17,货车,2700.0,丰田,公务,49729.84,品牌E,48.24,0.0,0.141009,0.150017,8.31,0.106026,0,71.83,3771.55,1,1,7151.51
0,05-AUG-22,05-AUG-23,2022,1202,214418.3,5074.01,5000000026,2015,7,0,SUV,2600.0,比亚迪,公务,43005.82,品牌C,82.67,17.63,0.112868,0.127009,4.01,0.002797,0,0.0,0.0,0,1,4124.57
0,01-JAN-23,01-JAN-24,2023,1205,80998.2,512.46,5000000027,2021,4,0,轿车,1300.0,比亚迪,家用,0.0,品牌B,39.38,0.0,0.022147,0.133359,3.38,0.011399,0,0.0,0.0,1,1,0.0
0,23-MAY-23,22-MAY-24,2023,1206,394371.96,11717.4,5000000028,2015,4,4,货车,4400.0,长安,租赁,0.0,品牌E,95.39,0.0,0.0524,0.163049,0.98,0.160941,1,38.61,2552.83,0,1,0.0
1,22-SEP-22,22-SEP-23,2022,1201,436355.29,8539.16,5000000029,2018,4,12,皮卡,5400.0,丰田,商用,0.0,品牌D,94.68,24.24,0.073633,0.09426,6.99,0.005697,0,33.27,3400.72,0,1,0.0
1,23-MAY-22,23-MAY-23,2022,1205,375801.7,2158.02,5000000030,2021,4,0,SUV,3300.0,长安,商用,0.0,品牌C,32.64,74.24,0.118749,0.053424,8.5,0.080677,1,65.61,3158.73,1,1,0.0
0,26-NOV-22,26-NOV-23,2022,1202,482846.92,14443.93,5000000031,2022,4,0,MPV,3000.0,宝马,租赁,0.0,品牌E,53.88,0.0,0.096541,0.158442,9.61,0.18687,0,0.0,0.0,1,1,0.0
1,26-FEB-24,25-FEB-25,2024,1206,360013.12,6547.08,5000000032,2018,4,0,轿车,1900.0,宝马,公务,0.0,品牌B,73.85,0.0,0.141557,0.241185,0.69,0.149461,0,0.0,0.0,1,1,0.0
0,31-JAN-23,31-JAN-24,2023,1206,219631.7,2968.61,5000000033,2018,3,15,客车,2700.0,吉利,公务,0.0,品牌B,78.95,0.0,0.140974,0.124067,9.29,0.119004,0,0.0,0.0,1,1,0.0
1,20-JUN-22,20-JUN-23,2022,1205,393227.4,9403.82,5000000034,2021,5,0,轿车,2900.0,本田,自用货物,0.0,品牌A,60.41,0.0,0.142609,0.046399,2.02,0.039119,0,0.0,0.0,1,1,0.0
1,21-MAY-22,21-MAY-23,2022,1204,128082.79,1023.65,5000000035,2014,4,0,轿车,3200.0,比亚迪,家用,0.0,品牌E,99.21,0.0,0.02333,0.010075,2.79,0.017405,0,59.82,5136.53,1,1,0.0
1,04-DEC-22,04-DEC-23,2022,1202,277902.3,2447.45,5000000036,2021,4,0,MPV,2800.0,吉利,公务,0.0,品牌A,63.15,0.0,0.174211,0.186905,0.13,0.169831,0,0.0,0.0,0,1,0.0
1,24-AUG-23,23-AUG-24,2023,1201,95965.88,985.84,5000000037,2016,5,0,SUV,3100.0,长安,公务,0.0,品牌C,36.35,95.99,0.050138,0.157924,3.72,0.139772,1,76.48,5726.21,0,1,0.0
0,19-AUG-22,19-AUG-23,2022,1204,391825.2,11350.26,5000000038,2021,2,14,客车,3300.0,别克,商用,0.0,品牌A,31.94,0.0,0.08843,0.095273,1.75,0.027107,0,0.0,0.0,0,1,0.0
0,27-MAY-22,27-MAY-23,2022,1203,496744.74,11484.7,5000000039,2014,4,0,轿车,2200.0,别克,公务,0.0,品牌C,71.38,81.01,0.104967,0.266346,7.13,0.061046,0,49.98,2859.0,1,1,0.0
1,18-NOV-22,18-NOV-23,2022,1201,437170.61,3205.2,5000000040,2017,5,0,轿车,1300.0,丰田,商用,0.0,品牌A,61.54,0.0,0.115696,0.149593,5.18,0.089297,0,0.0,0.0,0,1,0.0
0,08-MAR-23,07-MAR-24,2023,1205,174595.84,3473.04,5000000041,2022,2,3,客车,4900.0,比亚迪,家用,0.0,品牌C,88.48,88.86,0.017442,0.258595,0.62,0.038448,0,0.0,0.0,1,1,0.0
1,12-OCT-23,11-OCT-24,2023,1202,165104.54,4486.06,5000000042,2021,4,17,皮卡,5600.0,宝马,自用货物,0.0,品牌A,85.6,0.0,0.033808,0.270549,9.06,0.125214,0,0.0,0.0,0,1,0.0
0,09-OCT-22,09-OCT-23,2022,1201,492984.53,7435.91,5000000043,2020,4,20,皮卡,5500.0,大众,公务,9128.66,品牌C,82.58,44.12,0.086464,0.23779,0.38,0.021909,1,72.74,4097.73,1,1,4473.96
0,19-FEB-24,18-FEB-25,2024,1205,335023.89,1737.38,5000000044,2021,5,0,MPV,3200.0,大众,家用,0.0,品牌B,52.62,0.0,0.156603,0.215832,8.82,0.176054,0,0.0,0.0,1,1,0.0
0,08-MAY-24,08-MAY-25,2024,1204,456734.94,9415.06,5000000045,2016,3,13,客车,3600.0,丰田,租赁,0.0,品牌D,56.02,72.09,0.011166,0.251586,4.82,0.152663,0,62.24,4659.62,1,1,0.0
0,09-MAR-24,09-MAR-25,2024,1205,371614.18,6437.93,5000000046,2022,7,0,轿车,2600.0,丰田,商用,0.0,品牌C,91.58,42.52,0.100182,0.115931,3.49,0.13396,1,89.86,2851.51,1,1,0.0
0,02-JUL-23,01-JUL-24,2023,1206,341390.14,4077.14,5000000047,2019,4,15,货车,2700.0,吉利,商用,0.0,品牌B,40.82,0.0,0.072281,0.14891,5.0,0.180781,0,0.0,0.0,0,1,0.0
1,27-SEP-22,27-SEP-23,2022,1204,102710.34,2406.47,5000000048,2014,5,0,轿车,3400.0,宝马,自用货物,0.0,品牌D,30.86,77.67,0.03167,0.030559,9.25,0.137059,0,0.0,0.0,0,1,0.0
0,17-JAN-23,17-JAN-24,2023,1204,314689.49,3824.59,5000000049,2022,4,15,客车,4300.0,别克,自用货物,0.0,品牌D,76.85,58.8,0.110214,0.023284,4.18,0.129611,1,47.91,6909.58,0,1,0.0
0,25-JAN-24,24-JAN-25,2024,1204,147298.76,2315.72,5000000050,2016,3,3,客车,5200.0,吉利,租赁,0.0,品牌B,56.97,0.0,0.074913,0.000409,1.56,0.199215,1,64.33,6197.88,1,1,0.0
1,08-SEP-22,08-SEP-23,2022,1203,475168.64,12825.1,5000000051,2013,2,10,客车,4100.0,长安,自用货物,0.0,品牌D,76.24,33.14,0.072116,0.183098,5.96,0.044212,0,52.89,2731.49,1,1,0.0
1,17-FEB-24,16-FEB-25,2024,1206,310144.01,5052.11,5000000052,2015,4,0,轿车,2800.0,奥迪,自用货物,46428.99,品牌C,35.09,50.76,0.186416,0.207394,4.86,0.035886,1,48.83,5872.69,1,1,17283.57
0,30-NOV-22,30-NOV-23,2022,1202,246554.96,5395.06,5000000053,2015,5,0,轿车,1800.0,比亚迪,公务,0.0,品牌D,64.79,84.31,0.022622,0.249731,1.75,0.064553,1,68.21,4407.24,1,1,0.0
1,15-NOV-23,14-NOV-24,2023,1203,238284.5,3896.8,5000000054,2021,4,0,轿车,3000.0,奔驰,家用,0.0,品牌C,76.05,33.64,0.013796,0.032694,2.78,0.095701,0,0.0,0.0,0,1,0.0
0,19-AUG-23,18-AUG-24,2023,1206,434713.4,6561.9,5000000055,2013,4,0,轿车,3100.0,比亚迪,租赁,0.0,品牌A,33.4,0.0,0.025427,0.208326,1.97,0.024705,0,82.82,4624.06,1,1,0.0
0,07-FEB-23,07-FEB-24,2023,1202,333069.67,2165.56,5000000056,2015,2,4,货车,4000.0,比亚迪,家用,0.0,品牌B,88.99,0.0,0.172322,0.188088,9.98,0.149764,0,0.0,0.0,1,1,0.0
0,03-NOV-22,03-NOV-23,2022,1203,112317.07,775.12,5000000057,2015,2,4,货车,4800.0,本田,公务,26472.48,品牌D,79.54,14.41,0.116855,0.117424,3.42,0.192055,0,0.0,0.0,0,1,3886.33
1,22-JAN-23,22-JAN-24,2023,1204,344632.23,2166.54,5000000058,2015,7,0,MPV,1300.0,奔驰,自用货物,0.0,品牌C,79.96,77.17,0.052976,0.191469,0.12,0.011731,0,0.0,0.0,1,1,0.0
1,31-MAY-23,30-MAY-24,2023,1204,353653.14,3476.47,5000000059,2018,4,7,皮卡,4000.0,宝马,家用,28706.02,品牌E,89.0,0.0,0.073127,0.089753,8.28,0.067247,0,0.0,0.0,1,1,15617.1
1,15-DEC-23,14-DEC-24,2023,1201,438737.46,9506.17,5000000060,2022,4,3,客车,4800.0,别克,家用,0.0,品牌C,54.34,33.59,0.077554,0.016373,0.54,0.007768,0,0.0,0.0,1,1,0.0
1,21-NOV-23,20-NOV-24,2023,1201,374676.46,11170.16,5000000061,2015,4,0,MPV,3200.0,吉利,公务,0.0,品牌D,83.05,46.14,0.063019,0.084622,0.95,0.197112,0,0.0,0.0,0,1,0.0
0,06-SEP-22,06-SEP-23,2022,1202,73517.99,2157.37,5000000062,2018,3,1,皮卡,2800.0,比亚迪,租赁,0.0,品牌A,37.8,0.0,0.035013,0.01209,2.41,0.022902,0,65.7,4159.67,1,1,0.0
0,12-MAR-23,11-MAR-24,2023,1202,393382.42,3486.72,5000000063,2022,4,4,皮卡,3700.0,长安,商用,14312.1,品牌C,44.51,75.53,0.140976,0.080718,7.77,0.009248,1,65.48,4491.77,1,1,15163.43
0,23-OCT-22,23-OCT-23,2022,1205,290958.9,4251.44,5000000064,2021,4,14,皮卡,4800.0,丰田,自用货物,0.0,品牌B,92.51,0.0,0.133232,0.165892,5.8,0.169195,1,53.67,6509.99,1,1,0.0
1,21-DEC-23,20-DEC-24,2023,1204,200091.89,5054.89,5000000065,2022,4,0,轿车,3300.0,奥迪,商用,0.0,品牌C,72.22,82.21,0.047819,0.054433,3.19,0.170839,1,55.75,3836.47,1,1,0.0
1,04-FEB-24,03-FEB-25,2024,1202,198171.51,4489.08,5000000066,2020,3,8,货车,2300.0,奥迪,租赁,0.0,品牌E,51.56,0.0,0.144096,0.247972,7.07,0.170534,0,0.0,0.0,0,1,0.0
1,09-JUL-23,08-JUL-24,2023,1206,132133.78,2480.32,5000000067,2018,2,13,皮卡,2500.0,大众,家用,4454.2,品牌D,47.48,42.82,0.145109,0.003542,2.13,0.124855,1,66.98,5290.59,1,1,9690.44
0,07-MAR-23,06-MAR-24,2023,1205,450069.45,6706.14,5000000068,2017,4,0,SUV,3100.0,奔驰,租赁,0.0,品牌D,33.08,82.95,0.021476,0.034016,0.74,0.062145,1,84.89,5906.93,1,1,0.0
0,01-JUN-22,01-JUN-23,2022,1206,127896.19,1488.93,5000000069,2022,4,0,轿车,1500.0,奔驰,家用,0.0,品牌A,78.05,0.0,0.083841,0.111064,2.26,0.166935,0,52.67,5005.78,0,1,0.0
0,19-SEP-23,18-SEP-24,2023,1204,492725.26,14559.31,5000000070,2015,4,11,皮卡,5500.0,奥迪,家用,0.0,品牌C,42.26,69.99,0.15169,0.05209,0.19,0.033247,1,88.2,2116.67,0,1,0.0
1,27-DEC-22,27-DEC-23,2022,1202,83115.0,2277.4,5000000071,2015,5,0,MPV,2100.0,奔驰,家用,0.0,品牌D,37.93,20.28,0.11011,0.045427,1.32,0.044461,1,36.05,6346.19,1,1,0.0
0,27-OCT-22,27-OCT-23,2022,1205,450605.23,4191.38,5000000072,2015,3,4,客车,2900.0,比亚迪,租赁,26635.09,品牌A,93.46,0.0,0.133223,0.095581,0.38,0.051965,0,0.0,0.0,0,1,9143.69
1,23-OCT-23,22-OCT-24,2023,1204,461618.91,2318.33,5000000073,2023,2,9,皮卡,2300.0,比亚迪,自用货物,37490.62,品牌E,50.25,0.0,0.176925,0.141212,5.1,0.157249,0,0.0,0.0,0,1,14694.35
1,30-MAY-22,30-MAY-23,2022,1201,175141.16,2320.63,5000000074,2017,2,20,客车,3200.0,大众,商用,0.0,品牌D,81.6,90.09,0.109484,0.289497,3.03,0.139657,0,0.0,0.0,1,1,0.0
1,09-JUL-22,09-JUL-23,2022,1201,90689.95,1251.87,5000000075,2017,7,0,MPV,2800.0,别克,公务,0.0,品牌B,76.26,0.0,0.198913,0.288906,4.72,0.016141,0,70.9,2150.2,0,1,0.0
0,03-AUG-22,03-AUG-23,2022,1206,263716.86,7820.14,5000000076,2016,3,14,货车,2100.0,本田,商用,0.0,品牌D,44.98,33.44,0.128843,0.03353,6.51,0.099124,0,0.0,0.0,1,1,0.0
0,01-AUG-23,31-JUL-24,2023,1201,459412.23,5440.11,5000000077,2017,4,3,客车,3100.0,奥迪,商用,0.0,品牌A,63.89,0.0,0.109162,0.164722,7.76,0.124831,0,54.5,4280.19,1,1,0.0
0,21-AUG-22,21-AUG-23,2022,1204,268883.38,2403.26,5000000078,2020,3,8,货车,3700.0,丰田,自用货物,0.0,品牌B,30.14,0.0,0.021782,0.122,1.14,0.08267,0,73.4,3252.38,1,1,0.0
0,05-JUN-23,04-JUN-24,2023,1204,160483.64,3384.72,5000000079,2017,3,15,货车,5500.0,奥迪,租赁,38883.97,品牌A,38.43,0.0,0.149879,0.096442,7.45,0.009387,0,0.0,0.0,1,1,19065.07
1,28-DEC-22,28-DEC-23,2022,1205,336349.53,6658.84,5000000080,2014,4,13,客车,5600.0,吉利,公务,0.0,品牌C,74.8,40.04,0.109665,0.249145,4.35,0.002437,1,35.22,4959.22,1,1,0.0
1,22-APR-24,22-APR-25,2024,1202,102976.76,1361.1,5000000081,2021,5,0,SUV,3200.0,丰田,公务,6719.96,品牌E,65.47,0.0,0.140902,0.138158,4.51,0.198903,0,0.0,0.0,0,1,4699.65
1,11-APR-24,11-APR-25,2024,1205,156051.24,2550.93,5000000082,2017,4,0,轿车,2200.0,长安,自用货物,0.0,品牌C,86.87,94.45,0.119324,0.080985,8.39,0.095037,0,0.0,0.0,0,1,0.0
1,04-AUG-22,04-AUG-23,2022,1204,267488.8,4474.33,5000000083,2018,3,19,货车,2300.0,奥迪,家用,0.0,品牌B,79.42,0.0,0.057274,0.019848,5.78,0.100311,0,0.0,0.0,0,1,0.0
1,16-JUL-22,16-JUL-23,2022,1202,228737.52,1614.0,5000000084,2021,3,18,客车,5400.0,比亚迪,自用货物,24925.49,品牌C,60.47,83.27,0.048529,0.296374,9.35,0.006901,0,0.0,0.0,0,1,2638.75
1,18-MAR-24,18-MAR-25,2024,1203,176326.89,1665.4,5000000085,2024,4,0,SUV,1800.0,长安,自用货物,0.0,品牌B,72.4,0.0,0.131593,0.141004,3.35,0.036565,1,30.7,6630.1,0,1,0.0
0,25-MAY-22,25-MAY-23,2022,1201,299727.5,4548.61,5000000086,2022,4,0,MPV,1400.0,大众,租赁,38915.5,品牌D,49.05,27.81,0.190402,0.122428,2.93,0.148325,1,41.99,3895.81,0,1,10352.93
0,21-APR-23,20-APR-24,2023,1206,254289.92,4594.69,5000000087,2019,5,0,轿车,2200.0,奔驰,自用货物,0.0,品牌B,91.03,0.0,0.14528,0.194504,7.46,0.132547,0,0.0,0.0,0,1,0.0
0,15-FEB-24,14-FEB-25,2024,1204,405065.68,11562.82,5000000088,2024,4,0,MPV,1000.0,奥迪,商用,0.0,品牌D,97.84,91.26,0.134829,0.17319,7.21,0.092713,1,87.88,3590.61,0,1,0.0
1,01-DEC-23,30-NOV-24,2023,1202,465093.07,5839.35,5000000089,2014,2,3,皮卡,3900.0,奔驰,家用,0.0,品牌D,70.72,40.34,0.034753,0.054841,4.98,0.079116,0,50.83,2309.3,0,1,0.0
0,14-JUN-22,14-JUN-23,2022,1201,297942.27,8210.81,5000000090,2016,5,0,轿车,2100.0,本田,租赁,0.0,品牌B,69.73,0.0,0.169404,0.271409,1.34,0.05304,0,0.0,0.0,1,1,0.0
1,26-APR-24,26-APR-25,2024,1201,232827.14,4258.18,5000000091,2024,5,0,MPV,1100.0,吉利,自用货物,9120.7,品牌C,64.62,20.76,0.061932,0.017185,5.88,0.079189,0,0.0,0.0,1,1,4020.65
0,03-AUG-22,03-AUG-23,2022,1201,290074.67,4510.6,5000000092,2013,5,0,MPV,1600.0,长安,家用,0.0,品牌E,32.25,0.0,0.088458,0.248189,0.73,0.051703,1,45.8,1981.98,0,1,0.0
0,10-FEB-24,09-FEB-25,2024,1203,51740.87,1314.71,5000000093,2020,3,10,客车,2500.0,本田,商用,0.0,品牌A,93.58,0.0,0.196402,0.071075,5.66,0.053968,0,34.6,2373.46,1,1,0.0
1,15-JUN-22,15-JUN-23,2022,1203,388306.72,8471.62,5000000094,2016,7,0,MPV,2100.0,比亚迪,公务,0.0,品牌C,72.14,27.0,0.137375,0.141722,7.23,0.003585,0,45.28,5839.51,0,1,0.0
1,04-OCT-23,03-OCT-24,2023,1202,275722.1,1917.73,5000000095,2016,4,3,皮卡,2700.0,宝马,商用,0.0,品牌C,72.88,80.98,0.150866,0.086846,5.89,0.199662,0,0.0,0.0,1,1,0.0
1,22-SEP-22,22-SEP-23,2022,1203,345036.28,7265.79,5000000096,2012,2,2,货车,2600.0,长安,商用,0.0,品牌D,54.33,23.42,0.042573,0.186571,1.91,0.162157,0,39.96,6396.14,0,1,0.0
0,28-NOV-23,27-NOV-24,2023,1205,327459.17,9239.08,5000000097,2015,5,0,SUV,2600.0,奔驰,租赁,0.0,品牌D,96.52,15.75,0.187789,0.252229,0.2,0.158518,0,0.0,0.0,0,1,0.0
0,20-JAN-23,20-JAN-24,2023,1206,223958.54,2105.7,5000000098,2018,4,9,客车,5300.0,别克,租赁,0.0,品牌B,74.99,0.0,0.036041,0.145223,0.62,0.117232,0,0.0,0.0,1,1,0.0
0,17-AUG-23,16-AUG-24,2023,1202,414500.54,6940.64,5000000099,2013,4,0,SUV,3400.0,本田,商用,14280.74,品牌B,77.4,0.0,0.156457,0.228999,9.92,0.12888,0,0.0,0.0,1,1,12486.0
0,27-JUL-23,26-JUL-24,2023,1205,318222.44,5255.24,5000000100,2016,3,11,客车,2300.0,丰田,商用,0.0,品牌D,39.06,75.71,0.077744,0.190316,0.37,0.05881,0,36.92,4187.04,0,1,0.0
1,29-APR-23,28-APR-24,2023,1204,426364.72,10685.77,5000000101,2016,4,0,MPV,2200.0,别克,租赁,0.0,品牌C,69.73,15.56,0.133149,0.04439,1.86,0.07262,0,61.02,5446.03,0,1,0.0
1,18-JAN-23,18-JAN-24,2023,1202,462350.31,5356.24,5000000102,2013,2,11,货车,3400.0,宝马,家用,46526.86,品牌E,68.89,0.0,0.180358,0.298562,8.28,0.180135,0,66.19,3311.32,1,1,14225.87
1,05-FEB-23,05-FEB-24,2023,1206,334123.93,4905.51,5000000103,2016,3,5,客车,3600.0,宝马,租赁,9039.84,品牌A,92.65,0.0,0.123587,0.290752,8.06,0.094126,0,0.0,0.0,1,1,19112.0
1,16-FEB-23,16-FEB-24,2023,1205,303492.34,4201.98,5000000104,2013,4,0,SUV,1100.0,奥迪,自用货物,0.0,品牌E,32.18,0.0,0.165678,0.018178,1.83,0.05477,0,0.0,0.0,1,1,0.0
0,23-OCT-22,23-OCT-23,2022,1204,365489.5,3775.08,5000000105,2013,7,0,SUV,2600.0,吉利,自用货物,0.0,品牌A,77.45,0.0,0.053822,0.062172,1.69,0.138759,0,62.65,2667.52,1,1,0.0
0,21-NOV-23,20-NOV-24,2023,1203,59973.0,1778.47,5000000106,2022,4,8,货车,5000.0,大众,租赁,15066.97,品牌D,85.67,75.59,0.074819,0.072485,3.18,0.102671,0,0.0,0.0,0,1,17308.71
1,18-OCT-23,17-OCT-24,2023,1205,212861.84,1592.95,5000000107,2016,7,0,SUV,1200.0,奔驰,家用,0.0,品牌C,89.66,74.62,0.12021,0.003723,8.53,0.114919,1,53.81,6489.69,1,1,0.0
1,29-MAR-23,28-MAR-24,2023,1202,220651.53,4203.38,5000000108,2013,2,18,皮卡,4700.0,奔驰,家用,0.0,品牌B,95.73,0.0,0.164704,0.20681,9.85,0.054404,1,44.84,2304.16,1,1,0.0
0,10-SEP-22,10-SEP-23,2022,1206,135888.05,2897.14,5000000109,2015,4,14,客车,5600.0,本田,商用,0.0,品牌C,67.68,80.39,0.057632,0.140436,0.37,0.137228,0,0.0,0.0,0,1,0.0
1,15-AUG-22,15-AUG-23,2022,1202,484066.62,10680.83,5000000110,2017,5,0,SUV,2900.0,奥迪,家用,0.0,品牌D,35.31,28.15,0.12184,0.224787,3.5,0.113134,1,85.21,5546.81,1,1,0.0
1,13-APR-24,13-APR-25,2024,1204,129705.68,1519.13,5000000111,2022,7,0,SUV,1200.0,本田,租赁,0.0,品牌C,47.31,74.83,0.167499,0.113139,4.07,0.180695,0,0.0,0.0,0,1,0.0
0,25-JUL-23,24-JUL-24,2023,1201,354550.22,4877.11,5000000112,2015,3,10,客车,2600.0,奔驰,家用,0.0,品牌E,78.37,0.0,0.050623,0.139401,0.53,0.009803,0,0.0,0.0,1,1,0.0
0,13-AUG-22,13-AUG-23,2022,1201,279465.12,6344.69,5000000113,2014,3,19,皮卡,2800.0,长安,自用货物,0.0,品牌E,98.0,0.0,0.127155,0.082014,4.71,0.15576,1,57.85,6867.08,0,1,0.0
0,19-OCT-23,18-OCT-24,2023,1206,349977.6,4490.73,5000000114,2020,4,0,轿车,2900.0,长安,商用,0.0,品牌C,54.51,70.35,0.140836,0.216098,8.19,0.150172,0,0.0,0.0,1,1,0.0
0,14-DEC-23,13-DEC-24,2023,1204,494856.08,8234.67,5000000115,2013,5,0,SUV,3200.0,丰田,家用,0.0,品牌B,60.86,0.0,0.180756,0.110855,6.19,0.149773,0,0.0,0.0,1,1,0.0
0,19-OCT-22,19-OCT-23,2022,1201,360951.07,6557.29,5000000116,2017,4,5,皮卡,4300.0,奔驰,租赁,0.0,品牌A,94.64,0.0,0.015835,0.179036,4.13,0.199386,0,0.0,0.0,0,1,0.0
0,16-JAN-24,15-JAN-25,2024,1201,323578.12,9136.83,5000000117,2015,3,6,皮卡,3500.0,吉利,租赁,0.0,品牌C,86.21,89.83,0.180583,0.147004,5.65,0.132817,0,0.0,0.0,0,1,0.0
1,16-FEB-23,16-FEB-24,2023,1205,382939.01,3554.85,5000000118,2020,7,0,SUV,1700.0,奔驰,租赁,25690.2,品牌C,73.0,85.09,0.153854,0.140091,0.89,0.138237,0,0.0,0.0,1,1,13144.94
0,24-OCT-23,23-OCT-24,2023,1203,102883.23,1758.51,5000000119,2018,5,0,轿车,2400.0,大众,公务,0.0,品牌B,63.06,0.0,0.128501,0.203146,0.98,0.150552,0,0.0,0.0,1,1,0.0
1,12-DEC-23,11-DEC-24,2023,1203,406123.59,11940.21,5000000120,2021,5,0,SUV,2800.0,别克,自用货物,0.0,品牌D,54.63,28.13,0.136264,0.029427,7.73,0.161246,0,0.0,0.0,0,1,0.0
1,30-APR-24,30-APR-25,2024,1203,228029.82,5715.46,5000000121,2016,2,14,客车,3200.0,奥迪,自用货物,0.0,品牌D,61.28,10.18,0.105338,0.291534,3.23,0.171029,0,0.0,0.0,0,1,0.0
1,14-DEC-22,14-DEC-23,2022,1204,334547.66,3594.51,5000000122,2018,7,0,SUV,1200.0,比亚迪,公务,0.0,品牌A,42.54,0.0,0.068761,0.281544,8.79,0.022537,0,34.21,3968.65,0,1,0.0
1,21-FEB-24,20-FEB-25,2024,1202,107423.02,1782.87,5000000123,2014,5,0,SUV,3000.0,宝马,商用,14139.73,品牌A,79.63,0.0,0.002273,0.034835,1.25,0.08185,0,0.0,0.0,1,1,10448.12
1,25-FEB-24,24-FEB-25,2024,1204,249326.06,6258.02,5000000124,2021,5,0,SUV,3100.0,长安,自用货物,39458.62,品牌B,58.97,0.0,0.158391,0.239617,6.39,0.191093,0,46.4,2357.17,1,1,2239.72
1,04-APR-24,04-APR-25,2024,1202,258035.96,4063.41,5000000125,2020,3,16,货车,2300.0,本田,公务,0.0,品牌A,37.46,0.0,0.03621,0.167806,0.52,0.158688,0,39.26,4336.79,0,1,0.0
0,27-APR-23,26-APR-24,2023,1204,189492.75,4135.12,5000000126,2018,7,0,轿车,3100.0,奥迪,商用,0.0,品牌D,83.7,82.44,0.129748,0.164473,0.36,0.137877,1,56.79,2886.28,0,1,0.0
1,25-MAY-22,25-MAY-23,2022,1202,392236.92,7220.81,5000000127,2013,5,0,轿车,2800.0,大众,公务,25750.83,品牌D,61.0,97.94,0.151137,0.054949,4.6,0.041394,1,56.59,3868.36,1,1,19591.02
0,09-OCT-23,08-OCT-24,2023,1202,175057.84,3786.07,5000000128,2020,4,11,客车,3300.0,丰田,公务,0.0,品牌C,66.71,85.01,0.034816,0.243314,0.63,0.179644,0,85.32,5529.71,1,1,0.0
0,13-MAY-23,12-MAY-24,2023,1203,298278.96,7740.86,5000000129,2015,2,19,皮卡,2600.0,别克,自用货物,0.0,品牌E,56.43,0.0,0.14301,0.033307,8.55,0.024796,0,0.0,0.0,1,1,0.0
1,05-JUN-22,05-JUN-23,2022,1201,253429.17,4127.47,5000000130,2016,3,9,客车,2300.0,宝马,家用,0.0,品牌B,87.66,0.0,0.185672,0.165319,4.83,0.187616,0,0.0,0.0,0,1,0.0
0,02-NOV-23,01-NOV-24,2023,1205,77687.67,1944.17,5000000131,2021,7,0,轿车,1700.0,宝马,家用,0.0,品牌B,42.76,0.0,0.085272,0.017367,8.84,0.073117,1,32.32,6144.47,1,1,0.0
0,04-SEP-22,04-SEP-23,2022,1204,168779.62,3810.26,5000000132,2012,7,0,轿车,2000.0,别克,商用,44394.85,品牌C,65.91,88.08,0.079547,0.271985,1.62,0.152538,1,46.32,2376.79,1,1,15512.75
1,28-DEC-23,27-DEC-24,2023,1203,278355.08,5924.47,5000000133,2013,4,18,货车,5600.0,大众,家用,19326.4,品牌D,43.7,94.36,0.061241,0.236448,1.5,0.056561,0,0.0,0.0,1,1,1130.3
1,26-DEC-23,25-DEC-24,2023,1201,406932.91,4214.84,5000000134,2022,7,0,轿车,2700.0,本田,租赁,35330.94,品牌C,59.35,18.98,0.085862,0.216686,1.49,0.027751,0,46.97,6012.59,1,1,7999.53
0,26-SEP-23,25-SEP-24,2023,1202,88969.23,2306.11,5000000135,2023,4,0,SUV,2600.0,比亚迪,公务,22187.58,品牌A,62.8,0.0,0.158705,0.141404,6.86,0.102757,1,68.89,5745.18,0,1,19578.5
1,23-NOV-22,23-NOV-23,2022,1206,216925.84,4041.7,5000000136,2022,5,0,SUV,2200.0,吉利,公务,0.0,品牌C,80.92,15.08,0.012015,0.213109,4.83,0.119088,0,0.0,0.0,0,1,0.0
0,16-JAN-24,15-JAN-25,2024,1202,114122.71,3294.85,5000000137,2014,2,18,客车,3500.0,长安,商用,0.0,品牌B,30.74,0.0,0.035868,0.158699,1.97,0.019539,1,38.68,6884.56,1,1,0.0
1,25-JAN-24,24-JAN-25,2024,1201,151940.27,3174.41,5000000138,2020,5,0,MPV,3100.0,丰田,自用货物,0.0,品牌B,31.53,0.0,0.114904,0.19861,6.16,0.094269,0,0.0,0.0,1,1,0.0
0,20-APR-24,20-APR-25,2024,1204,318470.42,3143.34,5000000139,2022,3,9,货车,2600.0,比亚迪,商用,14751.9,品牌B,83.77,0.0,0.111596,0.023426,9.54,0.196887,0,0.0,0.0,1,1,10554.29
1,05-MAR-23,04-MAR-24,2023,1202,202011.5,3613.91,5000000140,2021,4,0,MPV,2600.0,宝马,公务,46142.07,品牌E,84.23,0.0,0.098381,0.147495,4.49,0.00263,1,32.83,4174.97,1,1,18526.8
0,22-JUL-23,21-JUL-24,2023,1203,103947.69,599.87,5000000141,2017,7,0,SUV,3500.0,别克,自用货物,0.0,品牌E,40.14,0.0,0.044969,0.031936,6.08,0.170903,1,70.59,4992.83,0,1,0.0
1,12-JUN-22,12-JUN-23,2022,1205,308009.13,5944.07,5000000142,2012,4,20,客车,4500.0,比亚迪,自用货物,33062.83,品牌E,39.13,0.0,0.001349,0.112108,4.9,0.047563,1,71.62,6887.04,1,1,6458.07
1,12-SEP-22,12-SEP-23,2022,1206,450384.31,3580.18,5000000143,2015,5,0,SUV,3000.0,丰田,家用,0.0,品牌D,58.8,44.93,0.146019,0.000588,7.23,0.15798,0,0.0,0.0,1,1,0.0
0,15-MAR-24,15-MAR-25,2024,1205,479515.63,12527.09,5000000144,2017,4,0,SUV,3000.0,大众,公务,0.0,品牌B,92.84,0.0,0.119816,0.232513,3.53,0.160741,0,45.61,2787.57,0,1,0.0
1,01-JUN-22,01-JUN-23,2022,1203,388425.22,11377.0,5000000145,2014,7,0,轿车,3000.0,本田,商用,0.0,品牌E,57.29,0.0,0.080478,0.179993,4.39,0.053667,0,0.0,0.0,1,1,0.0
0,28-MAY-22,28-MAY-23,2022,1206,427646.64,3094.99,5000000146,2015,2,13,客车,5300.0,别克,公务,0.0,品牌B,43.41,0.0,0.094266,0.004875,0.54,0.086458,0,0.0,0.0,1,1,0.0
1,03-OCT-22,03-OCT-23,2022,1201,227541.42,3096.64,5000000147,2014,4,6,货车,5100.0,比亚迪,租赁,0.0,品牌A,42.63,0.0,0.088206,0.023943,4.56,0.191119,0,0.0,0.0,1,1,0.0
1,22-JUN-23,21-JUN-24,2023,1201,166599.5,2080.27,5000000148,2022,4,7,客车,3800.0,比亚迪,商用,0.0,品牌D,68.03,42.45,0.114136,0.20524,8.08,0.03093,0,79.49,2096.85,0,1,0.0
1,09-JAN-23,09-JAN-24,2023,1201,406818.67,5153.36,5000000149,2020,4,14,客车,4000.0,本田,租赁,0.0,品牌D,37.31,58.24,0.005067,0.051577,4.26,0.056452,0,0.0,0.0,0,1,0.0
1,10-NOV-23,09-NOV-24,2023,1201,69181.5,526.3,5000000150,2019,5,0,MPV,1500.0,比亚迪,租赁,43718.0,品牌E,36.0,0.0,0.002541,0.261222,9.32,0.154332,0,40.53,4996.06,1,1,14041.08
1,18-OCT-23,17-OCT-24,2023,1205,367780.54,4141.72,5000000151,2022,4,7,客车,2200.0,奥迪,租赁,42120.6,品牌B,77.25,0.0,0.095426,0.228778,6.34,0.176032,0,0.0,0.0,0,1,14001.01
1,02-JUL-23,01-JUL-24,2023,1205,274632.45,1570.06,5000000152,2022,3,14,客车,3000.0,丰田,商用,0.0,品牌B,85.15,0.0,0.031602,0.144318,6.11,0.090383,0,0.0,0.0,0,1,0.0
1,11-SEP-23,10-SEP-24,2023,1202,432189.98,12646.56,5000000153,2015,4,0,MPV,1900.0,奔驰,自用货物,0.0,品牌E,31.85,0.0,0.142316,0.28738,5.9,0.104396,1,42.12,3278.42,1,1,0.0
0,05-MAY-23,04-MAY-24,2023,1206,211501.57,5989.01,5000000154,2015,5,0,MPV,2200.0,长安,商用,0.0,品牌B,97.5,0.0,0.060546,0.152492,1.44,0.121308,1,67.81,3292.24,0,1,0.0
0,21-APR-23,20-APR-24,2023,1205,484165.23,14474.65,5000000155,2021,2,8,货车,3100.0,宝马,公务,0.0,品牌E,98.61,0.0,0.068167,0.057847,7.76,0.153178,0,0.0,0.0,0,1,0.0
1,06-MAR-24,06-MAR-25,2024,1204,283339.93,7614.28,5000000156,2016,5,0,轿车,1200.0,长安,公务,45586.63,品牌D,86.77,54.52,0.195582,0.278859,7.0,0.025888,0,0.0,0.0,1,1,15636.06
1,10-NOV-22,10-NOV-23,2022,1203,471176.07,8765.06,5000000157,2019,4,0,轿车,1500.0,奥迪,家用,14907.4,品牌A,60.65,0.0,0.019978,0.257691,8.54,0.125599,0,0.0,0.0,0,1,8859.5
1,25-JUN-22,25-JUN-23,2022,1205,179316.73,4570.85,5000000158,2012,5,0,SUV,3100.0,长安,公务,14798.28,品牌C,76.45,68.65,0.118951,0.097133,0.94,0.056567,0,34.95,4056.3,0,1,10951.43
1,19-MAY-23,18-MAY-24,2023,1204,497200.37,13039.29,5000000159,2013,4,0,SUV,2400.0,吉利,租赁,0.0,品牌B,63.47,0.0,0.048483,0.257262,5.1,0.179776,0,0.0,0.0,0,1,0.0
1,16-AUG-23,15-AUG-24,2023,1204,484014.78,9408.33,5000000160,2014,2,18,货车,4800.0,丰田,公务,14341.09,品牌C,71.62,80.25,0.159248,0.227898,4.67,0.009273,0,0.0,0.0,1,1,7197.54
1,12-JUN-23,11-JUN-24,2023,1203,415088.33,10577.19,5000000161,2016,2,6,客车,2000.0,别克,自用货物,0.0,品牌B,66.68,0.0,0.005595,0.037504,5.31,0.170749,1,48.16,2805.76,0,1,0.0
0,22-FEB-23,22-FEB-24,2023,1203,307619.38,5011.6,5000000162,2020,7,0,轿车,2400.0,奥迪,家用,0.0,品牌E,91.48,0.0,0.068228,0.268377,8.11,0.141192,0,71.5,2493.49,0,1,0.0
1,16-DEC-23,15-DEC-24,2023,1205,375574.34,8304.94,5000000163,2014,2,11,皮卡,5800.0,长安,家用,23785.4,品牌C,94.77,35.96,0.025131,0.108927,6.89,0.048888,1,67.18,4272.9,0,1,12240.11
1,30-JUN-22,30-JUN-23,2022,1201,382178.37,7456.78,5000000164,2017,5,0,MPV,2100.0,奥迪,租赁,0.0,品牌B,52.59,0.0,0.016585,0.105367,7.68,0.076868,0,0.0,0.0,1,1,0.0
1,09-FEB-24,08-FEB-25,2024,1202,275219.02,8220.86,5000000165,2021,4,2,皮卡,4800.0,比亚迪,租赁,0.0,品牌E,46.69,0.0,0.029669,0.032707,9.95,0.15631,0,0.0,0.0,0,1,0.0
0,21-SEP-23,20-SEP-24,2023,1206,102431.23,2814.14,5000000166,2013,7,0,MPV,2600.0,大众,家用,0.0,品牌E,95.53,0.0,0.046186,0.089272,5.42,0.172923,0,79.49,5844.35,1,1,0.0
1,02-AUG-23,01-AUG-24,2023,1205,83083.75,1383.59,5000000167,2020,2,3,货车,4100.0,丰田,公务,36752.53,品牌A,40.28,0.0,0.130318,0.168233,2.12,0.007616,0,0.0,0.0,1,1,5738.24
0,28-NOV-23,27-NOV-24,2023,1206,73590.32,770.07,5000000168,2013,4,1,客车,3100.0,奔驰,商用,0.0,品牌C,59.56,95.63,0.138749,0.063686,1.24,0.184155,0,72.31,5143.76,0,1,0.0
1,29-SEP-23,28-SEP-24,2023,1201,178641.64,4118.05,5000000169,2016,7,0,SUV,2700.0,别克,自用货物,0.0,品牌E,38.23,0.0,0.12989,0.03724,6.44,0.091876,0,32.22,2825.27,0,1,0.0
1,18-MAY-23,17-MAY-24,2023,1203,249394.09,5584.19,5000000170,2017,7,0,MPV,1800.0,宝马,商用,7642.56,品牌D,34.83,61.47,0.060895,0.017092,0.94,0.051429,1,52.75,3351.7,0,1,1895.8
1,21-AUG-22,21-AUG-23,2022,1203,498818.74,5128.9,5000000171,2020,3,13,客车,3100.0,吉利,公务,0.0,品牌C,31.83,81.41,0.141167,0.07732,0.39,0.148609,0,0.0,0.0,1,1,0.0
0,04-SEP-23,03-SEP-24,2023,1203,339342.07,3117.84,5000000172,2018,4,15,货车,4700.0,奥迪,公务,2473.44,品牌A,45.88,0.0,0.122787,0.213268,0.34,0.052256,0,47.62,6780.83,0,1,14518.99
1,30-NOV-22,30-NOV-23,2022,1202,448047.64,5677.02,5000000173,2022,7,0,SUV,1100.0,比亚迪,公务,0.0,品牌E,74.19,0.0,0.04846,0.237415,0.44,0.190244,0,38.99,2658.47,0,1,0.0
1,11-JUL-23,10-JUL-24,2023,1202,326243.17,4058.68,5000000174,2018,4,1,客车,2600.0,吉利,租赁,0.0,品牌E,40.48,0.0,0.186415,0.194708,0.47,0.095879,0,0.0,0.0,1,1,0.0
0,30-SEP-22,30-SEP-23,2022,1201,368749.14,7900.53,5000000175,2020,2,4,皮卡,4400.0,吉利,自用货物,0.0,品牌A,57.92,0.0,0.081303,0.155274,7.92,0.008888,0,34.37,6814.24,1,1,0.0
1,04-MAR-23,03-MAR-24,2023,1201,408019.25,3006.06,5000000176,2017,5,0,SUV,3400.0,比亚迪,公务,0.0,品牌A,32.51,0.0,0.011647,0.287277,0.25,0.046011,0,0.0,0.0,1,1,0.0
1,19-MAY-23,18-MAY-24,2023,1203,86849.12,2552.54,5000000177,2016,3,1,客车,4100.0,奔驰,家用,0.0,品牌E,43.97,0.0,0.11886,0.233588,3.24,0.021555,1,85.72,2107.76,0,1,0.0
0,06-NOV-22,06-NOV-23,2022,1203,220436.01,6453.53,5000000178,2022,5,0,MPV,2200.0,奔驰,商用,0.0,品牌D,30.31,46.3,0.035282,0.064985,7.66,0.058676,0,0.0,0.0,1,1,0.0
1,02-FEB-23,02-FEB-24,2023,1202,231471.68,5722.02,5000000179,2018,7,0,轿车,2900.0,长安,租赁,10081.52,品牌A,42.77,0.0,0.096208,0.023878,1.56,0.021719,0,89.68,3868.06,0,1,1191.95
1,10-OCT-23,09-OCT-24,2023,1203,247362.38,4471.52,5000000180,2018,4,1,皮卡,4400.0,奔驰,租赁,0.0,品牌E,90.33,0.0,0.119515,0.067823,7.76,0.191983,0,31.94,5522.87,0,1,0.0
1,10-MAY-24,10-MAY-25,2024,1202,247077.05,3468.01,5000000181,2022,4,3,皮卡,2500.0,吉利,家用,0.0,品牌D,48.58,30.19,0.197077,0.22922,8.59,0.000645,0,75.65,3060.56,0,1,0.0
0,26-FEB-24,25-FEB-25,2024,1201,93223.49,1602.87,5000000182,2015,4,11,皮卡,5900.0,本田,公务,0.0,品牌B,66.4,0.0,0.08877,0.031098,9.1,0.048271,0,0.0,0.0,1,1,0.0
1,08-OCT-22,08-OCT-23,2022,1201,353912.23,10178.08,5000000183,2014,5,0,SUV,2600.0,奔驰,租赁,27905.1,品牌C,56.75,27.06,0.154963,0.134607,7.12,0.089775,0,0.0,0.0,1,1,10077.12
0,22-AUG-22,22-AUG-23,2022,1204,323676.15,3217.12,5000000184,2012,2,3,货车,2800.0,长安,家用,12221.2,品牌B,92.02,0.0,0.140335,0.077414,7.71,0.080492,0,0.0,0.0,1,1,10255.18
0,28-FEB-24,27-FEB-25,2024,1204,478176.69,8623.77,5000000185,2019,7,0,轿车,3200.0,别克,租赁,33136.27,品牌B,31.95,0.0,0.185561,0.276309,5.56,0.059451,0,38.12,7116.5,0,1,1643.81
0,14-MAR-24,14-MAR-25,2024,1204,177680.25,2346.26,5000000186,2015,4,2,皮卡,2200.0,大众,商用,0.0,品牌A,78.13,0.0,0.184068,0.040842,0.44,0.095844,1,30.43,2211.91,0,1,0.0
1,18-JUN-22,18-JUN-23,2022,1205,317080.41,2875.0,5000000187,2014,4,19,货车,2800.0,奔驰,自用货物,0.0,品牌E,38.18,0.0,0.080836,0.193002,5.07,0.157265,1,48.29,3847.37,1,1,0.0
1,03-APR-24,03-APR-25,2024,1204,458260.76,10784.44,5000000188,2016,4,19,客车,3800.0,吉利,自用货物,34397.67,品牌B,81.77,0.0,0.034339,0.214461,5.89,0.146648,1,40.44,7023.25,1,1,6326.42
1,01-SEP-23,31-AUG-24,2023,1206,471282.46,10556.08,5000000189,2020,4,0,轿车,3300.0,比亚迪,家用,0.0,品牌C,96.74,92.84,0.144399,0.021093,7.87,0.140812,0,66.73,6620.55,0,1,0.0
1,28-DEC-23,27-DEC-24,2023,1204,344774.5,4222.17,5000000190,2018,5,0,SUV,1800.0,本田,商用,0.0,品牌A,80.56,0.0,0.055739,0.235977,6.86,0.011719,0,0.0,0.0,0,1,0.0
0,03-MAR-23,02-MAR-24,2023,1204,225639.3,6065.42,5000000191,2021,7,0,SUV,1100.0,长安,家用,0.0,品牌E,37.92,0.0,0.010299,0.224974,8.5,0.185558,0,0.0,0.0,0,1,0.0
0,31-OCT-23,30-OCT-24,2023,1206,471833.13,8909.91,5000000192,2020,4,0,MPV,2300.0,丰田,租赁,0.0,品牌C,87.65,45.28,0.091865,0.235963,4.39,0.015466,1,80.03,6449.59,1,1,0.0
1,20-MAY-22,20-MAY-23,2022,1201,401326.47,2463.04,5000000193,2018,3,9,客车,2800.0,长安,公务,0.0,品牌A,31.06,0.0,0.128484,0.003325,8.19,0.098713,0,83.51,4674.0,1,1,0.0
0,14-JUL-22,14-JUL-23,2022,1206,406378.07,3728.99,5000000194,2022,7,0,SUV,2600.0,宝马,商用,0.0,品牌D,50.9,92.96,0.088368,0.09309,2.2,0.175726,0,0.0,0.0,1,1,0.0
1,30-OCT-22,30-OCT-23,2022,1203,481466.12,5801.87,5000000195,2014,4,0,SUV,1700.0,长安,家用,0.0,品牌A,99.97,0.0,0.167818,0.255785,5.21,0.080726,0,0.0,0.0,0,1,0.0
1,13-APR-24,13-APR-25,2024,1203,285247.64,2936.57,5000000196,2015,7,0,轿车,2000.0,长安,自用货物,0.0,品牌C,30.79,80.4,0.101569,0.019839,0.07,0.073103,0,89.48,3444.34,1,1,0.0
0,16-AUG-22,16-AUG-23,2022,1203,123425.32,3663.66,5000000197,2014,7,0,MPV,2500.0,别克,公务,0.0,品牌B,93.08,0.0,0.150067,0.026858,0.49,0.002334,0,0.0,0.0,1,1,0.0
0,23-MAR-24,23-MAR-25,2024,1202,62968.89,923.69,5000000198,2018,5,0,轿车,3300.0,吉利,租赁,0.0,品牌A,47.16,0.0,0.186681,0.158704,7.62,0.126063,1,71.71,4002.39,1,1,0.0
1,26-OCT-23,25-OCT-24,2023,1205,414872.74,3388.13,5000000199,2022,7,0,MPV,2500.0,宝马,自用货物,17771.1,品牌A,81.59,0.0,0.084398,0.114158,8.23,0.173,0,0.0,0.0,1,1,2676.73
0,19-SEP-22,19-SEP-23,2022,1202,250393.15,2829.98,5000000200,2021,2,14,货车,5200.0,比亚迪,商用,0.0,品牌B,47.66,0.0,0.151488,0.222609,6.49,0.193222,1,70.74,3828.69,0,1,0.0
0,29-MAR-24,29-MAR-25,2024,1201,455262.17,7127.96,5000000201,2015,7,0,MPV,1700.0,宝马,租赁,0.0,品牌C,67.44,96.82,0.023233,0.099719,1.66,0.006219,0,0.0,0.0,0,1,0.0
0,15-SEP-23,14-SEP-24,2023,1206,481240.07,14105.66,5000000202,2014,3,9,货车,2400.0,长安,家用,46983.7,品牌D,91.3,63.13,0.118971,0.151811,9.37,0.071671,0,0.0,0.0,1,1,4909.24
1,27-JAN-24,26-JAN-25,2024,1206,178818.22,3235.28,5000000203,2019,5,0,轿车,2300.0,本田,自用货物,0.0,品牌E,42.92,0.0,0.183896,0.249011,6.04,0.062528,0,0.0,0.0,0,1,0.0
1,08-JAN-23,08-JAN-24,2023,1203,375798.33,8986.97,5000000204,2020,4,8,皮卡,5300.0,长安,商用,0.0,品牌A,91.03,0.0,0.008415,0.057832,4.88,0.162995,0,0.0,0.0,1,1,0.0
1,12-JAN-23,12-JAN-24,2023,1205,255917.65,6686.42,5000000205,2016,3,19,货车,3300.0,比亚迪,租赁,27428.34,品牌A,34.31,0.0,0.033006,0.175949,8.97,0.177569,0,33.69,5420.9,0,1,1418.11
1,18-APR-24,18-APR-25,2024,1204,326585.85,9364.29,5000000206,2022,2,4,货车,2800.0,吉利,商用,0.0,品牌C,70.56,84.47,0.174547,0.076853,0.81,0.196138,0,0.0,0.0,1,1,0.0
0,06-OCT-23,05-OCT-24,2023,1204,101078.04,1832.44,5000000207,2018,5,0,MPV,2700.0,奔驰,家用,0.0,品牌C,70.05,34.01,0.050247,0.004191,7.22,0.174764,1,59.23,6394.34,0,1,0.0
1,28-OCT-23,27-OCT-24,2023,1205,421384.94,2356.15,5000000208,2016,3,8,货车,5200.0,奔驰,家用,0.0,品牌C,31.82,48.89,0.142496,0.208971,4.86,0.116777,0,0.0,0.0,1,1,0.0
1,19-DEC-23,18-DEC-24,2023,1206,476763.08,13462.11,5000000209,2016,5,0,轿车,2200.0,大众,租赁,0.0,品牌E,38.93,0.0,0.180879,0.232928,6.29,0.10385,1,48.53,2072.87,0,1,0.0
0,12-DEC-22,12-DEC-23,2022,1205,100336.29,1973.78,5000000210,2015,4,0,轿车,1900.0,大众,家用,0.0,品牌E,78.2,0.0,0.059674,0.091257,2.23,0.153426,0,0.0,0.0,1,1,0.0
1,10-APR-23,09-APR-24,2023,1206,301658.45,5011.03,5000000211,2017,2,5,客车,4400.0,宝马,租赁,0.0,品牌C,80.44,48.77,0.104241,0.262869,9.4,0.138049,0,0.0,0.0,0,1,0.0
0,27-DEC-22,27-DEC-23,2022,1205,363533.37,9822.49,5000000212,2018,7,0,轿车,3500.0,本田,家用,0.0,品牌C,76.36,59.54,0.009354,0.094196,3.12,0.012648,0,34.89,6600.33,1,1,0.0
1,19-JAN-24,18-JAN-25,2024,1201,349333.19,4183.42,5000000213,2018,2,8,客车,3000.0,丰田,租赁,0.0,品牌B,79.17,0.0,0.045128,0.061173,6.3,0.174092,1,76.22,3069.88,1,1,0.0
0,23-SEP-22,23-SEP-23,2022,1201,203589.01,3545.52,5000000214,2015,3,18,皮卡,4000.0,奥迪,家用,0.0,品牌E,62.68,0.0,0.101659,0.208695,6.48,0.143667,0,35.75,5614.22,1,1,0.0
1,04-JUN-23,03-JUN-24,2023,1205,351778.5,3792.06,5000000215,2017,3,3,客车,3100.0,大众,公务,0.0,品牌B,35.32,0.0,0.046721,0.221795,6.07,0.008178,0,0.0,0.0,0,1,0.0
1,13-AUG-22,13-AUG-23,2022,1205,143128.13,3844.19,5000000216,2016,3,7,货车,4500.0,宝马,租赁,12150.43,品牌A,88.42,0.0,0.065049,0.045824,6.35,0.132276,1,49.67,2556.87,1,1,14999.78
1,21-SEP-23,20-SEP-24,2023,1204,482158.51,9181.08,5000000217,2023,4,0,SUV,1900.0,本田,商用,19241.23,品牌E,70.11,0.0,0.156722,0.087865,3.74,0.198054,0,88.89,5593.63,1,1,4037.63
0,14-NOV-22,14-NOV-23,2022,1202,328722.29,2565.39,5000000218,2019,2,15,皮卡,5800.0,长安,自用货物,33576.67,品牌C,66.06,15.0,0.144062,0.149705,8.51,0.111734,0,0.0,0.0,1,1,9677.53
0,01-NOV-22,01-NOV-23,2022,1206,353524.68,6515.46,5000000219,2018,4,0,SUV,1500.0,奥迪,商用,0.0,品牌A,35.54,0.0,0.071891,0.274021,6.1,0.10674,0,49.28,5554.09,0,1,0.0
0,12-MAR-23,11-MAR-24,2023,1205,189502.1,4838.08,5000000220,2021,2,2,货车,2000.0,大众,公务,0.0,品牌C,39.01,59.44,0.071136,0.064258,1.44,0.007919,1,67.14,6433.92,1,1,0.0
0,29-SEP-23,28-SEP-24,2023,1204,363392.66,9362.37,5000000221,2016,4,0,MPV,1600.0,吉利,家用,16472.71,品牌C,38.81,63.68,0.036719,0.279217,3.3,0.078747,0,0.0,0.0,1,1,7994.13
1,17-MAR-24,17-MAR-25,2024,1205,377818.32,10613.35,5000000222,2017,5,0,轿车,3400.0,大众,公务,3613.38,品牌B,96.61,0.0,0.163266,0.273246,0.24,0.041011,1,56.86,3610.63,0,1,2137.3
1,15-FEB-23,15-FEB-24,2023,1205,216202.77,2603.53,5000000223,2014,4,0,SUV,2300.0,宝马,自用货物,0.0,品牌D,83.14,85.36,0.066742,0.2947,1.29,0.002629,1,65.24,4696.46,0,1,0.0
0,27-OCT-22,27-OCT-23,2022,1201,215832.7,5096.27,5000000224,2012,2,5,皮卡,2400.0,奔驰,租赁,0.0,品牌A,63.05,0.0,0.034544,0.079123,5.38,0.10718,0,0.0,0.0,0,1,0.0
0,06-NOV-23,05-NOV-24,2023,1203,436803.0,11492.95,5000000225,2018,5,0,SUV,1900.0,丰田,商用,0.0,品牌E,61.63,0.0,0.078869,0.287737,5.68,0.053002,0,0.0,0.0,0,1,0.0
1,12-MAY-23,11-MAY-24,2023,1203,491670.63,9334.58,5000000226,2015,4,5,货车,5500.0,丰田,家用,0.0,品牌A,64.88,0.0,0.00194,0.251501,1.78,0.173158,0,0.0,0.0,0,1,0.0
1,03-MAR-24,03-MAR-25,2024,1206,249876.87,1957.4,5000000227,2018,5,0,SUV,1800.0,长安,租赁,0.0,品牌C,50.16,58.73,0.057973,0.130866,8.99,0.025202,1,43.01,5925.87,1,1,0.0
1,23-MAY-22,23-MAY-23,2022,1204,164586.01,2443.59,5000000228,2017,5,0,SUV,2900.0,奔驰,商用,35659.64,品牌C,72.45,86.72,0.089313,0.011811,2.89,0.084046,0,0.0,0.0,1,1,18161.03
1,26-FEB-24,25-FEB-25,2024,1204,329904.61,9711.78,5000000229,2014,2,5,客车,5200.0,丰田,家用,0.0,品牌B,89.81,0.0,0.083705,0.091376,7.73,0.108014,0,37.96,5338.2,0,1,0.0
1,19-OCT-23,18-OCT-24,2023,1201,356192.02,6615.83,5000000230,2018,3,17,货车,4000.0,本田,家用,0.0,品牌C,96.1,23.25,0.186737,0.178327,1.13,0.052069,0,0.0,0.0,1,1,0.0
0,25-SEP-22,25-SEP-23,2022,1202,65048.81,1681.67,5000000231,2022,5,0,MPV,1900.0,吉利,商用,0.0,品牌C,84.9,51.66,0.08667,0.064605,3.62,0.00247,0,0.0,0.0,0,1,0.0
0,12-AUG-22,12-AUG-23,2022,1201,186256.66,2132.5,5000000232,2017,5,0,MPV,2700.0,比亚迪,租赁,0.0,品牌D,96.12,54.18,0.057995,0.027872,1.63,0.06532,0,0.0,0.0,1,1,0.0
0,24-JUL-22,24-JUL-23,2022,1204,367289.19,9737.03,5000000233,2014,2,8,皮卡,3900.0,长安,自用货物,0.0,品牌C,83.05,63.66,0.100817,0.059394,3.55,0.12344,0,0.0,0.0,1,1,0.0
0,16-AUG-22,16-AUG-23,2022,1204,312186.57,5214.19,5000000234,2014,5,0,轿车,1300.0,宝马,商用,49910.03,品牌E,48.78,0.0,0.037716,0.142431,1.99,0.074488,0,34.2,6446.0,0,1,17703.82
0,16-NOV-22,16-NOV-23,2022,1202,116884.36,619.21,5000000235,2020,3,13,皮卡,4800.0,别克,自用货物,1045.65,品牌E,68.28,0.0,0.121442,0.138935,8.39,0.135577,0,0.0,0.0,0,1,15383.25
1,21-MAY-22,21-MAY-23,2022,1203,232923.53,1219.56,5000000236,2021,7,0,SUV,1000.0,比亚迪,自用货物,0.0,品牌E,78.61,0.0,0.167781,0.27449,5.47,0.183052,0,0.0,0.0,1,1,0.0
0,12-NOV-23,11-NOV-24,2023,1201,268864.76,6809.77,5000000237,2017,5,0,MPV,1600.0,本田,自用货物,0.0,品牌B,51.31,0.0,0.167287,0.281925,3.1,0.165443,0,0.0,0.0,0,1,0.0
1,17-JUL-22,17-JUL-23,2022,1201,70769.06,517.63,5000000238,2018,3,19,货车,5800.0,别克,自用货物,0.0,品牌A,65.9,0.0,0.138148,0.036797,0.1,0.012108,0,42.08,5452.67,1,1,0.0
0,23-OCT-22,23-OCT-23,2022,1202,171977.64,3610.61,5000000239,2015,7,0,轿车,1300.0,吉利,家用,0.0,品牌E,83.25,0.0,0.143573,0.291555,6.66,0.04439,0,0.0,0.0,1,1,0.0
0,05-JUN-23,04-JUN-24,2023,1204,388709.19,9757.14,5000000240,2016,2,14,客车,3500.0,奥迪,自用货物,10352.81,品牌D,94.48,89.39,0.072759,0.109871,8.94,0.099766,1,89.45,6037.11,1,1,14476.77
0,30-JAN-23,30-JAN-24,2023,1204,401439.38,7428.98,5000000241,2013,4,0,MPV,1800.0,奥迪,公务,49120.13,品牌B,89.87,0.0,0.097076,0.16298,1.7,0.078187,0,0.0,0.0,1,1,12267.95
0,25-AUG-23,24-AUG-24,2023,1206,91932.21,1098.93,5000000242,2023,5,0,SUV,2300.0,吉利,租赁,22776.9,品牌E,52.96,0.0,0.178675,0.009408,1.33,0.109091,0,0.0,0.0,0,1,16136.73
0,03-MAR-23,02-MAR-24,2023,1206,60629.31,568.77,5000000243,2017,2,18,客车,5700.0,比亚迪,租赁,0.0,品牌B,65.85,0.0,0.179449,0.107084,8.33,0.19429,0,0.0,0.0,0,1,0.0
1,19-JAN-24,18-JAN-25,2024,1204,425394.66,5055.53,5000000244,2022,4,7,客车,3800.0,大众,商用,0.0,品牌E,87.12,0.0,0.153969,0.144246,3.91,0.163516,0,0.0,0.0,1,1,0.0
1,30-JUL-23,29-JUL-24,2023,1205,153335.35,3434.64,5000000245,2016,2,9,客车,5500.0,比亚迪,公务,0.0,品牌B,59.17,0.0,0.192044,0.111473,1.88,0.106236,0,0.0,0.0,1,1,0.0
0,14-NOV-23,13-NOV-24,2023,1201,293958.66,1770.67,5000000246,2022,7,0,SUV,1600.0,奥迪,租赁,26150.3,品牌D,45.22,83.88,0.051389,0.127315,6.11,0.08956,0,0.0,0.0,0,1,17722.42
0,09-JUN-23,08-JUN-24,2023,1204,200753.08,2789.98,5000000247,2018,4,0,轿车,3100.0,宝马,家用,0.0,品牌B,84.92,0.0,0.16864,0.049107,4.33,0.179234,0,71.78,4195.77,0,1,0.0
1,10-OCT-22,10-OCT-23,2022,1202,105104.82,2571.46,5000000248,2021,7,0,MPV,1500.0,别克,商用,0.0,品牌E,50.22,0.0,0.065339,0.049483,4.34,0.094949,0,0.0,0.0,0,1,0.0
1,23-APR-23,22-APR-24,2023,1203,420689.15,10328.58,5000000249,2014,4,0,SUV,1400.0,丰田,租赁,0.0,品牌B,83.49,0.0,0.003753,0.207203,9.6,0.059382,0,65.88,4280.76,0,1,0.0
1,23-SEP-22,23-SEP-23,2022,1205,82400.58,2202.49,5000000250,2020,3,6,皮卡,5400.0,奔驰,公务,0.0,品牌C,96.11,76.15,0.06121,0.271776,1.11,0.142026,0,0.0,0.0,1,1,0.0
1,02-JAN-23,02-JAN-24,2023,1201,243867.81,2904.93,5000000251,2015,5,0,轿车,2500.0,大众,租赁,34419.72,品牌B,97.6,0.0,0.142667,0.170444,2.18,0.099827,0,56.65,2560.22,1,1,3790.58
0,06-JAN-24,05-JAN-25,2024,1205,298840.94,4784.81,5000000252,2019,4,0,MPV,1900.0,长安,租赁,0.0,品牌D,43.07,39.18,0.004922,0.110821,7.11,0.024512,0,0.0,0.0,0,1,0.0
1,02-JUN-22,02-JUN-23,2022,1201,159219.28,4671.22,5000000253,2021,2,10,货车,5500.0,丰田,商用,25628.71,品牌A,58.18,0.0,0.016627,0.009007,7.9,0.067397,0,68.78,5250.05,1,1,6228.97
1,21-MAY-22,21-MAY-23,2022,1205,450257.3,3919.39,5000000254,2015,4,20,货车,2900.0,吉利,商用,0.0,品牌A,55.33,0.0,0.093788,0.270393,7.49,0.139198,1,78.89,5658.86,1,1,0.0
0,15-DEC-22,15-DEC-23,2022,1202,50069.82,716.76,5000000255,2016,4,0,SUV,2100.0,丰田,自用货物,8111.67,品牌C,86.65,29.83,0.147457,0.187047,2.23,0.136478,0,0.0,0.0,0,1,11726.11
1,23-NOV-22,23-NOV-23,2022,1202,391119.34,6357.97,5000000256,2015,3,6,客车,2500.0,比亚迪,自用货物,13804.2,品牌D,65.22,88.03,0.143989,0.196922,7.64,0.141738,0,0.0,0.0,1,1,13546.39
0,18-JUN-22,18-JUN-23,2022,1201,478758.94,10796.9,5000000257,2012,4,0,轿车,1800.0,别克,商用,35425.41,品牌E,37.35,0.0,0.033154,0.121755,5.19,0.063137,1,82.97,4952.88,1,1,19666.46
1,08-OCT-22,08-OCT-23,2022,1203,407534.72,7185.81,5000000258,2012,4,0,轿车,1800.0,丰田,公务,25444.33,品牌B,67.67,0.0,0.046535,0.173513,0.31,0.101764,0,61.7,6720.14,0,1,8889.45
0,19-JUN-23,18-JUN-24,2023,1203,114262.98,1825.35,5000000259,2016,3,13,皮卡,3300.0,宝马,商用,0.0,品牌C,60.33,39.71,0.133636,0.283412,6.92,0.147165,0,0.0,0.0,1,1,0.0
0,01-FEB-24,31-JAN-25,2024,1205,95040.33,1636.32,5000000260,2021,5,0,MPV,2700.0,奥迪,家用,43239.96,品牌D,93.56,30.43,0.066655,0.153966,9.97,0.184412,0,80.26,4334.67,1,1,6362.84
0,29-MAR-23,28-MAR-24,2023,1205,334083.96,9286.62,5000000261,2022,4,0,MPV,1500.0,丰田,家用,10155.21,品牌C,64.66,16.74,0.01709,0.051441,6.98,0.081459,0,0.0,0.0,0,1,8884.74
0,07-JAN-23,07-JAN-24,2023,1203,390921.81,9069.74,5000000262,2016,5,0,MPV,1500.0,奔驰,自用货物,0.0,品牌D,36.14,15.3,0.035537,0.055404,5.18,0.072177,1,44.82,6596.17,0,1,0.0
0,02-FEB-24,01-FEB-25,2024,1202,307253.96,4503.35,5000000263,2022,2,11,客车,4100.0,丰田,商用,0.0,品牌B,68.54,0.0,0.036025,0.250417,9.3,0.061382,0,0.0,0.0,1,1,0.0
1,23-SEP-22,23-SEP-23,2022,1205,316898.61,4875.85,5000000264,2017,4,2,皮卡,5700.0,奥迪,自用货物,5493.13,品牌B,53.68,0.0,0.075493,0.171353,8.4,0.163572,1,52.11,5219.6,1,1,1945.46
0,07-APR-24,07-APR-25,2024,1203,108703.04,1349.52,5000000265,2014,5,0,MPV,1400.0,本田,公务,0.0,品牌C,90.62,99.7,0.115877,0.057949,2.06,0.033037,0,0.0,0.0,0,1,0.0
0,14-APR-23,13-APR-24,2023,1206,163549.35,4279.83,5000000266,2014,7,0,SUV,2900.0,长安,自用货物,30455.05,品牌B,44.32,0.0,0.035097,0.182233,2.16,0.099463,0,49.18,2648.57,0,1,6862.29
1,24-OCT-22,24-OCT-23,2022,1204,202911.42,3297.76,5000000267,2020,2,5,客车,4600.0,比亚迪,商用,0.0,品牌B,45.49,0.0,0.163374,0.261734,5.83,0.076143,1,36.5,6588.68,1,1,0.0
0,02-MAR-24,02-MAR-25,2024,1203,110021.81,2480.98,5000000268,2014,5,0,MPV,1200.0,大众,商用,0.0,品牌D,43.49,97.55,0.076768,0.252994,5.01,0.134211,0,0.0,0.0,1,1,0.0
0,03-NOV-23,02-NOV-24,2023,1206,435715.93,2428.05,5000000269,2019,3,18,客车,5700.0,比亚迪,家用,0.0,品牌A,73.79,0.0,0.003278,0.100344,2.88,0.011415,1,76.54,2999.88,1,1,0.0
0,22-JUL-23,21-JUL-24,2023,1202,399517.91,3016.63,5000000270,2014,4,0,MPV,2400.0,吉利,家用,32113.33,品牌D,34.09,62.8,0.059362,0.266541,8.49,0.08504,0,75.01,6204.48,1,1,5239.32
0,16-FEB-24,15-FEB-25,2024,1206,125551.24,2437.96,5000000271,2024,5,0,MPV,3400.0,比亚迪,公务,39216.3,品牌E,92.92,0.0,0.144966,0.2999,9.35,0.192115,1,75.38,5958.11,1,1,4174.73
1,07-JUL-23,06-JUL-24,2023,1202,314753.02,1927.9,5000000272,2023,3,4,皮卡,2900.0,本田,公务,0.0,品牌A,78.87,0.0,0.083431,0.068437,7.2,0.035098,0,0.0,0.0,1,1,0.0
0,07-FEB-23,07-FEB-24,2023,1203,314113.97,7702.4,5000000273,2018,4,9,客车,3000.0,本田,家用,44396.38,品牌E,51.67,0.0,0.030132,0.193923,0.2,0.157334,0,0.0,0.0,1,1,9703.51
0,06-FEB-23,06-FEB-24,2023,1206,320722.89,3782.43,5000000274,2013,4,3,皮卡,3900.0,宝马,家用,0.0,品牌B,63.11,0.0,0.037218,0.039498,0.89,0.185532,0,0.0,0.0,1,1,0.0
1,11-FEB-23,11-FEB-24,2023,1202,463667.35,5405.33,5000000275,2023,4,0,MPV,2500.0,吉利,租赁,0.0,品牌D,77.1,25.78,0.127298,0.220689,6.16,0.142388,0,0.0,0.0,0,1,0.0
0,26-AUG-23,25-AUG-24,2023,1206,295042.48,3230.78,5000000276,2015,2,11,皮卡,2800.0,丰田,商用,0.0,品牌E,89.19,0.0,0.182543,0.190081,4.66,0.177644,1,50.93,6516.14,1,1,0.0
0,25-OCT-23,24-OCT-24,2023,1203,217913.04,2592.83,5000000277,2015,3,1,货车,4200.0,本田,商用,0.0,品牌B,93.83,0.0,0.018907,0.038067,8.8,0.048312,0,0.0,0.0,1,1,0.0
0,11-JUL-23,10-JUL-24,2023,1202,404868.36,8691.63,5000000278,2013,4,17,货车,4900.0,别克,家用,0.0,品牌A,40.68,0.0,0.129761,0.125773,1.87,0.059267,0,0.0,0.0,0,1,0.0
1,03-MAY-23,02-MAY-24,2023,1206,424532.38,6410.71,5000000279,2016,4,16,货车,3700.0,比亚迪,公务,36906.02,品牌E,92.37,0.0,0.19457,0.003923,8.4,0.102156,0,0.0,0.0,1,1,18164.69
1,07-JAN-24,06-JAN-25,2024,1201,359147.6,10411.12,5000000280,2016,7,0,SUV,3300.0,奔驰,家用,0.0,品牌A,52.28,0.0,0.058771,0.16317,6.33,0.192919,0,70.97,3834.23,1,1,0.0
1,08-FEB-24,07-FEB-25,2024,1203,143590.49,4047.32,5000000281,2024,5,0,轿车,2800.0,别克,商用,0.0,品牌E,87.11,0.0,0.124806,0.215068,2.19,0.101623,0,0.0,0.0,0,1,0.0
0,25-NOV-23,24-NOV-24,2023,1206,243291.83,2247.9,5000000282,2019,5,0,SUV,2000.0,大众,公务,0.0,品牌A,61.87,0.0,0.028473,0.078311,4.39,0.026842,0,0.0,0.0,0,1,0.0
1,24-DEC-23,23-DEC-24,2023,1203,98366.81,996.92,5000000283,2013,5,0,SUV,1400.0,吉利,商用,0.0,品牌D,77.88,59.69,0.148882,0.213717,9.23,0.09496,0,89.6,2325.84,0,1,0.0
0,31-OCT-22,31-OCT-23,2022,1205,258577.24,6867.39,5000000284,2016,4,0,MPV,1900.0,别克,自用货物,0.0,品牌E,37.71,0.0,0.122264,0.233221,2.58,0.094616,1,47.64,5114.61,1,1,0.0
0,22-SEP-23,21-SEP-24,2023,1205,282675.99,3097.74,5000000285,2020,7,0,SUV,3400.0,别克,公务,0.0,品牌C,37.36,41.17,0.083212,0.266675,8.04,0.028329,0,0.0,0.0,1,1,0.0
1,16-SEP-22,16-SEP-23,2022,1203,68537.45,1034.35,5000000286,2020,5,0,MPV,2000.0,长安,公务,0.0,品牌D,54.49,52.12,0.118109,0.295223,1.45,0.140852,0,0.0,0.0,0,1,0.0
1,11-FEB-23,11-FEB-24,2023,1204,137456.91,1065.24,5000000287,2018,3,10,皮卡,5600.0,比亚迪,自用货物,28219.82,品牌E,73.0,0.0,0.079477,0.264383,5.35,0.163644,0,0.0,0.0,0,1,18609.61
1,31-AUG-23,30-AUG-24,2023,1202,58294.1,1076.92,5000000288,2017,7,0,SUV,2900.0,奔驰,自用货物,0.0,品牌B,73.33,0.0,0.151755,0.128144,9.07,0.113461,0,0.0,0.0,1,1,0.0
1,11-JAN-23,11-JAN-24,2023,1202,142621.64,4055.0,5000000289,2017,4,9,客车,5500.0,比亚迪,自用货物,0.0,品牌B,35.68,0.0,0.075037,0.271146,8.91,0.092823,1,30.06,1904.73,0,1,0.0
0,19-MAY-22,19-MAY-23,2022,1205,80725.81,1298.72,5000000290,2013,7,0,MPV,2400.0,比亚迪,自用货物,0.0,品牌B,89.27,0.0,0.065132,0.16074,3.35,0.11235,1,69.19,5713.73,1,1,0.0
0,04-APR-24,04-APR-25,2024,1206,97569.88,2738.79,5000000291,2017,4,0,轿车,2000.0,丰田,租赁,0.0,品牌C,36.74,20.97,0.062711,0.127914,1.98,0.009223,0,0.0,0.0,1,1,0.0
0,06-JUL-23,05-JUL-24,2023,1204,277097.17,6935.93,5000000292,2017,4,0,MPV,1700.0,宝马,自用货物,0.0,品牌C,33.72,98.24,0.045472,0.291055,5.18,0.069918,0,0.0,0.0,1,1,0.0
0,05-OCT-22,05-OCT-23,2022,1201,111129.58,664.92,5000000293,2018,5,0,轿车,2000.0,别克,自用货物,0.0,品牌C,44.48,95.43,0.030076,0.027669,8.54,0.080521,0,0.0,0.0,1,1,0.0
1,25-JUN-23,24-JUN-24,2023,1204,188039.24,2180.07,5000000294,2013,4,0,轿车,2300.0,奔驰,家用,8269.6,品牌D,96.7,55.43,0.163805,0.26538,0.21,0.182339,0,67.01,3528.53,0,1,1162.7
1,31-MAY-23,30-MAY-24,2023,1206,186082.94,3939.46,5000000295,2014,4,0,轿车,1100.0,别克,自用货物,0.0,品牌C,77.02,96.57,0.079123,0.254525,3.7,0.162271,0,47.73,4394.07,1,1,0.0
1,08-JUN-23,07-JUN-24,2023,1205,302776.03,7625.26,5000000296,2022,4,5,皮卡,4900.0,丰田,租赁,0.0,品牌C,81.36,53.59,0.033808,0.247537,0.61,0.010796,0,89.96,2348.88,0,1,0.0
0,13-MAY-24,13-MAY-25,2024,1202,418873.63,5850.57,5000000297,2024,7,0,SUV,1200.0,本田,公务,19197.68,品牌D,77.86,44.2,0.036103,0.040011,5.88,0.016054,0,0.0,0.0,1,1,10509.26
1,08-JUL-23,07-JUL-24,2023,1201,233547.22,1900.72,5000000298,2023,7,0,SUV,1200.0,长安,自用货物,0.0,品牌D,70.93,35.52,0.062939,0.247736,5.5,0.102261,0,72.21,3540.41,1,1,0.0
1,06-MAY-24,06-MAY-25,2024,1203,434727.64,5102.55,5000000299,2023,5,0,SUV,2400.0,吉利,公务,0.0,品牌A,42.05,0.0,0.08493,0.160263,4.05,0.059186,0,58.47,5885.37,1,1,0.0
0,02-DEC-22,02-DEC-23,2022,1204,340782.76,7564.75,5000000300,2016,3,6,皮卡,3600.0,丰田,租赁,0.0,品牌D,57.79,54.38,0.181519,0.283458,2.89,0.048611,0,54.57,3832.7,1,1,0.0
1,28-JAN-23,28-JAN-24,2023,1204,335013.35,6243.15,5000000301,2014,4,5,货车,5900.0,宝马,公务,0.0,品牌C,41.78,10.9,0.006338,0.072789,5.74,0.179099,0,63.92,5811.55,0,1,0.0
1,01-DEC-23,30-NOV-24,2023,1204,194519.98,3391.07,5000000302,2017,2,12,皮卡,2500.0,比亚迪,商用,0.0,品牌B,98.41,0.0,0.103645,0.096952,9.77,0.006852,0,78.94,3540.64,1,1,0.0
1,21-FEB-23,21-FEB-24,2023,1206,302671.38,7405.5,5000000303,2016,3,15,货车,3900.0,本田,租赁,24572.34,品牌E,87.8,0.0,0.051905,0.052594,7.46,0.111294,0,67.32,6427.14,0,1,12166.52
1,01-SEP-22,01-SEP-23,2022,1206,103411.81,1369.97,5000000304,2012,5,0,轿车,3500.0,奥迪,家用,16027.02,品牌D,38.78,87.17,0.033044,0.013948,7.26,0.138067,0,0.0,0.0,1,1,18266.53
0,06-JAN-23,06-JAN-24,2023,1203,255573.64,3522.44,5000000305,2018,3,11,货车,3400.0,别克,自用货物,1076.08,品牌E,99.56,0.0,0.04013,0.203683,7.14,0.041109,0,0.0,0.0,1,1,8203.05
1,20-SEP-22,20-SEP-23,2022,1202,163152.82,1163.53,5000000306,2017,7,0,MPV,3000.0,本田,家用,36705.86,品牌A,62.38,0.0,0.076014,0.292909,8.86,0.166264,0,0.0,0.0,1,1,19862.77
0,06-APR-23,05-APR-24,2023,1206,395331.79,11251.5,5000000307,2016,4,7,皮卡,5100.0,丰田,公务,0.0,品牌A,35.17,0.0,0.132016,0.129106,6.62,0.151666,0,0.0,0.0,1,1,0.0
1,01-JAN-23,01-JAN-24,2023,1201,338842.32,7556.33,5000000308,2017,4,9,皮卡,4700.0,奥迪,家用,46902.86,品牌C,52.03,27.67,0.024663,0.002813,7.01,0.094259,1,34.18,4184.07,1,1,19076.66
1,27-OCT-22,27-OCT-23,2022,1203,93252.09,1226.63,5000000309,2014,3,11,皮卡,5100.0,本田,商用,26920.5,品牌B,58.71,0.0,0.042982,0.205156,7.7,0.112162,0,0.0,0.0,0,1,19715.16
1,13-MAR-24,13-MAR-25,2024,1204,81710.8,491.07,5000000310,2020,3,10,客车,2600.0,奥迪,自用货物,0.0,品牌E,62.05,0.0,0.127365,0.136032,4.29,0.060849,1,79.53,6021.46,0,1,0.0
1,15-NOV-23,14-NOV-24,2023,1206,158761.1,4679.22,5000000311,2016,3,11,货车,5000.0,本田,自用货物,0.0,品牌C,66.54,71.98,0.119309,0.016159,5.83,0.116671,1,63.97,3367.22,0,1,0.0
1,01-DEC-22,01-DEC-23,2022,1205,292916.39,3258.84,5000000312,2020,4,1,客车,3500.0,宝马,自用货物,0.0,品牌D,72.76,18.35,0.017898,0.230316,3.19,0.001107,0,82.51,2733.51,0,1,0.0
1,24-SEP-23,23-SEP-24,2023,1201,297658.37,2293.19,5000000313,2014,4,4,货车,3000.0,本田,公务,0.0,品牌E,34.83,0.0,0.102892,0.176895,3.09,0.197161,0,0.0,0.0,0,1,0.0
1,22-AUG-23,21-AUG-24,2023,1201,485196.27,3932.67,5000000314,2020,3,10,皮卡,5400.0,大众,商用,0.0,品牌B,98.97,0.0,0.175299,0.273615,1.92,0.120901,1,74.18,3620.16,0,1,0.0
0,11-MAY-23,10-MAY-24,2023,1205,458997.26,5339.33,5000000315,2020,2,2,皮卡,5800.0,奔驰,商用,47912.28,品牌D,71.06,33.36,0.178349,0.013867,8.4,0.054205,0,0.0,0.0,0,1,14375.48
0,15-OCT-22,15-OCT-23,2022,1203,62252.71,757.36,5000000316,2012,5,0,MPV,3200.0,大众,公务,0.0,品牌B,47.93,0.0,0.184906,0.274045,5.81,0.07462,0,69.07,5833.01,0,1,0.0
1,15-JUL-22,15-JUL-23,2022,1202,484571.71,13753.59,5000000317,2015,5,0,SUV,2800.0,丰田,租赁,0.0,品牌D,88.39,82.56,0.071253,0.226504,0.53,0.063296,1,51.99,6363.27,1,1,0.0
1,30-DEC-22,30-DEC-23,2022,1203,98650.59,1618.21,5000000318,2021,3,7,客车,5400.0,长安,租赁,36346.13,品牌E,95.55,0.0,0.144467,0.107444,0.02,0.143576,0,0.0,0.0,0,1,9499.87
1,16-NOV-23,15-NOV-24,2023,1202,89307.01,1518.45,5000000319,2019,3,6,皮卡,4300.0,吉利,自用货物,0.0,品牌E,73.45,0.0,0.083947,0.097186,4.86,0.19533,0,0.0,0.0,1,1,0.0
0,27-NOV-23,26-NOV-24,2023,1204,381692.89,10079.46,5000000320,2021,4,0,轿车,2100.0,宝马,租赁,0.0,品牌C,92.51,66.84,0.036489,0.25513,9.54,0.122693,1,75.16,5597.02,1,1,0.0
1,17-MAR-23,16-MAR-24,2023,1204,440736.66,5427.32,5000000321,2022,3,11,货车,2800.0,比亚迪,租赁,0.0,品牌D,88.51,13.82,0.162449,0.050945,4.41,0.14839,0,58.59,4547.62,1,1,0.0
1,17-JUN-23,16-JUN-24,2023,1202,71323.65,484.77,5000000322,2017,4,17,货车,5900.0,比亚迪,租赁,0.0,品牌E,69.67,0.0,0.175783,0.198832,8.63,0.118509,0,53.4,5444.88,0,1,0.0
1,03-JUN-23,02-JUN-24,2023,1205,474159.2,13706.2,5000000323,2013,4,18,货车,5700.0,大众,自用货物,0.0,品牌E,30.96,0.0,0.163043,0.207974,7.35,0.097611,0,0.0,0.0,1,1,0.0
0,05-MAR-23,04-MAR-24,2023,1204,393954.37,2165.54,5000000324,2016,3,20,皮卡,2500.0,长安,自用货物,0.0,品牌E,68.31,0.0,0.163787,0.158528,8.15,0.009396,1,39.05,5439.75,0,1,0.0
0,25-SEP-23,24-SEP-24,2023,1205,84675.07,592.94,5000000325,2014,3,3,货车,5000.0,别克,公务,19987.11,品牌E,73.11,0.0,0.067971,0.118967,7.98,0.150266,1,34.3,3346.91,0,1,16742.87
1,26-NOV-23,25-NOV-24,2023,1204,464568.63,6041.47,5000000326,2022,4,1,货车,5900.0,吉利,商用,0.0,品牌A,39.88,0.0,0.100795,0.028975,8.52,0.042574,0,0.0,0.0,0,1,0.0
0,16-MAY-23,15-MAY-24,2023,1201,64675.98,909.54,5000000327,2016,5,0,轿车,1600.0,奔驰,商用,3284.24,品牌C,57.47,38.45,0.030702,0.166452,4.77,0.02832,0,70.11,2050.26,1,1,12185.83
1,12-MAY-23,11-MAY-24,2023,1201,311018.8,8616.43,5000000328,2016,3,9,客车,5800.0,比亚迪,家用,0.0,品牌E,91.44,0.0,0.103591,0.262015,6.52,0.069895,0,0.0,0.0,1,1,0.0
1,29-DEC-23,28-DEC-24,2023,1205,222306.47,3527.98,5000000329,2015,4,0,轿车,2800.0,长安,公务,0.0,品牌E,30.04,0.0,0.173715,0.01666,6.85,0.035389,1,59.28,4299.42,0,1,0.0
1,18-JAN-24,17-JAN-25,2024,1201,56318.68,1375.81,5000000330,2022,4,18,皮卡,3000.0,大众,家用,19169.08,品牌D,37.11,66.44,0.049148,0.273879,4.82,0.132503,0,61.85,4593.58,0,1,16540.06
0,21-MAY-22,21-MAY-23,2022,1202,235609.72,6525.23,5000000331,2014,5,0,SUV,3200.0,大众,商用,0.0,品牌A,44.21,0.0,0.111291,0.060757,3.53,0.198414,0,42.56,6828.07,0,1,0.0
1,27-OCT-23,26-OCT-24,2023,1201,358716.72,6071.36,5000000332,2015,7,0,MPV,1100.0,长安,租赁,36260.25,品牌B,34.03,0.0,0.000418,0.085406,3.81,0.02819,0,39.23,5445.49,1,1,16066.52
1,03-OCT-22,03-OCT-23,2022,1202,394277.8,5454.58,5000000333,2012,3,12,货车,4500.0,别克,租赁,19024.67,品牌E,53.98,0.0,0.04989,0.126778,4.16,0.009921,0,0.0,0.0,0,1,7533.48
0,04-JUN-23,03-JUN-24,2023,1201,182800.29,3975.21,5000000334,2023,7,0,轿车,2700.0,吉利,公务,0.0,品牌A,99.37,0.0,0.077064,0.228336,1.17,0.061601,0,0.0,0.0,1,1,0.0
1,03-OCT-23,02-OCT-24,2023,1203,227886.01,2465.34,5000000335,2015,4,0,轿车,2300.0,奥迪,租赁,0.0,品牌E,31.14,0.0,0.026282,0.237099,5.37,0.118327,0,0.0,0.0,0,1,0.0
1,27-JUN-22,27-JUN-23,2022,1205,323435.13,3084.45,5000000336,2019,3,19,客车,4800.0,宝马,家用,0.0,品牌D,93.03,83.84,0.100225,0.19636,9.12,0.142298,0,0.0,0.0,0,1,0.0
0,18-SEP-22,18-SEP-23,2022,1206,123529.73,3678.95,5000000337,2016,7,0,SUV,2100.0,丰田,自用货物,0.0,品牌B,88.07,0.0,0.108776,0.2948,8.52,0.131415,0,58.21,6877.51,0,1,0.0
1,31-JAN-23,31-JAN-24,2023,1202,84650.92,1317.36,5000000338,2019,2,9,客车,4800.0,奥迪,租赁,0.0,品牌A,92.27,0.0,0.082682,0.224209,1.6,0.101123,0,59.33,6934.56,0,1,0.0
1,03-DEC-23,02-DEC-24,2023,1203,158594.44,2938.58,5000000339,2020,7,0,轿车,2100.0,奥迪,商用,0.0,品牌A,41.54,0.0,0.196229,0.177223,2.07,0.092234,0,0.0,0.0,0,1,0.0
1,11-MAY-23,10-MAY-24,2023,1204,67520.16,1914.03,5000000340,2017,3,7,皮卡,3400.0,吉利,公务,0.0,品牌C,54.67,12.2,0.083472,0.214358,4.18,0.190171,0,0.0,0.0,1,1,0.0
1,15-APR-24,15-APR-25,2024,1206,96309.34,657.97,5000000341,2023,2,19,皮卡,4800.0,吉利,自用货物,35241.05,品牌A,38.33,0.0,0.059298,0.259188,2.94,0.041376,1,69.09,4841.86,0,1,15534.59
1,05-MAR-23,04-MAR-24,2023,1202,380991.1,2794.29,5000000342,2021,3,6,货车,4600.0,奔驰,租赁,0.0,品牌C,42.22,41.76,0.178613,0.114513,7.88,0.071402,1,74.6,6763.37,0,1,0.0
0,29-APR-23,28-APR-24,2023,1206,382421.53,7422.78,5000000343,2014,7,0,SUV,3500.0,奔驰,租赁,0.0,品牌C,88.73,80.32,0.037415,0.207883,5.76,0.100097,0,72.36,2971.58,0,1,0.0
1,20-MAR-24,20-MAR-25,2024,1202,267212.51,5327.67,5000000344,2015,3,17,皮卡,5900.0,大众,家用,0.0,品牌A,33.55,0.0,0.194145,0.073408,3.33,0.169148,0,61.52,4981.59,1,1,0.0
1,11-SEP-22,11-SEP-23,2022,1206,386469.28,4627.08,5000000345,2012,5,0,MPV,1700.0,比亚迪,公务,0.0,品牌D,30.62,95.33,0.021126,0.07354,9.24,0.085658,0,77.66,4003.11,0,1,0.0
0,11-APR-23,10-APR-24,2023,1201,366943.35,8022.17,5000000346,2016,7,0,轿车,3500.0,比亚迪,自用货物,0.0,品牌A,37.51,0.0,0.020172,0.091402,9.78,0.067775,0,0.0,0.0,1,1,0.0
1,18-MAY-23,17-MAY-24,2023,1203,297244.7,8514.01,5000000347,2015,3,7,货车,5800.0,大众,自用货物,0.0,品牌C,74.75,21.06,0.02755,0.139093,2.45,0.072838,1,44.97,1871.3,1,1,0.0
1,23-APR-24,23-APR-25,2024,1204,247982.47,1640.91,5000000348,2014,2,19,货车,5100.0,大众,商用,0.0,品牌D,87.99,61.08,0.183572,0.016922,8.13,0.076308,0,0.0,0.0,1,1,0.0
1,31-MAY-22,31-MAY-23,2022,1205,239975.31,2744.81,5000000349,2016,7,0,SUV,1800.0,大众,公务,3367.31,品牌C,60.58,50.26,0.027645,0.155554,0.41,0.184851,1,32.75,1855.88,0,1,11197.43
0,22-APR-23,21-APR-24,2023,1203,424247.76,8936.2,5000000350,2023,2,4,皮卡,4100.0,大众,租赁,34904.45,品牌D,32.54,64.87,0.169628,0.050234,4.81,0.078279,0,0.0,0.0,1,1,17662.97
1,26-NOV-23,25-NOV-24,2023,1202,325588.4,4835.18,5000000351,2016,7,0,SUV,1400.0,吉利,商用,0.0,品牌A,57.57,0.0,0.016507,0.122009,7.34,0.059909,0,0.0,0.0,0,1,0.0
1,30-NOV-23,29-NOV-24,2023,1204,372675.79,8486.34,5000000352,2019,4,0,SUV,1500.0,别克,自用货物,0.0,品牌A,70.73,0.0,0.03089,0.273751,5.76,0.003527,0,0.0,0.0,1,1,0.0
0,29-JUN-23,28-JUN-24,2023,1201,479967.8,12320.14,5000000353,2013,3,7,皮卡,3700.0,大众,家用,40186.95,品牌E,46.1,0.0,0.185068,0.272672,8.34,0.023762,0,45.5,6510.24,1,1,7744.0
0,09-MAY-23,08-MAY-24,2023,1205,448608.35,6944.69,5000000354,2022,5,0,SUV,2800.0,奥迪,公务,0.0,品牌B,77.61,0.0,0.094112,0.023416,0.08,0.107004,0,0.0,0.0,1,1,0.0
1,09-JUL-23,08-JUL-24,2023,1204,299988.66,5586.32,5000000355,2022,7,0,SUV,2700.0,奥迪,租赁,11987.67,品牌B,53.37,0.0,0.113358,0.138283,4.66,0.193962,1,43.11,2563.07,0,1,670.44
1,16-OCT-22,16-OCT-23,2022,1205,121977.03,3115.77,5000000356,2012,2,4,皮卡,3000.0,丰田,租赁,0.0,品牌B,44.16,0.0,0.199463,0.232089,1.32,0.192058,0,0.0,0.0,1,1,0.0
0,27-JAN-24,26-JAN-25,2024,1206,354603.4,3544.6,5000000357,2015,3,3,货车,3000.0,宝马,家用,0.0,品牌A,31.4,0.0,0.114236,0.010142,5.77,0.184005,1,72.47,2533.08,0,1,0.0
0,10-APR-24,10-APR-25,2024,1205,336930.68,9781.84,5000000358,2018,7,0,SUV,2700.0,别克,租赁,0.0,品牌E,35.88,0.0,0.015509,0.267935,5.56,0.12899,0,60.19,2770.75,0,1,0.0
1,09-MAY-24,09-MAY-25,2024,1205,177591.99,5154.8,5000000359,2019,2,1,皮卡,4300.0,奥迪,公务,0.0,品牌A,46.38,0.0,0.171773,0.022605,2.33,0.122295,0,0.0,0.0,1,1,0.0
0,15-NOV-23,14-NOV-24,2023,1203,425756.57,12317.74,5000000360,2023,3,15,客车,4500.0,丰田,租赁,11012.79,品牌B,33.14,0.0,0.173644,0.193801,9.91,0.076762,0,0.0,0.0,1,1,3952.12
0,21-JUL-22,21-JUL-23,2022,1203,296225.65,6060.12,5000000361,2021,3,17,货车,5500.0,奥迪,家用,0.0,品牌B,75.39,0.0,0.120319,0.01389,9.38,0.09254,0,71.5,4164.7,0,1,0.0
1,12-APR-24,12-APR-25,2024,1204,453049.3,7014.08,5000000362,2020,7,0,SUV,3000.0,丰田,家用,0.0,品牌B,77.29,0.0,0.052901,0.066382,1.87,0.006511,0,0.0,0.0,0,1,0.0
0,27-OCT-22,27-OCT-23,2022,1201,114400.31,2825.21,5000000363,2017,5,0,轿车,3300.0,丰田,家用,35754.05,品牌C,60.52,72.03,0.053825,0.167818,7.85,0.114615,1,32.69,4966.16,0,1,13942.74
0,16-OCT-22,16-OCT-23,2022,1206,293831.96,8134.07,5000000364,2014,2,17,客车,5200.0,长安,公务,36146.37,品牌A,95.59,0.0,0.114361,0.214909,2.71,0.122509,1,49.87,5177.81,0,1,14104.96
0,13-MAY-24,13-MAY-25,2024,1204,221203.85,2808.66,5000000365,2018,4,0,MPV,1300.0,吉利,家用,16736.38,品牌A,82.07,0.0,0.192995,0.092964,1.44,0.136359,0,0.0,0.0,0,1,5871.67
0,29-MAY-22,29-MAY-23,2022,1205,62044.54,1634.81,5000000366,2019,3,2,客车,4000.0,别克,租赁,0.0,品牌E,78.55,0.0,0.100635,0.089571,6.96,0.072093,0,0.0,0.0,0,1,0.0
0,23-JAN-24,22-JAN-25,2024,1201,223067.85,1321.19,5000000367,2021,4,5,货车,2400.0,别克,家用,0.0,品牌D,83.16,15.41,0.052024,0.260091,2.99,8.6e-05,0,0.0,0.0,0,1,0.0
1,29-NOV-23,28-NOV-24,2023,1201,389753.92,6508.25,5000000368,2022,5,0,轿车,2600.0,丰田,租赁,1528.74,品牌D,63.39,48.4,0.108779,0.184564,7.55,0.013411,0,0.0,0.0,0,1,5363.41
1,19-NOV-23,18-NOV-24,2023,1202,300835.09,2842.29,5000000369,2019,3,14,客车,4800.0,吉利,商用,0.0,品牌C,52.06,22.59,0.172061,0.054022,1.96,0.003653,0,0.0,0.0,1,1,0.0
1,11-MAY-24,11-MAY-25,2024,1205,296676.56,3500.76,5000000370,2014,4,0,轿车,1900.0,丰田,租赁,0.0,品牌B,36.82,0.0,0.134658,0.073375,0.88,0.191575,1,44.58,6029.98,0,1,0.0
1,02-SEP-22,02-SEP-23,2022,1204,199739.53,1027.23,5000000371,2020,7,0,SUV,2300.0,吉利,家用,0.0,品牌C,64.47,88.01,0.053192,0.227391,1.71,0.149756,0,0.0,0.0,1,1,0.0
1,22-OCT-22,22-OCT-23,2022,1203,351778.28,2828.17,5000000372,2013,3,3,客车,2600.0,长安,商用,32126.99,品牌A,90.76,0.0,0.132313,0.215213,6.28,0.173445,1,69.0,3561.45,0,1,10092.67
1,20-FEB-23,20-FEB-24,2023,1202,108247.52,773.34,5000000373,2016,4,0,MPV,1200.0,长安,自用货物,0.0,品牌C,91.25,90.7,0.109646,0.203538,4.04,0.052502,0,0.0,0.0,1,1,0.0
1,10-MAY-24,10-MAY-25,2024,1202,129603.3,3550.73,5000000374,2017,5,0,SUV,3300.0,本田,租赁,0.0,品牌A,83.82,0.0,0.126292,0.103021,8.57,0.088781,1,81.52,6186.28,0,1,0.0
1,09-JUN-23,08-JUN-24,2023,1202,97868.18,1025.46,5000000375,2022,5,0,轿车,2800.0,长安,自用货物,0.0,品牌A,72.7,0.0,0.141567,0.046168,0.69,0.029979,0,51.43,6094.71,0,1,0.0
0,08-OCT-23,07-OCT-24,2023,1202,117448.83,2395.28,5000000376,2022,2,8,货车,4900.0,本田,商用,41532.9,品牌A,49.51,0.0,0.134258,0.072313,0.1,0.067467,0,0.0,0.0,0,1,512.07
0,20-DEC-22,20-DEC-23,2022,1202,262801.42,3458.17,5000000377,2019,5,0,轿车,2900.0,大众,公务,0.0,品牌E,63.37,0.0,0.157308,0.052396,3.36,0.045212,0,0.0,0.0,1,1,0.0
1,24-OCT-22,24-OCT-23,2022,1201,444557.16,4065.17,5000000378,2019,4,0,SUV,2100.0,吉利,自用货物,0.0,品牌B,72.11,0.0,0.134296,0.072314,5.93,0.133852,0,0.0,0.0,0,1,0.0
0,11-DEC-22,11-DEC-23,2022,1201,391336.63,8808.55,5000000379,2022,7,0,SUV,1900.0,大众,公务,0.0,品牌A,91.47,0.0,0.082326,0.11322,0.61,0.169021,0,51.64,6752.14,1,1,0.0
0,03-MAR-24,03-MAR-25,2024,1201,158300.8,2115.7,5000000380,2022,2,13,客车,2800.0,吉利,商用,0.0,品牌C,40.88,60.97,0.157629,0.259189,7.8,0.152491,1,36.09,2352.38,1,1,0.0
1,14-MAY-24,14-MAY-25,2024,1203,285727.78,6183.89,5000000381,2023,4,12,皮卡,4000.0,奥迪,租赁,18281.12,品牌A,55.68,0.0,0.11381,0.038132,1.37,0.185688,0,66.88,2730.37,1,1,15793.31
1,10-JUN-23,09-JUN-24,2023,1203,258242.2,5501.8,5000000382,2015,5,0,MPV,2300.0,比亚迪,家用,0.0,品牌A,86.56,0.0,0.035448,0.048617,0.66,0.199946,0,0.0,0.0,1,1,0.0
0,24-MAY-23,23-MAY-24,2023,1205,135844.2,3849.15,5000000383,2019,4,0,SUV,1700.0,本田,商用,7888.21,品牌C,40.73,28.58,0.089248,0.281395,0.82,0.142713,0,0.0,0.0,0,1,5255.21
1,28-NOV-22,28-NOV-23,2022,1203,458384.34,12435.44,5000000384,2013,5,0,MPV,3200.0,本田,家用,0.0,品牌D,58.53,15.67,0.197713,0.276725,0.51,0.104124,0,0.0,0.0,0,1,0.0
1,09-AUG-23,08-AUG-24,2023,1201,92507.35,2108.14,5000000385,2014,4,0,SUV,1900.0,宝马,自用货物,0.0,品牌D,77.3,93.62,0.038536,0.01379,6.56,0.080389,0,84.03,5788.33,1,1,0.0
0,30-OCT-23,29-OCT-24,2023,1205,193520.17,3006.39,5000000386,2023,5,0,轿车,3000.0,吉利,商用,0.0,品牌B,42.77,0.0,0.016512,0.281494,7.92,0.109886,0,0.0,0.0,0,1,0.0
0,15-FEB-23,15-FEB-24,2023,1203,308639.36,8058.58,5000000387,2021,3,14,皮卡,2600.0,吉利,商用,12875.11,品牌E,71.51,0.0,0.044382,0.217164,6.37,0.007777,0,88.76,3839.63,0,1,11473.22
0,28-AUG-22,28-AUG-23,2022,1202,122437.08,3594.23,5000000388,2022,5,0,MPV,2000.0,丰田,自用货物,0.0,品牌C,68.65,62.57,0.134818,0.026399,2.11,0.146295,1,63.77,3722.76,1,1,0.0
0,24-JUN-22,24-JUN-23,2022,1206,100685.05,1806.04,5000000389,2014,3,16,货车,4000.0,奥迪,商用,0.0,品牌A,62.37,0.0,0.075403,0.015431,9.34,0.002914,1,70.39,6383.61,1,1,0.0
0,26-MAR-23,25-MAR-24,2023,1206,157803.57,3087.52,5000000390,2022,3,16,皮卡,4300.0,别克,租赁,26050.1,品牌D,69.56,51.64,0.089922,0.21732,0.07,0.007396,0,0.0,0.0,0,1,4126.66
0,26-DEC-23,25-DEC-24,2023,1205,223697.49,2014.51,5000000391,2013,7,0,轿车,1100.0,宝马,公务,45343.12,品牌D,46.8,19.89,0.106319,0.168197,3.23,0.019715,1,79.35,6360.96,0,1,641.84
1,25-DEC-22,25-DEC-23,2022,1204,478053.37,9715.0,5000000392,2012,4,0,MPV,2100.0,吉利,租赁,46933.29,品牌B,84.87,0.0,0.150739,0.248542,8.27,0.022045,0,43.31,5592.33,1,1,5732.57
0,10-FEB-23,10-FEB-24,2023,1204,427182.19,10014.85,5000000393,2023,4,0,MPV,3100.0,奔驰,租赁,18911.1,品牌E,73.83,0.0,0.145053,0.091314,4.59,0.109264,0,0.0,0.0,1,1,5511.37
1,27-NOV-23,26-NOV-24,2023,1205,219473.97,4204.5,5000000394,2023,7,0,MPV,1600.0,奥迪,商用,0.0,品牌B,51.25,0.0,0.164278,0.200094,2.67,0.070267,0,60.15,5510.97,0,1,0.0
1,17-OCT-22,17-OCT-23,2022,1206,411108.23,9699.12,5000000395,2014,5,0,轿车,3300.0,奥迪,公务,19561.83,品牌B,92.84,0.0,0.174234,0.186791,2.24,0.061743,1,72.16,2839.46,0,1,19615.8
1,30-JUN-22,30-JUN-23,2022,1205,197346.68,4548.43,5000000396,2018,5,0,SUV,2300.0,大众,商用,0.0,品牌E,60.73,0.0,0.000842,0.150789,1.61,0.012343,0,0.0,0.0,1,1,0.0
1,01-AUG-23,31-JUL-24,2023,1202,232777.34,5124.22,5000000397,2017,7,0,SUV,2700.0,宝马,自用货物,0.0,品牌D,54.13,97.55,0.169724,0.165279,5.71,0.170265,0,59.62,2755.89,1,1,0.0
0,25-NOV-23,24-NOV-24,2023,1201,119064.27,1443.56,5000000398,2023,7,0,SUV,2800.0,奥迪,家用,46225.84,品牌C,99.54,90.65,0.047649,0.114303,6.89,0.054184,0,46.16,2897.25,0,1,19104.55
0,17-DEC-23,16-DEC-24,2023,1204,55457.37,987.9,5000000399,2013,4,18,皮卡,5600.0,吉利,公务,0.0,品牌D,70.14,40.1,0.057178,0.201239,7.29,0.103443,1,67.09,3860.83,0,1,0.0
0,04-JAN-23,04-JAN-24,2023,1204,193690.24,3187.69,5000000400,2013,2,19,客车,4300.0,丰田,自用货物,3447.14,品牌D,48.97,61.91,0.178775,0.087418,0.41,0.004614,0,66.02,2927.49,0,1,13539.75
0,27-MAY-23,26-MAY-24,2023,1206,173759.88,2428.94,5000000401,2017,7,0,MPV,3300.0,别克,租赁,34466.16,品牌E,77.48,0.0,0.191473,0.269754,5.37,0.146238,0,0.0,0.0,0,1,8987.43
1,13-APR-23,12-APR-24,2023,1203,282692.83,6818.12,5000000402,2014,4,3,客车,4600.0,比亚迪,租赁,0.0,品牌A,57.7,0.0,0.149428,0.226306,5.82,0.095912,0,0.0,0.0,1,1,0.0
0,29-SEP-22,29-SEP-23,2022,1205,249274.15,2852.58,5000000403,2015,2,17,货车,4000.0,长安,公务,1571.72,品牌E,93.79,0.0,0.036621,0.187273,2.26,0.150834,1,63.01,3739.0,0,1,14541.62
0,25-FEB-24,24-FEB-25,2024,1201,210314.76,5100.3,5000000404,2015,7,0,SUV,3500.0,长安,家用,0.0,品牌C,85.95,54.25,0.038556,0.254544,4.41,0.004002,0,40.21,6361.45,0,1,0.0
1,24-FEB-24,23-FEB-25,2024,1201,424145.71,9736.58,5000000405,2014,2,12,货车,5800.0,宝马,租赁,0.0,品牌B,40.06,0.0,0.175819,0.212888,8.66,0.192263,1,52.53,4446.61,0,1,0.0
0,26-JAN-24,25-JAN-25,2024,1203,266476.01,5580.01,5000000406,2020,7,0,MPV,2400.0,吉利,自用货物,40494.11,品牌E,67.72,0.0,0.015862,0.19729,6.82,0.045854,0,0.0,0.0,1,1,10500.82
1,27-MAY-23,26-MAY-24,2023,1206,170609.79,4815.6,5000000407,2022,4,0,轿车,2600.0,丰田,公务,0.0,品牌A,45.35,0.0,0.048564,0.135879,5.25,0.117014,1,78.03,6320.74,1,1,0.0
1,11-NOV-22,11-NOV-23,2022,1203,314594.75,4872.4,5000000408,2020,2,4,客车,2600.0,宝马,自用货物,13920.58,品牌B,54.27,0.0,0.085245,0.23985,6.05,0.032003,1,50.82,6014.39,0,1,7345.36
1,18-MAR-24,18-MAR-25,2024,1203,256584.77,4874.86,5000000409,2022,3,12,客车,2800.0,丰田,自用货物,0.0,品牌D,91.84,44.14,0.048008,0.198502,3.05,0.182587,0,0.0,0.0,0,1,0.0
1,03-MAR-23,02-MAR-24,2023,1201,169148.15,4195.41,5000000410,2019,7,0,MPV,2500.0,奔驰,租赁,45736.57,品牌D,95.69,76.65,0.034222,0.195603,9.71,0.054506,0,36.64,4278.08,0,1,4419.94
0,19-APR-23,18-APR-24,2023,1203,335380.37,6655.77,5000000411,2019,4,13,皮卡,2900.0,长安,公务,0.0,品牌A,61.87,0.0,0.192972,0.071164,8.62,0.019135,0,0.0,0.0,1,1,0.0
1,16-DEC-23,15-DEC-24,2023,1203,432266.03,9578.22,5000000412,2020,7,0,SUV,2200.0,比亚迪,商用,31702.78,品牌C,35.69,72.17,0.079372,0.234931,4.7,0.049952,1,56.68,4951.59,1,1,16945.01
1,28-OCT-23,27-OCT-24,2023,1202,126546.64,1017.63,5000000413,2014,4,0,MPV,1600.0,吉利,公务,22528.37,品牌B,84.41,0.0,0.02197,0.187304,4.45,0.069535,1,30.97,3378.47,1,1,15928.37
0,14-MAR-24,14-MAR-25,2024,1205,140897.66,1402.15,5000000414,2021,7,0,SUV,2600.0,别克,自用货物,0.0,品牌E,93.08,0.0,0.190544,0.193222,1.03,0.067895,1,34.95,3276.38,0,1,0.0
1,14-JAN-24,13-JAN-25,2024,1206,271804.73,6594.17,5000000415,2018,2,20,皮卡,5800.0,大众,租赁,0.0,品牌B,58.99,0.0,0.136101,0.296945,7.05,0.036446,0,0.0,0.0,0,1,0.0
1,18-JUN-23,17-JUN-24,2023,1202,487715.45,6598.49,5000000416,2015,2,10,客车,3800.0,长安,家用,4270.04,品牌C,92.91,16.55,0.082551,0.130661,3.48,0.01646,0,0.0,0.0,1,1,16031.95
1,11-OCT-22,11-OCT-23,2022,1205,143988.79,2495.91,5000000417,2022,4,2,皮卡,4100.0,大众,公务,0.0,品牌A,35.08,0.0,0.144912,0.088617,0.86,0.034075,0,53.53,5556.16,0,1,0.0
0,29-JUL-22,29-JUL-23,2022,1201,175561.15,3903.21,5000000418,2019,3,9,皮卡,5500.0,奔驰,商用,16431.56,品牌C,49.28,55.46,0.070951,0.026029,4.21,0.113427,0,0.0,0.0,0,1,9722.4
1,03-MAR-24,03-MAR-25,2024,1203,498048.19,10032.74,5000000419,2014,7,0,MPV,2500.0,大众,租赁,45322.29,品牌E,86.54,0.0,0.085984,0.22261,2.74,0.035019,0,0.0,0.0,0,1,12383.85
1,27-AUG-22,27-AUG-23,2022,1203,399058.59,9417.67,5000000420,2017,5,0,轿车,3200.0,比亚迪,家用,0.0,品牌E,69.06,0.0,0.045471,0.094666,6.33,0.123055,0,0.0,0.0,0,1,0.0
1,23-FEB-24,22-FEB-25,2024,1205,319777.53,7755.57,5000000421,2022,2,10,货车,2300.0,别克,租赁,12512.87,品牌C,35.11,74.83,0.036794,0.247197,4.09,0.102099,0,0.0,0.0,1,1,7386.08
0,07-JUL-22,07-JUL-23,2022,1206,268362.12,7016.69,5000000422,2013,4,0,MPV,1300.0,比亚迪,家用,0.0,品牌B,51.18,0.0,0.129508,0.198285,0.86,0.198965,1,45.42,4509.2,0,1,0.0
1,30-SEP-22,30-SEP-23,2022,1206,62519.07,374.24,5000000423,2019,3,12,货车,4600.0,大众,公务,0.0,品牌A,95.23,0.0,0.109654,0.162754,3.54,0.027743,0,79.3,5501.33,1,1,0.0
0,20-MAY-22,20-MAY-23,2022,1201,177829.99,3982.81,5000000424,2016,7,0,轿车,2100.0,比亚迪,家用,0.0,品牌B,60.56,0.0,0.013783,0.093873,1.15,0.140769,0,0.0,0.0,0,1,0.0
0,22-JAN-23,22-JAN-24,2023,1203,423720.43,8937.45,5000000425,2013,2,5,皮卡,5700.0,别克,商用,0.0,品牌A,30.44,0.0,0.093515,0.234309,0.53,0.035747,0,78.03,3260.06,1,1,0.0
0,22-OCT-23,21-OCT-24,2023,1206,278485.76,2670.39,5000000426,2023,3,19,货车,2200.0,本田,家用,16057.92,品牌E,53.48,0.0,0.079202,0.10487,2.56,0.182894,0,0.0,0.0,1,1,11984.22
1,29-DEC-23,28-DEC-24,2023,1204,366119.07,4263.46,5000000427,2015,3,8,货车,3800.0,本田,公务,22235.85,品牌C,35.15,71.18,0.193209,0.027933,2.18,0.141334,0,88.57,2087.61,0,1,5982.98
0,29-MAY-22,29-MAY-23,2022,1205,352233.23,2665.95,5000000428,2018,3,9,客车,5800.0,本田,自用货物,37768.82,品牌E,99.32,0.0,0.091954,0.164611,8.97,0.141378,0,84.38,2375.25,0,1,7325.18
1,06-DEC-22,06-DEC-23,2022,1202,154235.61,1221.28,5000000429,2016,7,0,SUV,2800.0,丰田,公务,0.0,品牌A,71.82,0.0,0.038418,0.048052,6.45,0.089197,0,74.42,4829.28,1,1,0.0
0,03-AUG-23,02-AUG-24,2023,1201,457702.34,9718.44,5000000430,2020,2,6,货车,3600.0,奥迪,商用,0.0,品牌E,87.42,0.0,0.127007,0.166606,3.99,0.088955,0,0.0,0.0,1,1,0.0
1,24-MAR-24,24-MAR-25,2024,1202,495941.44,9325.64,5000000431,2014,3,7,客车,5200.0,大众,租赁,0.0,品牌E,68.45,0.0,0.173429,0.061118,7.06,0.176071,0,0.0,0.0,1,1,0.0
0,08-MAY-24,08-MAY-25,2024,1206,414583.16,5414.5,5000000432,2022,4,0,SUV,2400.0,吉利,自用货物,0.0,品牌A,87.83,0.0,0.08735,0.264072,3.49,0.143985,1,34.58,4582.4,1,1,0.0
0,20-APR-23,19-APR-24,2023,1204,58610.3,562.76,5000000433,2013,4,0,MPV,1600.0,丰田,租赁,0.0,品牌A,83.24,0.0,0.10934,0.11148,3.76,0.084378,1,67.48,2350.13,1,1,0.0
1,27-MAY-23,26-MAY-24,2023,1204,379890.34,4471.6,5000000434,2020,3,7,客车,2000.0,本田,家用,0.0,品牌B,88.53,0.0,0.060793,0.16963,8.38,0.053717,0,0.0,0.0,0,1,0.0
0,01-NOV-23,31-OCT-24,2023,1205,373704.5,10597.42,5000000435,2014,2,20,货车,3000.0,奥迪,公务,0.0,品牌E,44.5,0.0,0.002808,0.229539,1.06,0.065326,0,0.0,0.0,0,1,0.0
0,24-APR-24,24-APR-25,2024,1201,457903.52,11333.64,5000000436,2022,3,11,皮卡,4100.0,别克,租赁,0.0,品牌E,89.92,0.0,0.122211,0.213721,6.89,0.1444,0,52.45,2013.75,1,1,0.0
1,12-FEB-23,12-FEB-24,2023,1202,289704.05,6297.12,5000000437,2015,4,0,SUV,2500.0,别克,公务,0.0,品牌A,37.33,0.0,0.019993,0.174361,2.4,0.025045,1,70.61,3266.98,0,1,0.0
0,18-DEC-22,18-DEC-23,2022,1205,156757.55,2210.12,5000000438,2014,7,0,MPV,1300.0,奔驰,公务,0.0,品牌C,56.12,88.93,0.020335,0.216523,3.59,0.097784,0,0.0,0.0,0,1,0.0
1,02-OCT-23,01-OCT-24,2023,1204,131380.35,3615.62,5000000439,2016,5,0,SUV,1500.0,本田,自用货物,0.0,品牌D,78.45,57.78,0.156096,0.243911,4.48,0.185715,0,66.97,4444.7,1,1,0.0
0,12-SEP-22,12-SEP-23,2022,1205,66672.99,1825.81,5000000440,2021,3,17,皮卡,3800.0,大众,家用,0.0,品牌D,31.92,26.95,0.179881,0.031651,0.43,0.173547,0,0.0,0.0,1,1,0.0
0,20-NOV-22,20-NOV-23,2022,1206,229187.26,2504.47,5000000441,2022,7,0,MPV,3400.0,别克,公务,0.0,品牌B,81.81,0.0,0.199511,0.058325,5.79,0.085725,0,0.0,0.0,1,1,0.0
0,19-JUL-23,18-JUL-24,2023,1201,463979.08,4786.94,5000000442,2018,3,4,货车,3600.0,奥迪,自用货物,0.0,品牌B,75.53,0.0,0.14218,0.025485,9.75,0.130719,0,0.0,0.0,0,1,0.0
0,17-NOV-22,17-NOV-23,2022,1205,120126.82,1960.91,5000000443,2016,3,14,皮卡,5700.0,本田,自用货物,0.0,品牌C,52.49,11.66,0.13513,0.00692,3.99,0.077425,1,84.61,2116.58,1,1,0.0
1,28-JUN-22,28-JUN-23,2022,1201,316635.54,2360.7,5000000444,2012,2,10,货车,2100.0,长安,商用,0.0,品牌E,52.94,0.0,0.141163,0.014499,4.94,0.0128,0,0.0,0.0,1,1,0.0
0,20-NOV-22,20-NOV-23,2022,1202,124926.64,3655.77,5000000445,2020,7,0,轿车,1100.0,丰田,租赁,1566.79,品牌C,94.84,45.31,0.125546,0.265547,3.7,0.025905,0,54.51,3705.6,0,1,3125.62
1,10-JAN-23,10-JAN-24,2023,1201,341420.86,7961.75,5000000446,2015,3,10,客车,5900.0,长安,自用货物,48106.63,品牌B,87.51,0.0,0.132017,0.046554,0.55,0.017005,1,57.59,6698.62,1,1,12672.27
1,14-NOV-22,14-NOV-23,2022,1201,170426.85,1370.34,5000000447,2019,5,0,SUV,1400.0,本田,自用货物,0.0,品牌E,92.04,0.0,0.018995,0.281767,2.18,0.180149,0,0.0,0.0,1,1,0.0
0,07-AUG-23,06-AUG-24,2023,1202,426811.14,8500.7,5000000448,2020,7,0,轿车,1600.0,奔驰,家用,17206.21,品牌B,64.1,0.0,0.075456,0.208797,2.49,0.044062,0,0.0,0.0,1,1,16307.15
0,29-NOV-23,28-NOV-24,2023,1201,250508.57,4890.58,5000000449,2017,2,15,客车,2700.0,奔驰,自用货物,32101.42,品牌C,61.56,56.62,0.066042,0.262305,2.03,0.152854,1,48.73,3824.9,0,1,11275.72
0,07-JAN-23,07-JAN-24,2023,1204,483318.42,12425.26,5000000450,2013,7,0,SUV,2000.0,宝马,公务,12544.02,品牌A,65.43,0.0,0.018731,0.27322,3.5,0.168863,0,0.0,0.0,0,1,19162.32
1,15-APR-23,14-APR-24,2023,1202,194640.01,2202.73,5000000451,2019,5,0,轿车,2600.0,丰田,公务,0.0,品牌E,94.81,0.0,0.174018,0.022928,4.45,0.053184,0,0.0,0.0,0,1,0.0
1,20-MAR-24,20-MAR-25,2024,1202,415545.0,6526.09,5000000452,2016,4,6,皮卡,6000.0,吉利,租赁,0.0,品牌E,85.69,0.0,0.101931,0.105474,1.85,0.129841,1,53.78,5575.84,0,1,0.0
0,08-JAN-24,07-JAN-25,2024,1206,164692.65,1683.05,5000000453,2023,4,1,客车,2900.0,大众,公务,0.0,品牌E,80.99,0.0,0.185347,0.253846,3.51,0.073518,0,0.0,0.0,0,1,0.0
1,09-SEP-23,08-SEP-24,2023,1204,285485.26,2585.43,5000000454,2017,3,11,客车,4200.0,吉利,自用货物,37798.46,品牌D,89.9,77.8,0.182284,0.205771,1.91,0.072466,0,0.0,0.0,1,1,1154.33
0,24-MAR-23,23-MAR-24,2023,1206,452571.57,8067.72,5000000455,2023,4,0,SUV,1000.0,别克,自用货物,0.0,品牌A,50.63,0.0,0.197339,0.028895,0.28,0.047072,0,0.0,0.0,1,1,0.0
0,29-SEP-23,28-SEP-24,2023,1204,188636.12,2784.81,5000000456,2013,7,0,轿车,3100.0,大众,租赁,0.0,品牌B,64.1,0.0,0.053625,0.01151,4.5,0.006531,1,30.04,6520.68,0,1,0.0
0,23-OCT-23,22-OCT-24,2023,1204,195494.0,4398.44,5000000457,2018,5,0,MPV,2000.0,丰田,租赁,0.0,品牌C,97.37,16.86,0.03887,0.225551,1.63,0.141458,1,67.2,4574.6,0,1,0.0
0,12-SEP-23,11-SEP-24,2023,1202,130282.3,1099.07,5000000458,2019,2,16,皮卡,5900.0,大众,公务,32274.24,品牌A,92.83,0.0,0.090306,0.173133,2.48,0.128362,1,89.44,6686.04,0,1,18552.86
1,25-DEC-23,24-DEC-24,2023,1203,263227.7,7109.62,5000000459,2023,4,0,SUV,2400.0,丰田,家用,0.0,品牌C,62.12,77.81,0.04953,0.26539,5.11,0.043875,0,85.72,4566.18,0,1,0.0
0,20-JUL-23,19-JUL-24,2023,1201,254450.97,3622.35,5000000460,2017,3,11,客车,2600.0,奔驰,商用,0.0,品牌C,57.91,51.72,0.085119,0.086082,2.59,0.183535,0,0.0,0.0,1,1,0.0
0,07-MAY-23,06-MAY-24,2023,1206,429190.01,10818.03,5000000461,2023,4,5,货车,4200.0,奥迪,租赁,0.0,品牌A,33.49,0.0,0.075909,0.290748,6.26,0.010171,1,59.86,6008.11,0,1,0.0
1,27-MAY-22,27-MAY-23,2022,1206,134974.37,1962.24,5000000462,2017,4,0,轿车,2800.0,本田,家用,0.0,品牌A,89.6,0.0,0.141814,0.141844,6.34,0.142663,0,0.0,0.0,1,1,0.0
0,17-FEB-23,17-FEB-24,2023,1206,237559.5,6501.62,5000000463,2014,4,0,SUV,2000.0,奥迪,租赁,0.0,品牌C,70.01,27.64,0.01009,0.28694,1.34,0.123098,1,69.56,6909.7,0,1,0.0
1,14-JUL-22,14-JUL-23,2022,1206,468760.6,13892.08,5000000464,2021,5,0,轿车,1300.0,比亚迪,家用,0.0,品牌A,45.37,0.0,0.153058,0.231066,8.56,0.05221,0,0.0,0.0,1,1,0.0
1,09-NOV-22,09-NOV-23,2022,1206,442214.81,7231.22,5000000465,2018,7,0,SUV,1600.0,丰田,租赁,0.0,品牌D,74.75,38.72,0.11057,0.023661,8.06,0.095412,0,0.0,0.0,0,1,0.0
1,01-JUN-22,01-JUN-23,2022,1203,402368.13,6233.75,5000000466,2017,5,0,SUV,1900.0,奔驰,租赁,13408.36,品牌D,74.63,89.48,0.067071,0.087533,8.61,0.0962,0,55.33,3080.03,0,1,10904.01
1,20-SEP-23,19-SEP-24,2023,1204,314797.87,2502.92,5000000467,2020,2,6,货车,4900.0,丰田,租赁,0.0,品牌C,69.45,54.94,0.149488,0.068303,6.41,0.00694,0,68.42,2054.32,0,1,0.0
0,13-APR-24,13-APR-25,2024,1203,343447.11,9572.2,5000000468,2019,3,16,客车,4000.0,本田,自用货物,0.0,品牌D,34.14,49.8,0.081085,0.002459,5.72,0.097524,0,0.0,0.0,1,1,0.0
1,09-NOV-22,09-NOV-23,2022,1203,400592.57,2634.97,5000000469,2020,4,9,货车,3500.0,长安,租赁,44122.85,品牌B,37.88,0.0,0.121017,0.147077,7.3,0.1984,0,0.0,0.0,1,1,14557.67
1,12-MAY-24,12-MAY-25,2024,1203,191739.19,5161.76,5000000470,2023,5,0,MPV,1800.0,吉利,自用货物,0.0,品牌C,52.47,14.2,0.158875,0.21808,1.45,0.093854,1,61.94,6185.72,0,1,0.0
1,30-JUN-23,29-JUN-24,2023,1201,408879.82,7268.77,5000000471,2017,4,12,客车,2200.0,丰田,租赁,0.0,品牌B,99.44,0.0,0.159637,0.162635,5.87,0.021805,0,0.0,0.0,0,1,0.0
1,09-MAR-23,08-MAR-24,2023,1203,62150.71,1243.3,5000000472,2023,7,0,轿车,2800.0,别克,商用,0.0,品牌E,92.41,0.0,0.082451,0.299601,2.22,0.114286,0,57.28,5817.66,0,1,0.0
0,22-JUN-23,21-JUN-24,2023,1205,466197.6,8172.54,5000000473,2021,5,0,轿车,3100.0,比亚迪,公务,0.0,品牌E,56.08,0.0,0.06102,0.125307,6.6,0.095361,0,0.0,0.0,1,1,0.0
0,17-JAN-24,16-JAN-25,2024,1204,226122.07,4498.2,5000000474,2015,5,0,轿车,3000.0,比亚迪,自用货物,32358.77,品牌B,78.39,0.0,0.012289,0.226661,8.1,0.014558,0,0.0,0.0,1,1,10169.66
1,25-OCT-23,24-OCT-24,2023,1206,465131.54,4256.28,5000000475,2014,4,0,轿车,3100.0,大众,商用,0.0,品牌A,60.77,0.0,0.187754,0.276063,4.52,0.074864,1,50.42,6414.04,0,1,0.0
1,13-JUL-22,13-JUL-23,2022,1205,260371.39,6566.06,5000000476,2013,4,0,轿车,2900.0,长安,公务,0.0,品牌E,70.51,0.0,0.031299,0.011025,9.6,0.140825,1,42.63,2878.68,0,1,0.0
0,23-JUL-23,22-JUL-24,2023,1201,184907.43,2319.37,5000000477,2014,4,15,客车,2800.0,本田,公务,0.0,品牌E,89.7,0.0,0.004784,0.106961,3.37,0.161262,0,69.13,1966.32,1,1,0.0
1,24-APR-23,23-APR-24,2023,1201,459867.65,12084.21,5000000478,2013,5,0,MPV,2300.0,奔驰,家用,47756.98,品牌D,87.82,20.22,0.035747,0.020053,8.03,0.079637,0,0.0,0.0,1,1,15435.16
0,25-MAR-24,25-MAR-25,2024,1201,198089.55,5822.52,5000000479,2016,2,19,皮卡,5600.0,丰田,自用货物,0.0,品牌A,72.82,0.0,0.020961,0.254013,7.55,0.071371,1,43.85,6729.11,1,1,0.0
0,26-FEB-24,25-FEB-25,2024,1206,270559.17,6510.03,5000000480,2014,7,0,SUV,2000.0,比亚迪,自用货物,0.0,品牌E,67.51,0.0,0.118191,0.223174,9.12,0.050584,0,0.0,0.0,1,1,0.0
0,20-MAR-23,19-MAR-24,2023,1202,497995.65,6893.16,5000000481,2014,4,2,客车,3200.0,本田,商用,25515.73,品牌A,92.72,0.0,0.11232,0.280299,2.74,0.187786,0,0.0,0.0,1,1,11641.12
0,18-SEP-22,18-SEP-23,2022,1202,173704.33,4619.39,5000000482,2021,4,0,MPV,3000.0,吉利,家用,0.0,品牌E,49.22,0.0,0.151162,0.283677,0.31,0.176559,0,0.0,0.0,1,1,0.0
0,31-JUL-23,30-JUL-24,2023,1202,487467.85,12954.52,5000000483,2021,4,2,皮卡,3900.0,大众,商用,0.0,品牌C,85.12,32.17,0.049762,0.092129,3.56,0.107048,1,37.01,4584.66,1,1,0.0
0,26-JUL-22,26-JUL-23,2022,1201,69696.01,2006.59,5000000484,2013,4,0,轿车,2900.0,奥迪,家用,0.0,品牌B,43.6,0.0,0.144709,0.278834,0.13,0.168688,1,52.81,5268.15,1,1,0.0
0,25-SEP-23,24-SEP-24,2023,1205,475704.92,6788.04,5000000485,2018,4,1,皮卡,5300.0,奔驰,公务,31761.36,品牌D,65.98,92.52,0.097567,0.150359,2.15,0.118679,0,0.0,0.0,1,1,10792.45
0,22-JAN-24,21-JAN-25,2024,1203,305999.57,8411.33,5000000486,2022,7,0,MPV,2500.0,本田,租赁,45034.82,品牌A,56.6,0.0,0.001587,0.135286,3.17,0.19383,0,0.0,0.0,0,1,15430.23
1,23-JUL-23,22-JUL-24,2023,1202,91763.55,2434.66,5000000487,2015,4,12,皮卡,5500.0,比亚迪,商用,0.0,品牌B,33.15,0.0,0.008581,0.187987,3.74,0.021843,0,0.0,0.0,0,1,0.0
1,27-MAY-23,26-MAY-24,2023,1202,325856.13,4922.34,5000000488,2016,5,0,SUV,2400.0,丰田,租赁,31249.02,品牌B,74.98,0.0,0.168531,0.298531,8.2,0.142904,0,0.0,0.0,0,1,12589.37
1,01-JUL-23,30-JUN-24,2023,1206,187408.19,4192.23,5000000489,2022,3,7,客车,5000.0,别克,公务,0.0,品牌B,77.81,0.0,0.189371,0.283966,9.57,0.133912,0,68.33,3429.8,0,1,0.0
1,15-APR-23,14-APR-24,2023,1203,106923.29,614.4,5000000490,2020,2,17,皮卡,5200.0,奔驰,租赁,0.0,品牌B,90.24,0.0,0.002367,0.239203,1.51,0.092832,1,49.87,6623.04,1,1,0.0
1,23-NOV-23,22-NOV-24,2023,1204,407175.85,2861.79,5000000491,2019,4,0,SUV,2600.0,奔驰,租赁,0.0,品牌B,33.38,0.0,0.075877,0.200746,8.71,0.044967,0,0.0,0.0,0,1,0.0
1,25-DEC-22,25-DEC-23,2022,1204,93443.08,1645.81,5000000492,2015,4,16,货车,2300.0,本田,租赁,0.0,品牌B,99.88,0.0,0.083268,0.262537,1.56,0.161431,0,0.0,0.0,0,1,0.0
0,06-JUL-23,05-JUL-24,2023,1204,172905.48,1874.95,5000000493,2021,4,0,SUV,2600.0,宝马,自用货物,41847.89,品牌D,49.2,28.41,0.056202,0.218729,3.64,0.078555,0,0.0,0.0,1,1,11615.31
0,28-APR-24,28-APR-25,2024,1203,300063.61,2391.09,5000000494,2023,4,4,客车,3400.0,奥迪,租赁,0.0,品牌C,51.38,52.36,0.17234,0.155992,3.39,0.08769,0,0.0,0.0,1,1,0.0
1,05-SEP-22,05-SEP-23,2022,1205,403465.03,9728.54,5000000495,2021,4,0,轿车,1300.0,奥迪,公务,0.0,品牌B,30.38,0.0,0.102616,0.031902,1.22,0.039064,1,40.82,2329.62,1,1,0.0
0,01-NOV-23,31-OCT-24,2023,1201,367874.58,10348.72,5000000496,2021,4,0,SUV,1200.0,奥迪,自用货物,0.0,品牌D,59.75,54.36,0.138519,0.239253,4.68,0.106339,1,87.84,7198.89,1,1,0.0
0,03-MAR-24,03-MAR-25,2024,1204,128295.99,2449.4,5000000497,2018,2,3,客车,2600.0,奔驰,租赁,0.0,品牌B,53.98,0.0,0.186328,0.293953,3.5,0.036698,1,67.67,3082.96,0,1,0.0
1,17-APR-23,16-APR-24,2023,1202,471561.1,2711.45,5000000498,2014,5,0,MPV,1000.0,奥迪,租赁,0.0,品牌C,70.53,28.57,0.188136,0.03406,6.31,0.096721,1,46.39,7132.81,1,1,0.0
1,14-JUN-22,14-JUN-23,2022,1203,319797.6,6360.22,5000000499,2021,5,0,SUV,2300.0,本田,商用,0.0,品牌D,74.36,27.78,0.124694,0.095163,4.78,0.135784,0,0.0,0.0,1,1,0.0
0,19-AUG-23,18-AUG-24,2023,1201,379591.85,4396.23,5000000500,2023,2,9,货车,5300.0,别克,自用货物,25834.35,品牌A,53.12,0.0,0.08388,0.198924,8.49,0.172653,0,0.0,0.0,1,1,8355.02
1,09-MAY-23,08-MAY-24,2023,1205,279789.1,6452.22,5000000501,2013,7,0,MPV,1400.0,大众,租赁,34894.84,品牌E,79.41,0.0,0.147975,0.205486,9.57,0.174713,1,50.36,6836.17,1,1,14879.3
0,01-MAY-23,30-APR-24,2023,1205,162807.3,4420.23,5000000502,2019,3,16,货车,2400.0,吉利,家用,44034.8,品牌C,95.86,85.05,0.156046,0.226243,1.82,0.03258,0,0.0,0.0,1,1,15331.28
1,20-MAR-23,19-MAR-24,2023,1203,363275.74,5333.87,5000000503,2014,3,9,货车,3000.0,大众,家用,0.0,品牌E,93.98,0.0,0.083346,0.066312,8.2,0.117486,0,0.0,0.0,1,1,0.0
1,21-AUG-23,20-AUG-24,2023,1202,222184.09,3314.22,5000000504,2022,5,0,轿车,2100.0,比亚迪,自用货物,0.0,品牌C,68.44,58.19,0.092915,0.160513,2.51,0.039012,0,36.46,4692.07,1,1,0.0
0,19-OCT-22,19-OCT-23,2022,1206,460969.64,4816.32,5000000505,2013,7,0,轿车,3400.0,别克,家用,0.0,品牌B,37.16,0.0,0.135819,0.103215,6.6,0.149512,1,46.63,6498.26,1,1,0.0
0,27-DEC-22,27-DEC-23,2022,1202,455224.91,4334.65,5000000506,2018,2,14,皮卡,3900.0,别克,家用,0.0,品牌D,86.9,99.73,0.096448,0.123147,0.78,0.031037,0,49.46,2867.53,0,1,0.0
1,06-APR-23,05-APR-24,2023,1204,351907.66,6327.07,5000000507,2013,7,0,SUV,1200.0,宝马,自用货物,0.0,品牌C,72.07,60.21,0.085068,0.109984,3.33,0.126921,0,0.0,0.0,0,1,0.0
0,11-FEB-24,10-FEB-25,2024,1206,178015.09,3541.27,5000000508,2022,4,15,货车,4800.0,丰田,商用,0.0,品牌B,64.93,0.0,0.110607,0.16804,7.05,0.110064,1,42.99,4530.34,0,1,0.0
1,19-NOV-23,18-NOV-24,2023,1205,309641.92,3507.25,5000000509,2019,5,0,SUV,1700.0,宝马,家用,0.0,品牌C,53.38,85.3,0.098521,0.110195,0.26,0.038408,0,0.0,0.0,1,1,0.0
0,11-JUN-22,11-JUN-23,2022,1202,90495.87,1757.81,5000000510,2017,2,15,货车,4300.0,比亚迪,家用,0.0,品牌C,93.2,99.97,0.162734,0.133818,0.33,0.094545,0,0.0,0.0,0,1,0.0
0,22-DEC-23,21-DEC-24,2023,1206,404669.95,5380.46,5000000511,2023,2,4,皮卡,5000.0,宝马,自用货物,0.0,品牌D,50.48,58.35,0.066539,0.168282,1.05,0.026994,0,0.0,0.0,1,1,0.0
0,29-AUG-23,28-AUG-24,2023,1204,128532.22,1931.91,5000000512,2018,5,0,轿车,3400.0,本田,公务,0.0,品牌B,70.9,0.0,0.080512,0.127873,2.66,0.110692,0,0.0,0.0,1,1,0.0
0,27-JAN-23,27-JAN-24,2023,1202,225004.51,5621.19,5000000513,2021,4,0,MPV,1500.0,长安,商用,0.0,品牌A,95.51,0.0,0.109041,0.201719,8.28,0.171567,0,0.0,0.0,1,1,0.0
1,20-AUG-22,20-AUG-23,2022,1206,499918.75,10638.12,5000000514,2019,4,2,皮卡,2600.0,宝马,租赁,35333.21,品牌D,50.38,99.24,0.040799,0.077492,5.09,0.148642,0,0.0,0.0,1,1,5276.32
1,27-SEP-22,27-SEP-23,2022,1203,180640.29,1723.37,5000000515,2020,4,8,皮卡,5400.0,宝马,商用,31772.99,品牌B,78.82,0.0,0.179955,0.1439,1.97,0.133434,1,33.11,4025.52,1,1,13909.53
1,05-OCT-23,04-OCT-24,2023,1206,424901.89,5915.16,5000000516,2016,3,12,货车,2500.0,吉利,商用,0.0,品牌D,55.23,71.29,0.147844,0.193262,4.5,0.183814,1,49.91,6220.62,1,1,0.0
0,27-FEB-24,26-FEB-25,2024,1202,284815.29,4391.55,5000000517,2019,4,0,SUV,3200.0,宝马,自用货物,0.0,品牌A,91.33,0.0,0.020117,0.022915,4.77,0.083641,0,32.25,2326.38,1,1,0.0
0,16-FEB-23,16-FEB-24,2023,1203,100932.64,1758.1,5000000518,2017,4,0,轿车,1600.0,别克,公务,0.0,品牌B,66.23,0.0,0.024182,0.275719,3.28,0.128832,1,38.85,5805.27,0,1,0.0
0,01-DEC-22,01-DEC-23,2022,1203,404279.33,11267.36,5000000519,2017,3,4,货车,4000.0,丰田,商用,16468.96,品牌C,58.47,78.2,0.001378,0.028317,9.59,0.069315,1,46.24,6852.85,0,1,18058.31
0,09-OCT-23,08-OCT-24,2023,1202,442978.11,8617.78,5000000520,2019,2,2,货车,5700.0,长安,自用货物,0.0,品牌A,78.72,0.0,0.024294,0.226854,9.43,0.003906,0,0.0,0.0,0,1,0.0
0,12-FEB-24,11-FEB-25,2024,1204,158558.82,2817.69,5000000521,2014,4,15,皮卡,3000.0,奥迪,租赁,8411.04,品牌A,31.22,0.0,0.011482,0.292671,4.09,0.106283,0,51.9,2806.13,1,1,11364.11
0,03-MAY-24,03-MAY-25,2024,1202,243915.79,3056.49,5000000522,2020,2,8,皮卡,3400.0,奔驰,自用货物,0.0,品牌B,67.74,0.0,0.11119,0.017742,0.22,0.052907,0,62.7,4719.07,0,1,0.0
0,12-MAY-24,12-MAY-25,2024,1201,498726.76,11534.69,5000000523,2023,4,0,轿车,3200.0,本田,家用,11704.14,品牌B,37.22,0.0,0.132417,0.255778,4.7,0.091898,0,0.0,0.0,0,1,9269.3
0,12-APR-24,12-APR-25,2024,1204,399125.26,4187.86,5000000524,2024,4,0,MPV,2400.0,本田,家用,0.0,品牌C,94.31,85.25,0.033276,0.063989,5.55,0.181833,0,0.0,0.0,1,1,0.0
0,02-MAY-23,01-MAY-24,2023,1202,200488.21,2326.73,5000000525,2022,7,0,MPV,1100.0,宝马,家用,20287.67,品牌C,81.12,88.69,0.108773,0.186877,0.92,0.015435,0,0.0,0.0,0,1,18861.45
1,22-MAY-23,21-MAY-24,2023,1201,472189.14,2978.52,5000000526,2016,5,0,SUV,2900.0,丰田,公务,3685.43,品牌C,91.23,64.46,0.132905,0.252631,7.92,0.161082,1,67.12,5884.27,1,1,14375.91
1,04-MAY-24,04-MAY-25,2024,1205,477303.96,8496.58,5000000527,2019,3,15,货车,4000.0,吉利,自用货物,0.0,品牌D,89.85,33.62,0.09861,0.147865,4.83,0.003818,0,0.0,0.0,0,1,0.0
1,24-DEC-22,24-DEC-23,2022,1201,77562.46,1194.69,5000000528,2014,4,0,SUV,1600.0,本田,自用货物,0.0,品牌D,94.38,20.54,0.104555,0.082153,7.09,0.188233,0,0.0,0.0,0,1,0.0
1,10-AUG-22,10-AUG-23,2022,1202,487641.24,3145.19,5000000529,2018,2,6,客车,4800.0,宝马,公务,24664.39,品牌E,33.19,0.0,0.181748,0.018739,7.99,0.052291,0,0.0,0.0,0,1,3581.79
0,03-JUL-23,02-JUL-24,2023,1202,336633.61,6862.66,5000000530,2023,3,7,客车,5200.0,奔驰,租赁,4967.83,品牌A,93.27,0.0,0.055334,0.277819,3.18,0.032172,0,0.0,0.0,1,1,12721.85
1,20-MAR-23,19-MAR-24,2023,1201,78491.77,521.97,5000000531,2021,3,14,货车,4700.0,吉利,商用,0.0,品牌B,75.77,0.0,0.055052,0.010957,3.39,0.136466,1,32.8,5837.35,1,1,0.0
1,09-MAY-24,09-MAY-25,2024,1202,478565.27,11024.91,5000000532,2023,2,8,货车,5400.0,奔驰,自用货物,0.0,品牌E,34.96,0.0,0.00193,0.005415,2.61,0.120515,0,31.3,2914.99,0,1,0.0
1,30-AUG-23,29-AUG-24,2023,1201,183816.87,3015.03,5000000533,2017,7,0,SUV,2000.0,奥迪,自用货物,0.0,品牌D,47.89,78.93,0.103978,0.172413,4.9,0.173348,0,0.0,0.0,1,1,0.0
0,27-FEB-24,26-FEB-25,2024,1206,344638.69,9198.3,5000000534,2017,5,0,轿车,1300.0,丰田,自用货物,0.0,品牌C,50.18,37.06,0.02272,0.174438,7.22,0.025775,0,0.0,0.0,0,1,0.0
0,14-JAN-24,13-JAN-25,2024,1206,470699.6,3401.38,5000000535,2015,3,2,皮卡,5000.0,奔驰,公务,36583.51,品牌A,57.27,0.0,0.121167,0.210616,9.17,0.149323,1,31.42,7151.07,0,1,16681.69
1,14-APR-24,14-APR-25,2024,1204,373399.69,11101.07,5000000536,2019,7,0,SUV,2900.0,本田,家用,0.0,品牌A,50.35,0.0,0.062887,0.044003,3.06,0.126569,1,45.51,4562.57,1,1,0.0
0,19-FEB-23,19-FEB-24,2023,1203,359262.1,2954.96,5000000537,2021,3,16,货车,2400.0,比亚迪,家用,41296.33,品牌B,57.41,0.0,0.058029,0.040206,2.92,0.05153,0,31.84,3121.72,0,1,14971.28
0,17-MAR-23,16-MAR-24,2023,1201,174843.82,2928.35,5000000538,2023,5,0,MPV,2100.0,吉利,自用货物,34552.65,品牌A,73.03,0.0,0.038435,0.006951,4.79,0.0968,0,0.0,0.0,1,1,17588.91
0,09-FEB-23,09-FEB-24,2023,1206,80854.8,621.39,5000000539,2021,3,10,货车,3400.0,别克,租赁,0.0,品牌B,73.27,0.0,0.126389,0.149176,3.24,0.116731,0,0.0,0.0,0,1,0.0
0,12-JAN-23,12-JAN-24,2023,1205,63247.47,1586.66,5000000540,2013,4,11,货车,3300.0,丰田,商用,0.0,品牌C,65.42,82.52,0.00077,0.038643,0.5,0.081557,0,0.0,0.0,0,1,0.0
1,17-NOV-22,17-NOV-23,2022,1203,97392.9,2722.13,5000000541,2019,7,0,MPV,2500.0,别克,租赁,0.0,品牌D,60.12,10.88,0.151329,0.235429,8.1,0.139785,0,0.0,0.0,1,1,0.0
1,30-AUG-22,30-AUG-23,2022,1204,59563.36,1564.53,5000000542,2012,2,13,货车,2900.0,长安,自用货物,13072.44,品牌E,80.03,0.0,0.146004,0.081633,1.42,0.031728,0,0.0,0.0,1,1,6508.61
1,03-SEP-23,02-SEP-24,2023,1201,182431.64,3246.14,5000000543,2022,5,0,SUV,3500.0,奔驰,租赁,0.0,品牌C,77.75,42.66,0.151687,0.074962,2.11,0.015119,0,0.0,0.0,0,1,0.0
1,28-OCT-22,28-OCT-23,2022,1205,365811.05,3710.62,5000000544,2018,4,12,皮卡,5500.0,本田,商用,0.0,品牌E,53.1,0.0,0.081046,0.223621,4.1,0.104575,0,38.09,7153.21,1,1,0.0
1,20-FEB-24,19-FEB-25,2024,1205,396111.6,11749.17,5000000545,2015,4,0,轿车,2400.0,大众,家用,0.0,品牌D,88.03,53.79,0.006516,0.25968,6.54,0.025064,0,0.0,0.0,0,1,0.0
1,04-OCT-22,04-OCT-23,2022,1206,492939.53,11418.21,5000000546,2020,3,5,货车,3100.0,吉利,租赁,31775.51,品牌B,91.2,0.0,0.133162,0.103338,8.11,0.123214,0,0.0,0.0,0,1,4245.55
1,10-JUN-23,09-JUN-24,2023,1203,377278.94,9282.92,5000000547,2015,4,0,SUV,2500.0,吉利,公务,0.0,品牌C,48.02,43.77,0.04872,0.007296,8.86,0.079737,0,0.0,0.0,1,1,0.0
0,17-SEP-23,16-SEP-24,2023,1201,240197.74,3397.08,5000000548,2014,4,0,SUV,1700.0,本田,公务,0.0,品牌D,44.53,92.53,0.025492,0.100833,9.4,0.17389,0,0.0,0.0,1,1,0.0
0,13-JUN-23,12-JUN-24,2023,1205,396315.59,2342.68,5000000549,2017,4,17,客车,5100.0,丰田,商用,0.0,品牌C,41.54,26.21,0.06605,0.188195,6.07,0.165277,0,0.0,0.0,1,1,0.0
1,05-JAN-23,05-JAN-24,2023,1206,310262.35,2864.6,5000000550,2016,4,0,MPV,2300.0,长安,自用货物,0.0,品牌B,87.31,0.0,0.129515,0.262424,2.29,0.008618,0,81.44,2372.48,1,1,0.0
0,28-JAN-23,28-JAN-24,2023,1201,253425.05,3493.45,5000000551,2013,7,0,MPV,2000.0,奥迪,家用,0.0,品牌A,48.78,0.0,0.103806,0.075158,3.18,0.188416,1,59.45,6527.97,0,1,0.0
0,02-JAN-24,01-JAN-25,2024,1206,437001.97,2876.9,5000000552,2019,7,0,SUV,2900.0,奥迪,公务,0.0,品牌E,32.51,0.0,0.117801,0.143203,2.93,0.017637,0,0.0,0.0,0,1,0.0
1,15-NOV-23,14-NOV-24,2023,1206,349991.67,2556.98,5000000553,2021,7,0,SUV,3300.0,别克,家用,10119.25,品牌A,55.22,0.0,0.07128,0.118597,9.43,0.07244,1,46.15,3342.77,0,1,5885.95
1,04-OCT-23,03-OCT-24,2023,1201,59993.37,1109.44,5000000554,2018,2,19,客车,5900.0,丰田,家用,0.0,品牌C,49.53,69.06,0.080209,0.224334,8.43,0.036346,1,86.96,7078.14,0,1,0.0
0,17-JAN-24,16-JAN-25,2024,1201,276608.43,2571.83,5000000555,2021,4,0,MPV,2700.0,别克,自用货物,0.0,品牌C,42.01,49.31,0.171327,0.296961,4.92,0.149196,0,0.0,0.0,0,1,0.0
1,03-AUG-23,02-AUG-24,2023,1201,132442.55,1864.37,5000000556,2013,4,0,轿车,2500.0,别克,家用,0.0,品牌C,55.13,14.53,0.195523,0.207708,1.26,0.03465,0,0.0,0.0,0,1,0.0
0,02-MAR-23,01-MAR-24,2023,1204,58827.31,1120.31,5000000557,2021,7,0,轿车,2500.0,宝马,家用,0.0,品牌A,33.47,0.0,0.110518,0.265105,3.51,0.037521,0,46.63,3043.95,1,1,0.0
0,02-NOV-22,02-NOV-23,2022,1206,352578.74,2222.85,5000000558,2012,4,20,皮卡,4200.0,宝马,商用,0.0,品牌E,79.04,0.0,0.090127,0.063374,3.15,0.068978,0,0.0,0.0,1,1,0.0
1,28-NOV-23,27-NOV-24,2023,1204,462946.96,7938.97,5000000559,2023,7,0,轿车,1700.0,别克,家用,0.0,品牌C,61.09,97.9,0.068272,0.058167,1.0,0.012882,0,0.0,0.0,0,1,0.0
0,11-JUL-22,11-JUL-23,2022,1204,227628.09,6356.61,5000000560,2013,5,0,MPV,3000.0,丰田,商用,0.0,品牌C,93.85,82.19,0.043516,0.137335,6.58,0.084527,0,0.0,0.0,1,1,0.0
1,21-OCT-23,20-OCT-24,2023,1202,312781.7,6176.51,5000000561,2021,2,10,货车,2700.0,长安,公务,0.0,品牌C,32.08,43.85,0.004001,0.167719,0.22,0.122477,1,33.63,6536.0,0,1,0.0
0,22-JUL-23,21-JUL-24,2023,1202,134706.1,1387.07,5000000562,2015,4,0,轿车,3200.0,宝马,家用,0.0,品牌B,39.73,0.0,0.162871,0.111429,3.93,0.079657,0,0.0,0.0,1,1,0.0
0,19-DEC-23,18-DEC-24,2023,1205,362539.27,4212.82,5000000563,2015,7,0,SUV,1200.0,长安,租赁,0.0,品牌D,35.66,88.42,0.11055,0.298481,8.22,0.076339,1,71.84,4801.36,0,1,0.0
0,01-SEP-23,31-AUG-24,2023,1206,410116.83,10780.96,5000000564,2023,5,0,轿车,2600.0,大众,自用货物,0.0,品牌A,86.89,0.0,0.156744,0.199165,4.97,0.096838,0,0.0,0.0,0,1,0.0
0,26-NOV-22,26-NOV-23,2022,1206,217628.43,5654.85,5000000565,2017,3,8,货车,3600.0,长安,家用,38541.13,品牌C,30.13,65.1,0.11501,0.10586,6.79,0.141082,0,0.0,0.0,1,1,11313.34
0,23-MAY-22,23-MAY-23,2022,1204,238262.31,1217.07,5000000566,2019,4,1,客车,5400.0,奥迪,商用,21063.34,品牌C,42.77,82.29,0.09079,0.204945,7.96,0.078707,0,0.0,0.0,1,1,518.61
1,12-JUN-22,12-JUN-23,2022,1206,492646.13,9166.69,5000000567,2015,4,16,皮卡,3700.0,长安,租赁,24832.68,品牌D,88.61,39.53,0.179127,0.164241,2.49,0.09233,0,40.43,3127.52,1,1,645.68
0,06-NOV-22,06-NOV-23,2022,1203,235766.39,1743.75,5000000568,2022,3,20,客车,2300.0,比亚迪,自用货物,0.0,品牌A,93.71,0.0,0.192437,0.22442,5.55,0.125395,0,0.0,0.0,1,1,0.0
0,29-AUG-23,28-AUG-24,2023,1203,456958.54,11275.9,5000000569,2020,4,2,货车,3500.0,比亚迪,自用货物,0.0,品牌E,60.95,0.0,0.145872,0.049308,5.11,0.153444,0,35.4,5035.95,0,1,0.0
0,27-DEC-22,27-DEC-23,2022,1202,169364.55,1602.4,5000000570,2016,2,14,货车,2400.0,大众,家用,3891.18,品牌B,98.22,0.0,0.159532,0.271502,6.43,0.116026,0,0.0,0.0,0,1,6874.24
0,23-APR-24,23-APR-25,2024,1202,335568.0,2744.22,5000000571,2019,4,0,轿车,2100.0,长安,公务,0.0,品牌C,56.91,48.55,0.028439,0.09991,9.17,0.141648,1,44.34,6940.15,0,1,0.0
0,05-JUL-23,04-JUL-24,2023,1204,392371.12,10078.28,5000000572,2023,3,1,客车,2400.0,大众,自用货物,0.0,品牌A,77.2,0.0,0.132277,0.250102,3.67,0.000501,0,0.0,0.0,0,1,0.0
0,23-SEP-22,23-SEP-23,2022,1202,221915.98,2346.2,5000000573,2017,3,16,货车,3600.0,宝马,租赁,0.0,品牌B,66.3,0.0,0.047789,0.232685,5.09,0.152607,0,0.0,0.0,1,1,0.0
0,03-MAR-24,03-MAR-25,2024,1201,480658.86,4753.88,5000000574,2018,3,1,客车,5500.0,宝马,公务,21573.48,品牌E,95.85,0.0,0.095984,0.16118,9.45,0.140601,1,49.46,2568.06,0,1,18982.72
0,11-MAR-24,11-MAR-25,2024,1205,460439.2,13548.59,5000000575,2023,4,20,皮卡,3700.0,别克,租赁,0.0,品牌D,62.26,82.47,0.138842,0.27246,7.81,0.094068,0,37.83,6877.17,1,1,0.0
0,17-AUG-23,16-AUG-24,2023,1204,456062.78,10348.8,5000000576,2019,5,0,轿车,3100.0,比亚迪,公务,24747.82,品牌D,87.31,62.0,0.139035,0.155179,2.89,0.029231,0,0.0,0.0,0,1,3480.71
1,10-FEB-24,09-FEB-25,2024,1205,181908.31,1714.01,5000000577,2014,4,5,客车,3500.0,本田,家用,0.0,品牌E,70.87,0.0,0.185206,0.147105,7.81,0.120363,0,50.61,4741.8,0,1,0.0
0,06-FEB-23,06-FEB-24,2023,1202,181450.22,2913.9,5000000578,2016,4,0,轿车,2000.0,奔驰,自用货物,46492.15,品牌B,95.13,0.0,0.032731,0.166498,6.87,0.03188,1,51.43,2187.94,1,1,18599.71
0,02-SEP-23,01-SEP-24,2023,1203,386489.03,10746.15,5000000579,2017,2,3,皮卡,4600.0,比亚迪,商用,0.0,品牌C,77.63,13.97,0.127332,0.199644,3.55,0.085127,0,0.0,0.0,1,1,0.0
1,27-SEP-23,26-SEP-24,2023,1203,248821.71,1315.06,5000000580,2020,2,10,皮卡,2600.0,宝马,租赁,2638.14,品牌A,35.71,0.0,0.179966,0.243922,6.44,0.077794,1,39.2,4381.36,0,1,6967.93
1,10-JAN-24,09-JAN-25,2024,1206,488893.19,3514.53,5000000581,2019,7,0,轿车,2900.0,本田,公务,0.0,品牌B,61.26,0.0,0.0718,0.113559,0.01,0.016834,0,0.0,0.0,1,1,0.0
0,20-AUG-22,20-AUG-23,2022,1201,66336.72,1905.49,5000000582,2012,2,18,货车,2500.0,比亚迪,家用,0.0,品牌A,68.92,0.0,0.198143,0.091589,0.08,0.092484,0,0.0,0.0,0,1,0.0
0,09-JUL-23,08-JUL-24,2023,1205,381917.94,2282.26,5000000583,2018,2,10,货车,4300.0,本田,家用,16029.45,品牌E,43.13,0.0,0.160947,0.11314,6.14,0.135293,1,54.85,6640.03,1,1,16782.31
0,11-SEP-22,11-SEP-23,2022,1203,209273.01,2654.65,5000000584,2022,3,15,皮卡,2200.0,丰田,家用,0.0,品牌C,51.87,34.28,0.133411,0.191408,9.21,0.143232,1,63.85,4449.71,1,1,0.0
0,17-APR-23,16-APR-24,2023,1202,398112.98,11512.52,5000000585,2015,2,17,客车,2400.0,丰田,家用,0.0,品牌B,82.94,0.0,0.133033,0.293689,0.41,0.13083,1,45.53,5115.63,0,1,0.0
1,20-AUG-22,20-AUG-23,2022,1205,202440.2,3554.91,5000000586,2014,7,0,SUV,1000.0,大众,家用,18791.75,品牌E,92.02,0.0,0.031257,0.013777,2.55,0.010354,0,0.0,0.0,1,1,10363.38
0,01-MAR-24,01-MAR-25,2024,1206,107862.45,2429.26,5000000587,2020,2,11,货车,5600.0,大众,公务,0.0,品牌C,57.41,82.55,0.078518,0.265917,2.08,0.105523,0,0.0,0.0,0,1,0.0
1,25-SEP-22,25-SEP-23,2022,1202,104039.61,2853.05,5000000588,2012,5,0,轿车,2400.0,大众,自用货物,8503.62,品牌E,44.11,0.0,0.048909,0.142425,9.64,0.159561,0,0.0,0.0,1,1,18647.37
0,28-MAR-23,27-MAR-24,2023,1205,324820.78,2313.14,5000000589,2020,5,0,轿车,2800.0,大众,自用货物,23605.41,品牌D,43.99,66.39,0.025321,0.184577,7.6,0.134886,0,0.0,0.0,1,1,14640.75
1,03-JAN-24,02-JAN-25,2024,1201,142474.4,2900.98,5000000590,2018,4,0,轿车,1200.0,比亚迪,租赁,23206.52,品牌B,87.95,0.0,0.0571,0.279594,8.8,0.089655,0,0.0,0.0,0,1,4435.9
1,10-AUG-23,09-AUG-24,2023,1201,483341.72,6519.17,5000000591,2021,4,0,SUV,2200.0,比亚迪,自用货物,0.0,品牌E,66.51,0.0,0.081863,0.042717,6.02,0.166011,1,62.73,3615.41,1,1,0.0
0,16-APR-23,15-APR-24,2023,1201,67223.21,1607.21,5000000592,2019,3,3,客车,4400.0,比亚迪,商用,24019.27,品牌B,49.56,0.0,0.14462,0.076221,4.04,0.149932,0,71.15,2535.44,0,1,2425.77
0,26-MAR-23,25-MAR-24,2023,1204,459136.52,8501.57,5000000593,2023,3,2,货车,4100.0,别克,公务,0.0,品牌E,38.09,0.0,0.07531,0.201216,3.05,0.09077,0,0.0,0.0,1,1,0.0
1,23-JAN-23,23-JAN-24,2023,1202,338988.95,9426.2,5000000594,2013,4,19,客车,4200.0,比亚迪,自用货物,0.0,品牌E,81.58,0.0,0.11711,0.174317,1.4,0.058917,1,75.29,7119.68,0,1,0.0
0,28-FEB-23,28-FEB-24,2023,1202,281235.45,3733.81,5000000595,2016,4,13,货车,5100.0,吉利,家用,0.0,品牌E,52.86,0.0,0.175318,0.207553,5.43,0.178132,0,0.0,0.0,1,1,0.0
1,28-JUL-22,28-JUL-23,2022,1205,144537.64,2835.99,5000000596,2016,5,0,SUV,2300.0,奔驰,自用货物,33620.86,品牌E,48.85,0.0,0.009312,0.092634,2.66,0.075552,0,0.0,0.0,1,1,4618.06
1,15-JUL-23,14-JUL-24,2023,1206,327984.98,2592.46,5000000597,2016,7,0,SUV,1900.0,大众,租赁,0.0,品牌B,51.25,0.0,0.006838,0.119047,5.38,0.185107,1,49.37,6827.65,0,1,0.0
1,12-SEP-23,11-SEP-24,2023,1205,298697.82,3391.64,5000000598,2021,4,11,客车,4400.0,本田,家用,0.0,品牌D,54.13,79.62,0.18303,0.128069,9.78,0.065042,0,0.0,0.0,1,1,0.0
0,31-JUL-22,31-JUL-23,2022,1203,447088.32,7479.02,5000000599,2019,7,0,MPV,2200.0,大众,公务,0.0,品牌D,30.36,27.56,0.141331,0.066248,2.77,0.125928,1,86.98,3139.54,0,1,0.0
1,12-JAN-23,12-JAN-24,2023,1203,101928.05,1403.4,5000000600,2022,7,0,SUV,1400.0,比亚迪,公务,3798.53,品牌B,35.4,0.0,0.136031,0.282353,2.74,0.167137,1,62.57,7158.1,1,1,18074.66
1,08-AUG-22,08-AUG-23,2022,1206,318155.98,9296.36,5000000601,2022,3,1,货车,4000.0,奥迪,商用,9169.15,品牌E,39.45,0.0,0.073169,0.235922,8.45,0.107835,0,0.0,0.0,1,1,11083.76
0,16-JAN-24,15-JAN-25,2024,1206,126649.06,2897.11,5000000602,2024,3,4,皮卡,5400.0,本田,家用,21557.29,品牌D,90.65,67.9,0.033846,0.123546,0.07,0.179655,0,0.0,0.0,1,1,2827.63
1,01-SEP-23,31-AUG-24,2023,1204,208556.45,5086.72,5000000603,2019,7,0,SUV,1500.0,本田,家用,0.0,品牌A,81.42,0.0,0.06952,0.229423,3.15,0.05267,1,38.25,2001.12,1,1,0.0
0,24-JUL-22,24-JUL-23,2022,1203,413760.87,10908.35,5000000604,2014,4,0,SUV,1200.0,吉利,租赁,32020.59,品牌C,45.33,11.37,0.035536,0.100217,8.38,0.090033,1,40.16,3080.66,1,1,4291.81
0,27-NOV-23,26-NOV-24,2023,1204,89348.86,1704.84,5000000605,2019,2,8,皮卡,3600.0,奥迪,公务,0.0,品牌C,58.84,12.79,0.150247,0.299296,5.94,0.16387,0,0.0,0.0,0,1,0.0
1,05-SEP-23,04-SEP-24,2023,1202,74677.91,912.94,5000000606,2022,3,6,皮卡,4800.0,宝马,公务,0.0,品牌E,60.96,0.0,0.114734,0.087053,3.27,0.045529,0,0.0,0.0,0,1,0.0
1,17-SEP-23,16-SEP-24,2023,1204,361466.03,4609.62,5000000607,2014,3,19,货车,5300.0,长安,自用货物,36393.52,品牌C,69.88,23.09,0.187167,0.054484,6.93,0.126946,0,62.22,6382.36,1,1,7442.74
0,17-FEB-23,17-FEB-24,2023,1202,86066.82,1421.49,5000000608,2013,5,0,轿车,1900.0,吉利,商用,41548.89,品牌B,85.48,0.0,0.12413,0.009033,7.32,0.006299,1,43.99,2782.18,1,1,7762.86
0,24-APR-23,23-APR-24,2023,1205,449219.62,12601.1,5000000609,2013,7,0,轿车,1700.0,宝马,自用货物,0.0,品牌D,88.75,48.79,0.198181,0.066858,7.12,0.171155,0,0.0,0.0,0,1,0.0
0,15-APR-24,15-APR-25,2024,1202,109974.33,2889.64,5000000610,2022,3,5,皮卡,5400.0,比亚迪,公务,43156.27,品牌E,75.29,0.0,0.11044,0.229582,5.52,0.189268,0,66.18,3502.74,0,1,16192.44
1,15-JUN-22,15-JUN-23,2022,1205,377273.86,5731.2,5000000611,2014,7,0,轿车,1700.0,长安,自用货物,0.0,品牌A,51.92,0.0,0.102875,0.046483,1.42,0.034313,0,0.0,0.0,0,1,0.0
0,09-JUN-22,09-JUN-23,2022,1206,488739.42,8789.82,5000000612,2014,4,19,皮卡,4000.0,本田,租赁,0.0,品牌B,41.87,0.0,0.098359,0.007473,1.55,0.128432,0,0.0,0.0,0,1,0.0
1,19-JUL-22,19-JUL-23,2022,1204,474077.08,7718.83,5000000613,2018,7,0,轿车,3300.0,奥迪,公务,0.0,品牌E,69.36,0.0,0.142443,0.119998,1.88,0.187995,0,0.0,0.0,0,1,0.0
1,03-JUN-23,02-JUN-24,2023,1203,268321.52,7319.08,5000000614,2018,4,0,轿车,2100.0,比亚迪,公务,0.0,品牌C,57.17,68.49,0.164247,0.289178,5.13,0.180213,0,0.0,0.0,0,1,0.0
0,17-APR-23,16-APR-24,2023,1204,437293.62,2396.3,5000000615,2014,2,11,货车,4700.0,比亚迪,租赁,0.0,品牌C,42.37,75.63,0.10164,0.06597,7.84,0.032109,0,58.63,7183.28,0,1,0.0
1,09-FEB-24,08-FEB-25,2024,1204,244204.6,5081.65,5000000616,2024,2,6,货车,2800.0,大众,公务,32087.3,品牌B,39.67,0.0,0.034376,0.297002,1.75,0.018942,0,80.47,5191.44,1,1,9896.26
0,30-MAY-22,30-MAY-23,2022,1201,177140.68,1879.67,5000000617,2012,2,16,客车,4100.0,长安,自用货物,39158.12,品牌A,81.49,0.0,0.040779,0.28476,9.93,0.163936,0,38.53,3597.29,0,1,13085.53
1,26-JUN-23,25-JUN-24,2023,1203,334730.22,7935.45,5000000618,2013,7,0,SUV,1100.0,奥迪,公务,0.0,品牌C,49.6,66.21,0.068529,0.007636,8.1,0.137698,1,33.68,3072.81,0,1,0.0
0,10-OCT-23,09-OCT-24,2023,1202,90516.8,2424.68,5000000619,2017,4,0,SUV,1100.0,长安,家用,0.0,品牌C,37.96,61.88,0.006192,0.082873,7.97,0.129475,0,59.83,3389.94,1,1,0.0
1,13-DEC-23,12-DEC-24,2023,1202,298213.41,7239.14,5000000620,2015,3,8,货车,3000.0,本田,公务,0.0,品牌D,84.13,55.28,0.084385,0.274967,5.74,0.120498,1,77.54,3715.19,0,1,0.0
1,22-OCT-22,22-OCT-23,2022,1201,53828.09,533.15,5000000621,2015,4,5,货车,4400.0,比亚迪,租赁,0.0,品牌C,41.52,85.91,0.08289,0.02528,5.72,0.082299,0,0.0,0.0,1,1,0.0
1,09-SEP-22,09-SEP-23,2022,1202,444612.44,7118.37,5000000622,2022,4,16,皮卡,2000.0,奥迪,租赁,37048.89,品牌A,79.88,0.0,0.08423,0.245171,7.15,0.034524,0,0.0,0.0,1,1,18732.25
0,30-AUG-23,29-AUG-24,2023,1205,358667.2,5725.59,5000000623,2021,2,7,客车,2600.0,比亚迪,商用,0.0,品牌E,89.04,0.0,0.119676,0.065949,3.77,0.119021,0,0.0,0.0,0,1,0.0
1,13-JUL-22,13-JUL-23,2022,1202,291365.81,7206.13,5000000624,2022,4,0,MPV,1100.0,奔驰,商用,0.0,品牌B,57.32,0.0,0.0548,0.24019,5.29,0.149437,0,85.34,2179.14,0,1,0.0
1,29-AUG-23,28-AUG-24,2023,1202,466600.88,13074.33,5000000625,2019,2,16,货车,2200.0,宝马,商用,32404.36,品牌B,58.59,0.0,0.017516,0.161521,7.08,0.081376,0,0.0,0.0,1,1,12442.09
1,17-JAN-23,17-JAN-24,2023,1206,344204.1,4810.65,5000000626,2019,4,2,货车,5500.0,奔驰,租赁,20590.42,品牌D,94.14,62.48,0.049791,0.226552,1.2,0.092414,0,81.08,5081.96,0,1,12011.46
1,02-NOV-22,02-NOV-23,2022,1206,347690.59,8317.98,5000000627,2013,4,19,客车,4000.0,大众,商用,0.0,品牌E,41.72,0.0,0.132367,0.11303,1.14,0.140032,1,82.0,4038.42,1,1,0.0
0,22-MAY-22,22-MAY-23,2022,1202,59857.87,1146.13,5000000628,2013,5,0,MPV,2000.0,吉利,商用,16669.8,品牌D,78.76,51.95,0.026134,0.262279,5.68,0.163748,0,0.0,0.0,1,1,11735.25
1,08-FEB-24,07-FEB-25,2024,1206,78276.2,1594.29,5000000629,2017,4,0,MPV,1900.0,大众,商用,0.0,品牌A,99.24,0.0,0.134394,0.152695,2.14,0.099827,1,63.64,2381.1,0,1,0.0
1,29-JAN-24,28-JAN-25,2024,1204,177207.42,2576.24,5000000630,2016,3,17,客车,4500.0,比亚迪,自用货物,0.0,品牌B,92.65,0.0,0.127795,0.050337,1.61,0.010537,1,37.14,3875.41,1,1,0.0
0,20-SEP-22,20-SEP-23,2022,1203,95566.63,1364.95,5000000631,2020,2,6,皮卡,2700.0,比亚迪,家用,0.0,品牌B,79.08,0.0,0.16961,0.053128,0.57,0.081258,0,0.0,0.0,1,1,0.0
0,03-DEC-23,02-DEC-24,2023,1203,117548.57,3078.0,5000000632,2018,7,0,SUV,3500.0,奥迪,公务,11518.08,品牌D,48.14,21.81,0.036875,0.157588,2.51,0.167819,1,53.32,4943.42,1,1,8375.91
1,27-OCT-23,26-OCT-24,2023,1206,87411.48,1499.27,5000000633,2020,4,7,皮卡,3400.0,丰田,公务,28512.64,品牌C,46.81,92.41,0.093665,0.09554,2.57,0.042802,0,63.92,2043.69,1,1,15556.32
0,06-JAN-24,05-JAN-25,2024,1201,437514.32,7293.96,5000000634,2023,7,0,SUV,3000.0,比亚迪,租赁,0.0,品牌D,95.22,33.1,0.035887,0.070353,0.55,0.065641,0,0.0,0.0,0,1,0.0
1,19-OCT-23,18-OCT-24,2023,1202,104497.08,1691.15,5000000635,2023,5,0,MPV,1200.0,别克,自用货物,0.0,品牌E,68.17,0.0,0.142942,0.004756,6.94,0.102068,0,80.13,6674.58,0,1,0.0
0,13-AUG-23,12-AUG-24,2023,1204,119433.11,2953.79,5000000636,2023,4,2,货车,3300.0,别克,商用,24511.25,品牌D,35.39,51.76,0.136366,0.165617,4.12,0.163823,0,0.0,0.0,0,1,16684.78
0,21-OCT-23,20-OCT-24,2023,1205,100370.88,1122.56,5000000637,2022,4,13,皮卡,4100.0,长安,租赁,0.0,品牌B,95.67,0.0,0.191627,0.274886,3.01,0.008054,1,51.71,1853.2,1,1,0.0
1,15-MAR-24,15-MAR-25,2024,1201,433289.37,9298.29,5000000638,2021,4,0,轿车,1800.0,长安,租赁,0.0,品牌E,67.61,0.0,0.165716,0.002132,7.48,0.191905,0,33.32,4010.33,1,1,0.0
1,23-APR-24,23-APR-25,2024,1203,355885.78,2424.78,5000000639,2017,4,7,货车,3700.0,吉利,租赁,0.0,品牌B,96.19,0.0,0.181522,0.083922,2.06,0.194489,0,73.84,5241.29,1,1,0.0
1,31-MAY-23,30-MAY-24,2023,1206,50542.85,911.16,5000000640,2022,2,11,客车,4800.0,别克,公务,8631.82,品牌D,35.32,44.61,0.141243,0.022529,3.29,0.085978,0,87.66,5153.13,0,1,4356.73
0,12-OCT-22,12-OCT-23,2022,1204,268246.97,5210.99,5000000641,2017,4,0,轿车,3100.0,比亚迪,租赁,25487.31,品牌E,60.23,0.0,0.125206,0.084162,5.06,0.108915,1,51.66,3061.79,0,1,7082.1
0,03-NOV-23,02-NOV-24,2023,1201,367533.52,10988.34,5000000642,2013,7,0,SUV,2600.0,吉利,自用货物,8712.52,品牌E,82.05,0.0,0.18879,0.026158,4.68,0.158178,1,68.46,3030.01,1,1,10676.99
0,25-DEC-23,24-DEC-24,2023,1203,440243.0,9797.41,5000000643,2014,2,11,客车,3800.0,本田,租赁,0.0,品牌A,68.62,0.0,0.043484,0.188453,5.95,0.164509,0,0.0,0.0,1,1,0.0
0,12-MAY-23,11-MAY-24,2023,1204,275050.34,3127.94,5000000644,2020,3,1,皮卡,4400.0,宝马,租赁,0.0,品牌E,44.41,0.0,0.191612,0.060425,1.49,0.033391,1,47.66,4140.13,1,1,0.0
1,14-MAR-23,13-MAR-24,2023,1203,218472.89,1438.77,5000000645,2021,5,0,轿车,1100.0,长安,家用,0.0,品牌C,65.79,45.59,0.148184,0.020728,2.97,0.001264,1,77.5,2415.8,0,1,0.0
0,10-NOV-23,09-NOV-24,2023,1203,178250.62,4269.09,5000000646,2017,5,0,MPV,1900.0,宝马,家用,0.0,品牌D,66.51,54.01,0.008429,0.069258,4.44,0.000447,0,77.45,2732.53,1,1,0.0
0,26-JAN-23,26-JAN-24,2023,1206,283893.92,4099.88,5000000647,2014,4,0,轿车,1600.0,奔驰,自用货物,0.0,品牌C,65.3,25.66,0.018064,0.177638,6.44,0.12889,0,0.0,0.0,1,1,0.0
1,14-JAN-24,13-JAN-25,2024,1205,191896.49,1882.53,5000000648,2022,5,0,轿车,2600.0,奔驰,商用,0.0,品牌C,85.32,51.45,0.131617,0.001394,2.29,0.013414,0,0.0,0.0,0,1,0.0
1,28-JUL-22,28-JUL-23,2022,1206,402783.88,10078.77,5000000649,2013,7,0,SUV,2100.0,长安,家用,38675.62,品牌E,62.37,0.0,0.196726,0.186004,3.29,0.110157,0,0.0,0.0,0,1,6910.18
1,26-JAN-23,26-JAN-24,2023,1203,466941.76,13932.42,5000000650,2020,3,19,客车,4700.0,别克,家用,6406.64,品牌E,58.59,0.0,0.006761,0.022285,7.28,0.07075,1,37.69,6831.71,0,1,16751.46
1,13-APR-23,12-APR-24,2023,1205,427112.72,3621.46,5000000651,2019,5,0,SUV,3000.0,宝马,公务,28662.01,品牌D,53.24,83.35,0.162944,0.041878,7.49,0.016397,0,0.0,0.0,0,1,5329.42
0,02-DEC-23,01-DEC-24,2023,1206,265641.09,6369.72,5000000652,2021,5,0,SUV,2400.0,奔驰,租赁,0.0,品牌C,62.56,62.22,0.174772,0.200992,2.5,0.16363,1,53.03,5133.5,1,1,0.0
0,30-MAY-23,29-MAY-24,2023,1201,410383.42,7320.09,5000000653,2013,4,0,SUV,1500.0,比亚迪,租赁,0.0,品牌C,77.44,33.49,0.134354,0.08432,7.51,0.153124,0,0.0,0.0,1,1,0.0
1,14-AUG-23,13-AUG-24,2023,1202,338056.98,7629.68,5000000654,2021,2,14,客车,3900.0,比亚迪,公务,15286.46,品牌A,56.45,0.0,0.1727,0.068532,8.94,0.194264,0,0.0,0.0,1,1,5679.52
0,25-JUN-22,25-JUN-23,2022,1203,445355.25,11585.64,5000000655,2020,4,0,MPV,2500.0,奔驰,公务,0.0,品牌B,35.24,0.0,0.104166,0.225551,1.57,0.14885,0,60.83,2218.09,1,1,0.0
0,06-JUN-23,05-JUN-24,2023,1204,334483.09,2417.98,5000000656,2019,7,0,SUV,3500.0,奥迪,商用,18311.39,品牌E,72.88,0.0,0.089844,0.13102,0.45,0.040561,0,41.41,2294.03,0,1,15379.37
1,29-NOV-22,29-NOV-23,2022,1202,339095.78,7993.86,5000000657,2013,5,0,MPV,2800.0,本田,公务,0.0,品牌B,32.58,0.0,0.028954,0.25891,7.39,0.065847,0,51.03,6530.12,0,1,0.0
1,03-DEC-22,03-DEC-23,2022,1204,230561.94,4040.03,5000000658,2020,2,19,皮卡,3700.0,大众,家用,3622.33,品牌E,54.78,0.0,0.127888,0.267241,0.71,0.073382,0,51.38,3320.59,1,1,12383.74
1,15-FEB-23,15-FEB-24,2023,1202,242485.76,2815.43,5000000659,2019,5,0,轿车,2100.0,奔驰,租赁,0.0,品牌C,45.6,67.96,0.091199,0.149745,3.08,0.131311,0,0.0,0.0,1,1,0.0
1,02-NOV-22,02-NOV-23,2022,1201,347294.25,2601.76,5000000660,2013,7,0,轿车,2200.0,丰田,租赁,0.0,品牌A,98.02,0.0,0.195186,0.107773,1.49,0.070919,0,0.0,0.0,0,1,0.0
1,25-MAR-23,24-MAR-24,2023,1203,108388.14,1000.02,5000000661,2014,4,1,皮卡,3500.0,别克,租赁,0.0,品牌E,54.74,0.0,0.067545,0.051914,9.58,0.056112,0,0.0,0.0,0,1,0.0
1,28-JUN-22,28-JUN-23,2022,1201,369526.25,10424.88,5000000662,2021,2,19,货车,2700.0,本田,租赁,10252.04,品牌D,46.73,47.4,0.127851,0.094973,0.94,0.013316,0,0.0,0.0,0,1,7814.33
1,04-JAN-23,04-JAN-24,2023,1203,428199.3,4751.63,5000000663,2014,4,0,MPV,2600.0,宝马,家用,0.0,品牌C,66.34,16.57,0.045018,0.202533,8.08,0.102883,1,79.23,3423.14,0,1,0.0
0,08-JUL-22,08-JUL-23,2022,1205,257122.59,1882.38,5000000664,2012,3,9,货车,4300.0,本田,商用,0.0,品牌D,59.71,62.65,0.144706,0.26707,5.99,0.14253,0,73.46,3120.7,1,1,0.0
1,10-MAY-23,09-MAY-24,2023,1205,167425.53,919.57,5000000665,2023,2,11,皮卡,5000.0,奥迪,商用,0.0,品牌B,68.96,0.0,0.194012,0.235976,0.45,0.161837,0,47.68,2348.54,1,1,0.0
0,17-JAN-24,16-JAN-25,2024,1204,233613.36,2591.12,5000000666,2017,7,0,轿车,2300.0,别克,租赁,0.0,品牌E,85.12,0.0,0.17718,0.155891,3.46,0.06526,0,67.68,2715.67,1,1,0.0
0,03-APR-23,02-APR-24,2023,1205,79696.03,1861.93,5000000667,2020,3,17,皮卡,4000.0,奔驰,家用,0.0,品牌D,33.28,16.55,0.126105,0.262722,9.09,0.105426,0,34.52,3474.89,0,1,0.0
0,10-FEB-24,09-FEB-25,2024,1202,79483.85,1928.75,5000000668,2022,5,0,轿车,2500.0,别克,家用,0.0,品牌D,32.45,14.06,0.058376,0.063075,5.2,0.07635,1,51.82,2547.98,1,1,0.0
0,09-MAR-23,08-MAR-24,2023,1201,167973.25,3066.43,5000000669,2022,7,0,MPV,2900.0,宝马,商用,0.0,品牌C,64.52,90.39,0.128401,0.080482,9.95,0.196334,0,0.0,0.0,0,1,0.0
0,09-MAY-24,09-MAY-25,2024,1202,151151.82,1746.81,5000000670,2021,4,0,MPV,1400.0,丰田,自用货物,0.0,品牌E,77.72,0.0,0.029081,0.266457,2.87,0.074854,0,0.0,0.0,1,1,0.0
1,26-AUG-22,26-AUG-23,2022,1204,375468.14,2812.3,5000000671,2022,4,0,MPV,2900.0,奥迪,公务,29803.43,品牌B,94.37,0.0,0.024271,0.293111,0.16,0.187086,0,88.25,3384.56,0,1,17451.78
1,28-JUN-22,28-JUN-23,2022,1204,266181.87,5655.81,5000000672,2019,4,12,皮卡,4700.0,宝马,家用,0.0,品牌D,96.96,93.66,0.169638,0.156651,3.21,0.094289,0,89.04,3876.16,0,1,0.0
1,27-AUG-22,27-AUG-23,2022,1205,234870.78,5183.09,5000000673,2013,5,0,MPV,1500.0,比亚迪,自用货物,0.0,品牌E,75.52,0.0,0.108812,0.091951,7.87,0.10275,0,87.86,4784.72,1,1,0.0
0,23-SEP-22,23-SEP-23,2022,1204,50520.02,1391.9,5000000674,2019,2,8,货车,2900.0,长安,公务,24246.12,品牌A,59.49,0.0,0.042143,0.245769,9.88,0.067751,1,84.07,5904.25,1,1,15294.38
1,18-FEB-23,18-FEB-24,2023,1205,272456.02,7575.85,5000000675,2015,2,6,客车,3300.0,奥迪,自用货物,0.0,品牌D,52.71,81.01,0.117363,0.180094,2.18,0.063059,0,0.0,0.0,1,1,0.0
1,05-APR-23,04-APR-24,2023,1202,228484.72,2650.81,5000000676,2016,7,0,轿车,1400.0,大众,租赁,0.0,品牌E,52.79,0.0,0.166422,0.219692,8.04,0.150807,0,57.58,4240.86,0,1,0.0
0,17-JUL-22,17-JUL-23,2022,1206,261492.82,7068.55,5000000677,2016,4,10,货车,4400.0,大众,商用,12552.15,品牌C,97.16,82.38,0.14702,0.132379,2.13,0.1047,0,64.35,4830.73,1,1,17445.52
1,04-JAN-23,04-JAN-24,2023,1202,286926.91,7486.94,5000000678,2018,5,0,轿车,2900.0,奥迪,公务,0.0,品牌B,82.58,0.0,0.039936,0.011475,8.44,0.187966,1,61.23,2821.36,1,1,0.0
1,29-JUN-22,29-JUN-23,2022,1203,351859.34,4722.62,5000000679,2018,3,3,皮卡,5100.0,长安,商用,0.0,品牌C,50.0,65.5,0.18719,0.244165,0.55,0.116515,0,67.25,3485.84,0,1,0.0
0,10-NOV-23,09-NOV-24,2023,1203,106226.11,2919.94,5000000680,2021,4,0,MPV,2500.0,长安,家用,0.0,品牌A,77.97,0.0,0.165315,0.170438,7.13,0.131113,0,0.0,0.0,1,1,0.0
0,22-DEC-23,21-DEC-24,2023,1202,402207.5,9511.63,5000000681,2018,4,0,轿车,2400.0,宝马,公务,42778.68,品牌E,46.4,0.0,0.003384,0.122824,3.22,0.047728,0,0.0,0.0,1,1,10598.35
1,02-APR-23,01-APR-24,2023,1204,367862.37,7156.77,5000000682,2014,3,15,皮卡,4600.0,比亚迪,租赁,0.0,品牌C,73.17,98.79,0.166641,0.05819,3.4,0.139443,1,88.93,6330.49,1,1,0.0
0,03-DEC-22,03-DEC-23,2022,1204,60749.41,630.65,5000000683,2018,7,0,MPV,2700.0,奔驰,租赁,0.0,品牌B,77.64,0.0,0.151993,0.153506,6.52,0.068627,1,78.08,6588.79,0,1,0.0
1,31-DEC-22,31-DEC-23,2022,1206,475777.11,6691.6,5000000684,2016,4,0,轿车,1700.0,本田,商用,17118.33,品牌C,99.95,45.98,0.091648,0.217467,1.73,0.072284,0,0.0,0.0,0,1,13225.52
0,18-JUL-22,18-JUL-23,2022,1201,450594.74,2988.65,5000000685,2018,5,0,轿车,3300.0,丰田,公务,0.0,品牌E,51.24,0.0,0.182859,0.005606,9.82,0.178297,0,75.09,4336.78,1,1,0.0
0,10-MAY-23,09-MAY-24,2023,1206,294665.54,1822.35,5000000686,2019,4,16,客车,2100.0,比亚迪,家用,0.0,品牌C,67.59,87.43,0.050295,0.024659,2.26,0.031276,0,30.57,3388.7,1,1,0.0
0,01-JUN-22,01-JUN-23,2022,1204,484627.81,5502.35,5000000687,2013,7,0,轿车,2300.0,丰田,家用,0.0,品牌A,80.15,0.0,0.13688,0.260141,7.3,0.061033,1,41.7,2928.35,0,1,0.0
1,24-AUG-23,23-AUG-24,2023,1201,90251.57,1013.28,5000000688,2019,3,7,皮卡,4200.0,比亚迪,商用,19833.59,品牌A,41.75,0.0,0.17329,0.195443,2.46,0.142377,0,0.0,0.0,1,1,3804.64
1,13-JUN-23,12-JUN-24,2023,1201,362697.62,8410.81,5000000689,2013,4,0,SUV,1800.0,丰田,租赁,39874.13,品牌A,33.49,0.0,0.047806,0.128392,8.26,0.112821,0,0.0,0.0,1,1,15623.13
1,17-SEP-22,17-SEP-23,2022,1205,299796.26,6766.52,5000000690,2018,5,0,MPV,2100.0,宝马,公务,0.0,品牌E,87.93,0.0,0.022829,0.073042,0.11,0.169634,0,0.0,0.0,0,1,0.0
0,30-OCT-22,30-OCT-23,2022,1202,122474.4,909.68,5000000691,2022,7,0,MPV,2800.0,宝马,家用,0.0,品牌D,67.52,17.83,0.032069,0.211861,0.23,0.151637,1,83.13,6924.76,0,1,0.0
1,16-MAR-24,16-MAR-25,2024,1203,281763.73,7071.44,5000000692,2016,4,5,货车,5800.0,奥迪,商用,0.0,品牌D,68.58,29.32,0.124337,0.069127,4.82,0.001901,1,53.33,5162.55,1,1,0.0
0,02-MAR-23,01-MAR-24,2023,1203,340091.23,4904.8,5000000693,2019,4,0,轿车,1400.0,大众,公务,12029.42,品牌D,74.88,48.0,0.157278,0.109444,4.53,0.082506,0,0.0,0.0,1,1,16761.02
1,08-SEP-23,07-SEP-24,2023,1202,350234.84,9128.17,5000000694,2020,3,19,货车,2600.0,别克,家用,0.0,品牌D,39.0,16.29,0.028445,0.288742,1.71,0.009226,1,64.83,4446.37,1,1,0.0
1,28-AUG-23,27-AUG-24,2023,1205,482764.03,7202.63,5000000695,2016,5,0,SUV,2700.0,宝马,家用,0.0,品牌C,61.8,10.39,0.063262,0.10836,7.11,0.127035,0,0.0,0.0,1,1,0.0
0,22-APR-23,21-APR-24,2023,1206,339864.72,6390.39,5000000696,2023,3,7,客车,2900.0,宝马,商用,0.0,品牌A,58.06,0.0,0.095692,0.021422,4.35,0.108664,0,0.0,0.0,0,1,0.0
1,15-NOV-22,15-NOV-23,2022,1204,406191.04,11494.11,5000000697,2015,5,0,轿车,2500.0,大众,商用,0.0,品牌A,68.51,0.0,0.011983,0.043421,0.74,0.19418,1,45.6,2045.69,1,1,0.0
1,26-MAR-23,25-MAR-24,2023,1201,272690.92,2658.16,5000000698,2022,3,7,货车,2600.0,宝马,租赁,45400.15,品牌E,34.24,0.0,0.114568,0.252047,7.58,0.024825,0,40.39,4355.58,0,1,10119.1
1,01-FEB-23,01-FEB-24,2023,1201,222103.17,4523.08,5000000699,2020,4,0,SUV,2700.0,奥迪,商用,0.0,品牌E,31.67,0.0,0.117088,0.26058,4.06,0.03867,0,0.0,0.0,1,1,0.0
0,15-APR-23,14-APR-24,2023,1201,340334.36,3528.27,5000000700,2018,4,8,货车,3700.0,大众,公务,0.0,品牌A,69.24,0.0,0.014738,0.269123,9.79,0.070059,0,0.0,0.0,1,1,0.0
1,24-JUL-23,23-JUL-24,2023,1202,471736.63,8130.74,5000000701,2014,4,14,客车,2700.0,比亚迪,公务,0.0,品牌D,59.02,14.23,0.090989,0.247951,5.57,0.12695,1,62.86,6050.05,0,1,0.0
0,11-NOV-22,11-NOV-23,2022,1204,342756.42,10224.05,5000000702,2019,4,0,MPV,2400.0,吉利,自用货物,0.0,品牌B,63.55,0.0,0.149521,0.18155,5.43,0.017436,1,58.64,3841.64,1,1,0.0
1,30-NOV-23,29-NOV-24,2023,1204,52242.79,953.21,5000000703,2015,2,16,货车,4100.0,别克,租赁,0.0,品牌C,77.76,76.54,0.15291,0.199953,1.58,0.108523,0,0.0,0.0,0,1,0.0
0,08-JUN-23,07-JUN-24,2023,1203,109391.94,1221.8,5000000704,2022,2,3,货车,5600.0,奔驰,公务,0.0,品牌E,80.29,0.0,0.058313,0.29252,1.19,0.143367,0,36.36,4007.83,1,1,0.0
0,05-MAY-23,04-MAY-24,2023,1205,373834.49,4483.39,5000000705,2020,7,0,轿车,2900.0,吉利,公务,0.0,品牌A,63.73,0.0,0.071123,0.021024,4.61,0.049224,1,52.65,2828.59,1,1,0.0
0,20-JUN-23,19-JUN-24,2023,1204,301084.73,6446.07,5000000706,2013,2,20,货车,4400.0,本田,自用货物,0.0,品牌D,92.92,57.64,0.164748,0.107103,1.3,0.140075,0,0.0,0.0,0,1,0.0
0,07-JAN-24,06-JAN-25,2024,1206,423959.72,5731.62,5000000707,2022,7,0,SUV,2900.0,长安,商用,0.0,品牌A,57.74,0.0,0.045678,0.070638,2.73,0.159135,0,0.0,0.0,0,1,0.0
0,03-FEB-24,02-FEB-25,2024,1205,91164.41,2195.67,5000000708,2018,7,0,MPV,1100.0,奔驰,租赁,0.0,品牌A,95.71,0.0,0.119741,0.045711,5.41,0.06732,0,0.0,0.0,1,1,0.0
0,14-NOV-22,14-NOV-23,2022,1203,133471.78,768.27,5000000709,2019,5,0,SUV,1700.0,别克,家用,0.0,品牌A,75.83,0.0,0.165794,0.199534,8.36,0.064499,0,0.0,0.0,1,1,0.0
0,12-JUL-23,11-JUL-24,2023,1202,459526.39,10947.22,5000000710,2023,7,0,SUV,2500.0,别克,家用,36700.18,品牌D,94.84,74.02,0.133061,0.210015,8.41,0.115,0,69.21,4347.3,0,1,17093.93
1,12-OCT-22,12-OCT-23,2022,1202,301565.65,4083.29,5000000711,2019,4,20,货车,5000.0,本田,自用货物,2396.29,品牌B,97.82,0.0,0.11611,0.005656,8.69,0.114205,0,0.0,0.0,0,1,6842.31
1,09-MAR-23,08-MAR-24,2023,1202,79101.3,415.26,5000000712,2022,3,20,客车,3100.0,奥迪,家用,0.0,品牌C,51.86,90.89,0.148569,0.261068,1.41,0.149685,0,0.0,0.0,1,1,0.0
1,13-FEB-24,12-FEB-25,2024,1205,439031.43,4102.56,5000000713,2023,4,0,MPV,1700.0,奥迪,家用,17926.06,品牌C,58.11,12.7,0.044616,0.147196,2.67,0.127731,0,49.47,2280.45,0,1,9682.69
1,09-FEB-23,09-FEB-24,2023,1205,100544.74,1989.58,5000000714,2019,4,0,MPV,2200.0,别克,公务,38916.38,品牌B,47.44,0.0,0.125512,0.216857,2.02,0.158226,0,0.0,0.0,0,1,1002.08
0,10-NOV-23,09-NOV-24,2023,1203,282562.17,6071.98,5000000715,2022,3,5,货车,4100.0,长安,家用,0.0,品牌D,69.67,52.3,0.002681,0.207685,0.51,0.031483,0,36.53,4638.67,0,1,0.0
0,02-SEP-22,02-SEP-23,2022,1203,273080.94,2358.41,5000000716,2018,7,0,MPV,2900.0,别克,公务,0.0,品牌A,57.13,0.0,0.126068,0.006157,6.6,0.196135,0,0.0,0.0,1,1,0.0
0,01-JAN-24,31-DEC-24,2024,1205,306529.54,2703.81,5000000717,2018,5,0,MPV,1100.0,本田,租赁,2758.98,品牌B,93.94,0.0,0.042599,0.052334,0.73,0.017803,1,64.85,5859.39,1,1,2532.74
1,11-DEC-22,11-DEC-23,2022,1201,344361.88,5602.81,5000000718,2017,5,0,轿车,1900.0,奔驰,商用,0.0,品牌D,88.88,66.96,0.134979,0.203829,7.02,0.076923,0,0.0,0.0,0,1,0.0
0,30-JUN-23,29-JUN-24,2023,1204,377906.13,4625.61,5000000719,2023,5,0,SUV,3300.0,别克,租赁,43170.32,品牌B,42.24,0.0,0.189593,0.076205,3.95,0.17513,0,0.0,0.0,1,1,8936.47
0,04-DEC-22,04-DEC-23,2022,1205,434732.32,10454.25,5000000720,2022,4,0,MPV,2100.0,吉利,商用,0.0,品牌A,67.85,0.0,0.182477,0.159822,6.35,0.176232,1,31.56,5298.59,1,1,0.0
0,25-DEC-23,24-DEC-24,2023,1202,100955.64,2081.04,5000000721,2021,4,16,客车,2800.0,奥迪,商用,0.0,品牌D,99.14,28.35,0.177286,0.002652,5.18,0.147043,0,0.0,0.0,0,1,0.0
1,17-MAR-24,17-MAR-25,2024,1202,379290.64,11001.46,5000000722,2024,2,4,货车,2000.0,本田,商用,0.0,品牌C,69.85,40.6,0.192101,0.156659,2.09,0.011306,0,67.36,4051.57,1,1,0.0
0,09-FEB-23,09-FEB-24,2023,1201,423600.64,4228.42,5000000723,2019,2,15,客车,4500.0,长安,自用货物,0.0,品牌E,56.5,0.0,0.101416,0.245296,1.23,0.115179,0,69.82,3446.57,1,1,0.0
1,13-JAN-23,13-JAN-24,2023,1204,62864.49,1841.94,5000000724,2022,4,0,MPV,3300.0,本田,商用,0.0,品牌E,65.21,0.0,0.185539,0.076336,8.68,0.047558,0,62.44,5719.88,1,1,0.0
0,29-AUG-22,29-AUG-23,2022,1206,287553.36,4713.85,5000000725,2018,7,0,轿车,2400.0,奥迪,家用,0.0,品牌E,59.77,0.0,0.199479,0.297374,3.4,0.107614,0,0.0,0.0,1,1,0.0
1,21-NOV-22,21-NOV-23,2022,1201,314976.16,4932.08,5000000726,2022,2,2,皮卡,4900.0,大众,租赁,39409.55,品牌A,75.86,0.0,0.186312,0.223125,0.47,0.165119,0,0.0,0.0,0,1,18605.1
1,23-SEP-23,22-SEP-24,2023,1203,489796.14,10764.76,5000000727,2022,5,0,轿车,2800.0,比亚迪,自用货物,0.0,品牌A,36.45,0.0,0.174105,0.029568,8.13,0.090598,0,0.0,0.0,1,1,0.0
1,30-AUG-22,30-AUG-23,2022,1204,307921.78,3048.57,5000000728,2021,4,12,客车,3900.0,大众,商用,30943.24,品牌D,99.96,22.46,0.065569,0.246643,1.58,0.18864,1,50.43,3512.68,0,1,7743.61
1,17-SEP-23,16-SEP-24,2023,1201,223366.78,4271.79,5000000729,2017,5,0,轿车,2300.0,丰田,家用,0.0,品牌C,61.61,98.43,0.177294,0.223711,0.87,0.013903,0,36.84,5193.78,0,1,0.0
1,14-NOV-23,13-NOV-24,2023,1204,197613.76,4880.27,5000000730,2021,2,10,客车,6000.0,长安,公务,0.0,品牌D,98.0,90.71,0.054432,0.011076,2.26,0.180727,0,0.0,0.0,1,1,0.0
0,20-DEC-22,20-DEC-23,2022,1204,433863.01,7602.04,5000000731,2021,7,0,SUV,3000.0,大众,家用,0.0,品牌E,70.86,0.0,0.036569,0.259634,2.17,0.087354,1,42.92,6952.02,1,1,0.0
1,02-OCT-23,01-OCT-24,2023,1206,130323.51,2282.59,5000000732,2019,7,0,MPV,2700.0,奥迪,公务,30406.68,品牌A,69.8,0.0,0.065354,0.277967,9.16,0.04676,0,0.0,0.0,1,1,17840.75
1,22-FEB-23,22-FEB-24,2023,1204,174172.04,4516.74,5000000733,2023,5,0,SUV,1600.0,宝马,家用,33674.41,品牌B,45.39,0.0,0.091126,0.029921,9.34,0.125395,0,82.69,3244.72,1,1,7704.49
1,18-APR-24,18-APR-25,2024,1206,145385.53,2308.15,5000000734,2014,2,14,皮卡,2200.0,奔驰,家用,19501.81,品牌D,32.61,40.33,0.174784,0.181413,5.18,0.118885,0,63.94,5630.76,1,1,5238.43
1,28-AUG-23,27-AUG-24,2023,1203,145063.0,4196.6,5000000735,2017,4,19,货车,3400.0,比亚迪,商用,0.0,品牌C,45.72,93.68,0.024001,0.075119,5.54,0.055604,0,72.86,1947.23,0,1,0.0
1,20-OCT-23,19-OCT-24,2023,1205,186214.1,1780.91,5000000736,2021,5,0,SUV,2000.0,比亚迪,商用,0.0,品牌B,96.64,0.0,0.15492,0.275526,5.01,0.04615,0,0.0,0.0,1,1,0.0
1,28-NOV-22,28-NOV-23,2022,1205,110880.64,2779.76,5000000737,2013,7,0,SUV,1400.0,本田,家用,0.0,品牌E,51.57,0.0,0.069354,0.020952,2.22,0.083558,0,0.0,0.0,0,1,0.0
0,06-MAR-24,06-MAR-25,2024,1205,95041.25,1107.87,5000000738,2022,4,8,客车,5000.0,大众,家用,0.0,品牌D,67.49,94.81,0.119786,0.28194,8.58,0.172822,0,0.0,0.0,0,1,0.0
1,16-FEB-23,16-FEB-24,2023,1205,119558.28,3166.23,5000000739,2022,2,16,皮卡,3000.0,本田,公务,0.0,品牌E,69.48,0.0,0.04226,0.242442,6.48,0.1252,0,74.63,2270.97,0,1,0.0
0,04-APR-23,03-APR-24,2023,1204,415539.68,4116.01,5000000740,2017,4,11,客车,2300.0,比亚迪,家用,0.0,品牌D,68.24,72.35,0.157254,0.176594,0.83,0.038204,1,70.83,5959.68,1,1,0.0
1,19-MAR-24,19-MAR-25,2024,1205,346781.05,1895.9,5000000741,2022,5,0,SUV,2200.0,本田,商用,33777.93,品牌B,42.8,0.0,0.132819,0.206182,2.37,0.123507,0,0.0,0.0,1,1,777.59
1,20-OCT-23,19-OCT-24,2023,1202,217832.05,4344.79,5000000742,2014,4,9,客车,5200.0,宝马,家用,0.0,品牌A,34.58,0.0,0.169339,0.045045,4.97,0.048923,0,0.0,0.0,0,1,0.0
1,22-FEB-23,22-FEB-24,2023,1206,271768.94,7786.96,5000000743,2013,7,0,SUV,2300.0,长安,公务,0.0,品牌D,82.47,65.43,0.091375,0.114138,9.11,0.162422,0,52.0,5821.19,0,1,0.0
0,25-FEB-23,25-FEB-24,2023,1206,487296.87,8232.91,5000000744,2013,7,0,MPV,1200.0,比亚迪,租赁,38311.43,品牌A,68.88,0.0,0.117883,0.151859,3.19,0.031901,1,62.74,2301.95,1,1,19221.67
0,02-JAN-23,02-JAN-24,2023,1201,224731.61,4374.96,5000000745,2016,3,3,货车,5400.0,比亚迪,公务,0.0,品牌A,57.81,0.0,0.1237,0.168931,9.32,0.087962,0,0.0,0.0,0,1,0.0
0,18-MAR-24,18-MAR-25,2024,1201,401409.11,8384.69,5000000746,2023,5,0,SUV,2300.0,吉利,商用,0.0,品牌C,51.21,82.04,0.082895,0.292756,9.19,0.005092,0,62.87,6046.33,1,1,0.0
0,07-JUL-22,07-JUL-23,2022,1205,160911.51,2237.89,5000000747,2020,4,0,SUV,2600.0,别克,公务,0.0,品牌C,83.82,65.26,0.147274,0.277657,1.88,0.12753,0,0.0,0.0,0,1,0.0
0,11-DEC-23,10-DEC-24,2023,1202,309731.43,8493.94,5000000748,2021,4,2,货车,3100.0,宝马,租赁,6432.46,品牌B,84.44,0.0,0.16163,0.038156,4.88,0.191411,0,0.0,0.0,0,1,16611.28
1,10-MAY-23,09-MAY-24,2023,1204,280730.95,7185.12,5000000749,2023,7,0,SUV,3000.0,丰田,公务,0.0,品牌B,98.08,0.0,0.141333,0.231563,7.86,0.035262,0,0.0,0.0,1,1,0.0
0,24-MAR-23,23-MAR-24,2023,1201,391006.55,8776.43,5000000750,2022,3,10,客车,6000.0,本田,租赁,0.0,品牌C,43.15,42.65,0.03968,0.034595,9.44,0.18481,0,0.0,0.0,0,1,0.0
0,05-MAR-24,05-MAR-25,2024,1203,224042.73,5820.19,5000000751,2021,4,0,轿车,2900.0,长安,租赁,0.0,品牌C,62.13,42.63,0.116563,0.103334,7.15,0.190661,0,0.0,0.0,0,1,0.0
0,13-MAY-24,13-MAY-25,2024,1205,268047.54,3262.62,5000000752,2017,2,2,皮卡,4500.0,本田,公务,14127.17,品牌E,79.26,0.0,0.132898,0.231829,3.54,0.0538,0,0.0,0.0,1,1,9722.13
0,17-JUL-23,16-JUL-24,2023,1204,279439.71,5178.62,5000000753,2020,5,0,MPV,1100.0,丰田,公务,0.0,品牌B,44.44,0.0,0.167113,0.089077,2.67,0.021331,0,0.0,0.0,0,1,0.0
1,18-NOV-22,18-NOV-23,2022,1202,437556.9,5065.44,5000000754,2020,2,8,货车,4000.0,丰田,商用,33672.02,品牌B,89.21,0.0,0.085874,0.136068,8.82,0.032444,0,0.0,0.0,1,1,5066.02
0,27-FEB-24,26-FEB-25,2024,1204,55533.63,1025.08,5000000755,2016,3,9,客车,5800.0,比亚迪,公务,0.0,品牌D,52.29,53.14,0.179379,0.040295,8.97,0.007857,0,0.0,0.0,0,1,0.0
0,11-AUG-22,11-AUG-23,2022,1206,433726.98,5199.32,5000000756,2015,7,0,SUV,2900.0,本田,商用,0.0,品牌B,31.71,0.0,0.160344,0.141721,9.37,0.188262,0,0.0,0.0,0,1,0.0
1,08-JUN-23,07-JUN-24,2023,1206,225737.63,3780.36,5000000757,2019,4,0,SUV,1400.0,奔驰,家用,21973.07,品牌A,70.21,0.0,0.166543,0.266167,4.2,0.132533,0,71.02,7058.63,0,1,6458.87
0,29-DEC-22,29-DEC-23,2022,1205,266501.18,7761.34,5000000758,2013,2,8,货车,5700.0,丰田,自用货物,42169.31,品牌E,80.07,0.0,0.113073,0.198741,3.44,0.197946,0,0.0,0.0,0,1,19917.54
1,21-DEC-23,20-DEC-24,2023,1206,425068.3,11306.07,5000000759,2023,5,0,SUV,3200.0,长安,租赁,34867.69,品牌C,67.17,87.67,0.030701,0.095455,7.28,0.066447,0,0.0,0.0,0,1,4435.28
0,11-JUN-23,10-JUN-24,2023,1203,213817.15,3286.84,5000000760,2017,5,0,MPV,1500.0,比亚迪,自用货物,0.0,品牌D,93.88,57.45,0.114577,0.013554,1.48,0.094677,0,0.0,0.0,1,1,0.0
1,22-MAR-23,21-MAR-24,2023,1201,78605.99,1676.55,5000000761,2020,4,8,货车,4100.0,大众,公务,28354.95,品牌D,34.86,24.11,0.187374,0.056225,2.8,0.048194,1,65.36,2660.52,1,1,15976.85
0,29-FEB-24,28-FEB-25,2024,1205,167330.5,1211.99,5000000762,2014,4,0,轿车,1600.0,大众,自用货物,0.0,品牌C,67.37,91.24,0.184359,0.276612,3.83,0.072122,0,0.0,0.0,0,1,0.0
0,11-NOV-22,11-NOV-23,2022,1204,470633.31,10199.13,5000000763,2017,3,17,皮卡,2300.0,宝马,公务,0.0,品牌A,99.18,0.0,0.182413,0.261982,9.86,0.048043,0,0.0,0.0,1,1,0.0
0,12-APR-24,12-APR-25,2024,1206,412672.12,8238.65,5000000764,2014,2,1,皮卡,5600.0,丰田,家用,0.0,品牌C,40.83,93.95,0.07574,0.11225,0.61,0.085227,0,0.0,0.0,1,1,0.0
0,02-FEB-23,02-FEB-24,2023,1202,86250.08,1164.43,5000000765,2016,2,9,皮卡,3100.0,大众,公务,0.0,品牌E,35.52,0.0,0.115916,0.050267,7.81,0.001404,0,44.74,6453.07,0,1,0.0
0,26-SEP-23,25-SEP-24,2023,1201,171007.37,4434.77,5000000766,2016,3,8,货车,2200.0,奔驰,自用货物,0.0,品牌C,50.38,43.15,0.070529,0.266426,6.68,0.136117,0,48.36,3358.48,0,1,0.0
0,14-MAR-24,14-MAR-25,2024,1201,327717.28,5332.06,5000000767,2021,4,0,轿车,1500.0,大众,自用货物,0.0,品牌B,80.33,0.0,0.151362,0.274172,7.97,0.113257,0,86.54,4121.69,1,1,0.0
1,23-NOV-22,23-NOV-23,2022,1202,272845.72,7011.32,5000000768,2020,4,0,MPV,3000.0,本田,家用,0.0,品牌C,86.28,63.75,0.157953,0.05727,5.89,0.154971,0,0.0,0.0,1,1,0.0
0,02-NOV-22,02-NOV-23,2022,1204,225509.03,2675.5,5000000769,2014,2,6,货车,4100.0,奥迪,自用货物,0.0,品牌A,50.39,0.0,0.149012,0.254779,7.82,0.041497,0,0.0,0.0,0,1,0.0
1,07-NOV-23,06-NOV-24,2023,1205,62476.74,1495.67,5000000770,2020,5,0,轿车,1700.0,本田,租赁,0.0,品牌D,55.87,75.25,0.10206,0.295958,4.2,0.080125,0,71.78,4243.51,0,1,0.0
0,08-AUG-22,08-AUG-23,2022,1204,349038.65,5325.14,5000000771,2012,2,16,客车,4300.0,大众,家用,0.0,品牌B,92.97,0.0,0.021817,0.152882,1.03,0.011551,0,0.0,0.0,1,1,0.0
1,29-AUG-23,28-AUG-24,2023,1203,396147.5,4873.72,5000000772,2018,5,0,轿车,1200.0,奔驰,家用,0.0,品牌B,48.38,0.0,0.11866,0.104552,9.3,0.172643,0,0.0,0.0,1,1,0.0
1,29-JAN-23,29-JAN-24,2023,1204,478444.97,3114.32,5000000773,2023,2,7,客车,5200.0,本田,租赁,0.0,品牌C,66.99,58.73,0.096745,0.154853,9.99,0.165274,1,89.22,6732.04,0,1,0.0
0,05-DEC-23,04-DEC-24,2023,1205,117921.42,783.48,5000000774,2023,3,4,皮卡,5800.0,丰田,自用货物,0.0,品牌D,85.05,41.06,0.142205,0.19342,4.11,0.164797,0,86.99,6242.19,0,1,0.0
1,10-FEB-23,10-FEB-24,2023,1205,146572.01,2941.99,5000000775,2019,5,0,SUV,3000.0,比亚迪,租赁,0.0,品牌B,82.27,0.0,0.139105,0.000623,7.63,0.008751,0,72.02,5577.65,1,1,0.0
0,21-DEC-22,21-DEC-23,2022,1203,333985.88,2479.62,5000000776,2014,4,20,客车,2600.0,宝马,家用,17568.0,品牌C,88.24,16.96,0.185353,0.025297,9.41,0.187903,0,59.76,6156.39,0,1,17310.08
0,06-JUL-22,06-JUL-23,2022,1202,80302.61,1657.51,5000000777,2019,4,6,货车,2300.0,长安,租赁,0.0,品牌E,52.96,0.0,0.025946,0.067282,5.31,0.107134,0,0.0,0.0,1,1,0.0
0,04-MAY-23,03-MAY-24,2023,1202,94726.4,1162.31,5000000778,2019,5,0,MPV,2000.0,长安,租赁,46391.56,品牌D,71.36,75.66,0.106838,0.12382,4.82,0.008413,1,32.2,5132.27,1,1,4384.45
1,14-JUL-22,14-JUL-23,2022,1203,490080.42,10612.81,5000000779,2015,4,8,货车,4200.0,奔驰,租赁,3547.63,品牌B,95.45,0.0,0.067223,0.039376,6.55,0.192171,1,45.55,4582.27,1,1,17932.8
0,29-JUL-22,29-JUL-23,2022,1201,475926.7,5291.25,5000000780,2019,7,0,轿车,2900.0,大众,公务,0.0,品牌D,37.57,27.05,0.13227,0.271695,2.94,0.179453,1,55.83,2060.31,1,1,0.0
1,26-AUG-23,25-AUG-24,2023,1206,198457.57,4719.91,5000000781,2021,7,0,轿车,1200.0,别克,租赁,0.0,品牌D,93.28,73.49,0.125586,0.031617,3.69,0.067989,0,56.36,2658.11,0,1,0.0
1,06-AUG-23,05-AUG-24,2023,1202,433171.24,9541.55,5000000782,2023,2,5,货车,3000.0,奔驰,公务,0.0,品牌A,92.6,0.0,0.130994,0.129398,5.85,0.158781,0,0.0,0.0,0,1,0.0
0,30-OCT-23,29-OCT-24,2023,1206,265329.21,5124.4,5000000783,2018,3,9,货车,4500.0,别克,公务,0.0,品牌A,38.46,0.0,0.175936,0.013855,0.2,0.107385,0,0.0,0.0,0,1,0.0
0,23-JAN-24,22-JAN-25,2024,1206,227026.52,3274.26,5000000784,2014,4,0,MPV,2200.0,别克,商用,0.0,品牌C,48.38,62.24,0.170081,0.061555,4.4,0.078102,0,0.0,0.0,0,1,0.0
0,06-MAR-24,06-MAR-25,2024,1206,136477.22,2593.98,5000000785,2015,7,0,轿车,2100.0,本田,自用货物,0.0,品牌A,40.38,0.0,0.03493,0.087204,3.04,0.074662,0,65.11,3537.01,1,1,0.0
1,02-JUN-23,01-JUN-24,2023,1203,302681.01,4841.19,5000000786,2018,7,0,轿车,1800.0,比亚迪,商用,0.0,品牌D,93.01,98.86,0.139207,0.027923,4.54,0.112546,0,0.0,0.0,1,1,0.0
0,17-JUL-22,17-JUL-23,2022,1205,52633.42,398.18,5000000787,2020,3,18,皮卡,5300.0,本田,自用货物,0.0,品牌B,86.93,0.0,0.113178,0.264312,9.16,0.03922,0,73.49,1991.98,0,1,0.0
0,22-APR-24,22-APR-25,2024,1202,54197.86,1420.71,5000000788,2019,5,0,MPV,1500.0,别克,自用货物,0.0,品牌C,75.47,41.59,0.056372,0.198332,5.19,0.080322,0,62.26,6253.77,0,1,0.0
0,11-SEP-22,11-SEP-23,2022,1206,356788.74,9778.29,5000000789,2019,5,0,MPV,2200.0,吉利,公务,37807.4,品牌C,88.31,49.36,0.18098,0.273074,3.28,0.072014,0,80.6,4613.16,1,1,6054.49
1,24-DEC-22,24-DEC-23,2022,1203,484182.77,9509.15,5000000790,2016,3,11,客车,3500.0,大众,商用,0.0,品牌E,78.73,0.0,0.112311,0.077573,2.63,0.185982,0,0.0,0.0,1,1,0.0
0,12-APR-24,12-APR-25,2024,1203,311848.0,6263.1,5000000791,2022,7,0,MPV,1500.0,别克,公务,0.0,品牌D,96.63,35.79,0.058986,0.028557,8.47,0.110752,0,0.0,0.0,0,1,0.0
0,28-NOV-23,27-NOV-24,2023,1205,466514.37,11850.36,5000000792,2023,2,16,皮卡,4400.0,长安,公务,0.0,品牌B,90.89,0.0,0.134662,0.2852,3.68,0.015124,0,0.0,0.0,0,1,0.0
1,15-SEP-22,15-SEP-23,2022,1201,253956.3,5678.99,5000000793,2018,2,16,皮卡,3600.0,本田,公务,0.0,品牌B,41.4,0.0,0.151633,0.281979,4.03,0.035265,0,44.08,6353.8,1,1,0.0
0,04-FEB-24,03-FEB-25,2024,1205,329511.29,9394.36,5000000794,2014,7,0,轿车,2600.0,宝马,公务,0.0,品牌D,56.94,85.7,0.121659,0.286499,5.01,0.00875,0,81.29,4049.84,1,1,0.0
0,12-MAR-23,11-MAR-24,2023,1203,55646.37,978.74,5000000795,2016,5,0,SUV,2300.0,奥迪,商用,0.0,品牌D,64.0,79.13,0.105871,0.218787,1.28,0.03225,0,87.0,1974.78,0,1,0.0
1,30-OCT-23,29-OCT-24,2023,1202,384728.36,2248.69,5000000796,2015,2,6,皮卡,2000.0,丰田,商用,0.0,品牌E,92.49,0.0,0.139834,0.287472,9.11,0.062841,0,66.53,3327.98,0,1,0.0
0,14-SEP-23,13-SEP-24,2023,1203,96203.97,1157.87,5000000797,2013,7,0,轿车,2500.0,奥迪,自用货物,0.0,品牌D,71.08,84.46,0.113107,0.222931,6.55,0.152737,0,0.0,0.0,1,1,0.0
1,06-AUG-22,06-AUG-23,2022,1206,147257.59,3242.58,5000000798,2017,5,0,轿车,1400.0,大众,家用,0.0,品牌A,44.63,0.0,0.031642,0.105285,4.04,0.087156,1,36.32,1912.35,1,1,0.0
0,10-FEB-23,10-FEB-24,2023,1202,374263.58,5918.91,5000000799,2019,7,0,轿车,2600.0,别克,公务,0.0,品牌A,83.05,0.0,0.088577,0.233575,6.56,0.141963,0,0.0,0.0,0,1,0.0
0,19-JUL-22,19-JUL-23,2022,1202,494975.53,11937.45,5000000800,2019,4,1,皮卡,4400.0,大众,家用,0.0,品牌E,36.16,0.0,0.055739,0.222902,1.32,0.010861,0,0.0,0.0,1,1,0.0
0,10-JUN-22,10-JUN-23,2022,1206,72567.95,964.89,5000000801,2012,3,16,货车,5000.0,丰田,公务,0.0,品牌E,35.04,0.0,0.156555,0.080458,5.19,0.187927,0,64.57,5725.42,1,1,0.0
0,08-JUN-22,08-JUN-23,2022,1206,135420.11,2952.68,5000000802,2012,7,0,MPV,3100.0,吉利,公务,0.0,品牌A,72.58,0.0,0.011566,0.261624,0.65,0.196882,1,60.63,5209.08,0,1,0.0
1,24-OCT-23,23-OCT-24,2023,1203,422211.03,6329.15,5000000803,2016,4,2,客车,4000.0,丰田,商用,0.0,品牌E,94.72,0.0,0.020695,0.167797,6.12,0.013751,1,68.81,3353.99,0,1,0.0
1,22-DEC-23,21-DEC-24,2023,1201,408248.06,11616.68,5000000804,2013,5,0,MPV,1400.0,吉利,自用货物,0.0,品牌D,80.09,87.66,0.147497,0.136837,8.92,0.131697,0,0.0,0.0,0,1,0.0
1,19-MAR-23,18-MAR-24,2023,1205,173349.35,1653.87,5000000805,2022,7,0,MPV,2100.0,本田,自用货物,0.0,品牌D,45.07,20.84,0.173341,0.128637,7.65,0.166407,0,0.0,0.0,0,1,0.0
1,19-SEP-23,18-SEP-24,2023,1201,420573.93,5388.44,5000000806,2014,5,0,轿车,1300.0,比亚迪,公务,0.0,品牌E,60.07,0.0,0.009386,0.180315,4.59,0.054222,0,0.0,0.0,1,1,0.0
1,27-SEP-22,27-SEP-23,2022,1201,324228.46,9548.45,5000000807,2021,5,0,轿车,2400.0,比亚迪,公务,0.0,品牌D,95.77,46.36,0.180334,0.242436,9.31,0.190445,1,69.13,3267.32,1,1,0.0
1,13-MAR-23,12-MAR-24,2023,1206,406126.64,8649.66,5000000808,2023,5,0,SUV,1500.0,奔驰,租赁,0.0,品牌E,59.72,0.0,0.029346,0.040328,9.44,0.157493,1,77.32,4004.49,1,1,0.0
1,29-MAR-23,28-MAR-24,2023,1203,123524.28,2176.83,5000000809,2020,3,2,货车,4800.0,奔驰,自用货物,0.0,品牌C,82.33,33.5,0.089008,0.05213,4.58,0.103312,0,0.0,0.0,1,1,0.0
0,07-AUG-22,07-AUG-23,2022,1202,408591.05,7127.82,5000000810,2014,4,11,皮卡,5500.0,奔驰,家用,47078.14,品牌E,98.31,0.0,0.072685,0.008619,0.62,0.021574,0,34.49,5958.31,0,1,18378.63
1,26-SEP-23,25-SEP-24,2023,1206,237347.92,5974.15,5000000811,2015,4,0,MPV,1900.0,别克,家用,0.0,品牌A,64.48,0.0,0.035699,0.275677,6.44,0.019359,0,45.61,5368.47,1,1,0.0
0,12-SEP-22,12-SEP-23,2022,1203,172790.82,4312.89,5000000812,2013,7,0,轿车,1700.0,宝马,公务,32928.53,品牌D,62.45,58.56,0.078384,0.206834,5.07,0.071774,1,37.74,4841.75,1,1,1553.77
1,14-JUL-23,13-JUL-24,2023,1206,180201.17,3473.0,5000000813,2023,5,0,MPV,3300.0,丰田,商用,0.0,品牌E,49.85,0.0,0.191854,0.057787,5.59,0.107147,0,0.0,0.0,0,1,0.0
0,24-DEC-23,23-DEC-24,2023,1204,408919.93,11828.13,5000000814,2016,5,0,MPV,2000.0,吉利,租赁,0.0,品牌D,31.62,83.21,0.053767,0.045611,0.1,0.059272,0,74.5,4497.19,1,1,0.0
0,30-APR-24,30-APR-25,2024,1203,307439.08,5158.95,5000000815,2019,2,18,皮卡,4400.0,比亚迪,租赁,0.0,品牌A,66.49,0.0,0.06231,0.222662,0.35,0.146466,0,36.37,5181.77,1,1,0.0
0,01-OCT-23,30-SEP-24,2023,1206,216615.64,3658.19,5000000816,2016,7,0,MPV,2800.0,大众,商用,0.0,品牌B,42.16,0.0,0.046498,0.214681,1.99,0.05553,1,55.69,5803.21,0,1,0.0
0,21-JUL-22,21-JUL-23,2022,1206,279008.01,1848.76,5000000817,2014,5,0,轿车,2600.0,奥迪,自用货物,8118.13,品牌E,77.1,0.0,0.048965,0.062478,5.85,0.064233,1,78.41,6641.47,1,1,12573.27
1,09-JUL-23,08-JUL-24,2023,1205,258699.31,2031.71,5000000818,2013,4,2,客车,5000.0,大众,公务,27727.74,品牌E,46.28,0.0,0.132389,0.13345,2.26,0.144409,0,48.62,5345.39,1,1,9476.42
1,30-NOV-22,30-NOV-23,2022,1205,73494.94,1506.58,5000000819,2014,4,16,客车,5700.0,宝马,自用货物,20891.41,品牌A,42.95,0.0,0.022147,0.151808,2.31,0.008973,0,60.21,5045.47,1,1,14328.25
1,07-MAY-24,07-MAY-25,2024,1201,194088.51,2727.98,5000000820,2015,5,0,MPV,1100.0,丰田,自用货物,0.0,品牌D,94.73,47.16,0.141778,0.055354,5.07,0.056209,0,0.0,0.0,0,1,0.0
0,09-MAR-23,08-MAR-24,2023,1201,310165.08,6497.74,5000000821,2014,3,3,客车,4100.0,吉利,家用,36042.92,品牌E,68.95,0.0,0.1832,0.110105,5.31,0.16661,1,41.28,6086.01,0,1,10694.86
1,11-SEP-23,10-SEP-24,2023,1204,380434.8,4272.19,5000000822,2013,7,0,SUV,1800.0,别克,商用,0.0,品牌A,92.22,0.0,0.037453,0.107943,6.81,0.120361,1,56.41,7179.17,0,1,0.0
1,17-JUN-23,16-JUN-24,2023,1201,290271.0,6882.35,5000000823,2013,7,0,SUV,1800.0,宝马,租赁,0.0,品牌D,52.82,46.02,0.088523,0.128603,5.33,0.077942,0,0.0,0.0,1,1,0.0
1,29-JAN-24,28-JAN-25,2024,1206,125489.06,630.82,5000000824,2019,2,10,客车,6000.0,别克,公务,0.0,品牌D,32.06,17.57,0.049922,0.197164,1.36,0.07573,1,84.75,3966.14,0,1,0.0
1,16-APR-24,16-APR-25,2024,1201,494775.94,8392.6,5000000825,2021,3,7,货车,3800.0,吉利,商用,9578.99,品牌C,99.99,14.36,0.184126,0.230754,9.64,0.167073,1,40.03,6658.79,0,1,4411.29
0,23-JUN-23,22-JUN-24,2023,1204,169276.74,3059.81,5000000826,2016,2,4,客车,2200.0,别克,自用货物,0.0,品牌B,86.62,0.0,0.167559,0.17259,4.46,0.191228,0,0.0,0.0,0,1,0.0
0,24-SEP-22,24-SEP-23,2022,1203,460828.04,5202.55,5000000827,2020,3,5,货车,5000.0,比亚迪,公务,0.0,品牌D,99.51,92.4,0.00424,0.142625,6.87,0.042642,0,0.0,0.0,0,1,0.0
1,28-JAN-23,28-JAN-24,2023,1202,496907.1,10631.28,5000000828,2020,4,0,SUV,2500.0,丰田,公务,0.0,品牌C,97.11,43.31,0.072375,0.023042,9.04,0.188816,0,79.94,6931.89,1,1,0.0
1,17-JUL-23,16-JUL-24,2023,1203,95702.12,1631.02,5000000829,2021,4,0,MPV,1700.0,本田,家用,0.0,品牌B,87.6,0.0,0.104581,0.005641,4.0,0.197892,0,0.0,0.0,0,1,0.0
0,05-DEC-22,05-DEC-23,2022,1201,398774.28,3680.21,5000000830,2014,3,20,客车,4000.0,吉利,自用货物,0.0,品牌A,44.88,0.0,0.12293,0.007144,0.17,0.096182,1,37.7,2558.0,0,1,0.0
1,22-JAN-24,21-JAN-25,2024,1203,417912.8,6505.61,5000000831,2023,3,19,皮卡,4300.0,丰田,公务,3904.52,品牌D,39.5,89.6,0.050033,0.039586,0.24,0.082613,0,55.54,4838.31,1,1,10905.7
0,19-JUN-23,18-JUN-24,2023,1206,306900.11,1607.11,5000000832,2017,4,0,MPV,1900.0,奔驰,商用,0.0,品牌B,36.64,0.0,0.061526,0.22165,6.47,0.075391,1,65.25,4489.97,0,1,0.0
0,02-MAY-23,01-MAY-24,2023,1201,315835.13,1997.86,5000000833,2016,3,18,客车,5200.0,奥迪,公务,0.0,品牌C,86.23,77.59,0.039034,0.130454,2.31,0.094415,0,0.0,0.0,0,1,0.0
1,09-OCT-23,08-OCT-24,2023,1201,372999.86,8760.65,5000000834,2015,7,0,MPV,1100.0,宝马,公务,19020.45,品牌A,90.39,0.0,0.022086,0.11255,7.16,0.053188,1,81.94,2453.9,1,1,1158.41
0,18-SEP-23,17-SEP-24,2023,1205,343671.64,4889.25,5000000835,2014,5,0,轿车,3200.0,比亚迪,租赁,0.0,品牌B,52.32,0.0,0.054921,0.071014,9.88,0.054952,0,50.63,6732.96,0,1,0.0
1,02-JUN-22,02-JUN-23,2022,1206,308766.2,8581.96,5000000836,2013,2,2,货车,2000.0,奔驰,家用,7268.66,品牌C,95.81,39.61,0.029444,0.118276,5.3,0.142442,1,78.57,2885.14,1,1,11494.65
0,05-SEP-23,04-SEP-24,2023,1206,317641.5,4733.75,5000000837,2022,2,8,客车,5800.0,奥迪,租赁,0.0,品牌C,95.22,96.77,0.145826,0.227253,3.25,0.11809,0,36.28,2724.45,1,1,0.0
0,31-OCT-23,30-OCT-24,2023,1204,377406.44,3384.3,5000000838,2013,4,4,皮卡,2100.0,吉利,公务,18198.36,品牌A,41.11,0.0,0.066592,0.024068,1.0,0.150191,0,0.0,0.0,1,1,14847.89
0,15-OCT-22,15-OCT-23,2022,1202,256018.42,4645.34,5000000839,2015,3,18,货车,3500.0,长安,家用,0.0,品牌B,89.71,0.0,0.148782,0.2088,6.5,0.155989,0,0.0,0.0,1,1,0.0
0,21-SEP-23,20-SEP-24,2023,1206,285762.25,6814.48,5000000840,2021,3,18,货车,2900.0,奔驰,自用货物,0.0,品牌B,94.33,0.0,0.143093,0.023636,5.05,0.182051,0,0.0,0.0,1,1,0.0
0,10-JUN-22,10-JUN-23,2022,1203,190983.0,5615.72,5000000841,2017,3,18,客车,3700.0,别克,家用,0.0,品牌B,62.5,0.0,0.004986,0.062236,1.25,0.005973,0,66.43,6676.5,1,1,0.0
1,26-DEC-23,25-DEC-24,2023,1202,367622.06,4887.35,5000000842,2017,4,9,皮卡,2200.0,宝马,租赁,24993.89,品牌D,47.01,74.95,0.082208,0.012349,5.73,0.045809,0,0.0,0.0,1,1,628.95
1,21-JUN-22,21-JUN-23,2022,1205,316873.6,4003.91,5000000843,2022,5,0,SUV,2500.0,奥迪,公务,0.0,品牌B,58.21,0.0,0.090489,0.071786,1.8,0.004412,0,84.19,2764.13,1,1,0.0
1,30-NOV-22,30-NOV-23,2022,1206,173981.01,3978.59,5000000844,2022,4,0,MPV,2600.0,丰田,自用货物,0.0,品牌B,39.82,0.0,0.029909,0.18401,7.08,0.080955,0,0.0,0.0,0,1,0.0
0,30-AUG-22,30-AUG-23,2022,1201,191034.95,4791.09,5000000845,2017,4,0,SUV,1700.0,别克,自用货物,0.0,品牌B,85.19,0.0,0.132335,0.21763,8.02,0.013157,0,0.0,0.0,0,1,0.0
0,23-MAR-23,22-MAR-24,2023,1203,263351.41,6518.91,5000000846,2019,2,12,客车,4100.0,比亚迪,商用,0.0,品牌A,94.42,0.0,0.09745,0.012349,5.09,0.190363,0,35.23,4987.8,0,1,0.0
0,27-NOV-23,26-NOV-24,2023,1203,99633.27,881.25,5000000847,2018,2,9,客车,5200.0,别克,家用,0.0,品牌D,72.83,71.97,0.181134,0.025356,4.7,0.185874,0,50.98,6500.5,1,1,0.0
1,04-AUG-22,04-AUG-23,2022,1203,83509.18,1826.23,5000000848,2021,2,8,货车,3200.0,别克,自用货物,0.0,品牌A,94.45,0.0,0.137335,0.275749,9.08,0.088285,0,0.0,0.0,1,1,0.0
0,31-OCT-22,31-OCT-23,2022,1206,196765.33,1649.17,5000000849,2015,4,0,MPV,3000.0,宝马,公务,26762.03,品牌C,31.07,63.59,0.038778,0.020608,8.74,0.12239,0,0.0,0.0,1,1,1038.56
1,19-JAN-23,19-JAN-24,2023,1203,305072.43,3117.62,5000000850,2016,3,18,货车,5100.0,本田,租赁,37265.1,品牌A,89.44,0.0,0.173721,0.063431,3.39,0.03057,0,0.0,0.0,0,1,17963.59
1,18-NOV-22,18-NOV-23,2022,1206,138326.67,2996.32,5000000851,2018,3,15,货车,3600.0,比亚迪,家用,35583.18,品牌D,59.79,76.1,0.10462,0.153391,1.0,0.102468,0,0.0,0.0,1,1,11523.39
0,10-FEB-23,10-FEB-24,2023,1201,192415.26,3709.77,5000000852,2018,4,5,货车,2200.0,奥迪,租赁,0.0,品牌C,39.35,44.25,0.111889,0.246751,7.5,0.187998,0,84.87,1935.29,1,1,0.0
0,14-MAR-23,13-MAR-24,2023,1205,264942.21,3617.63,5000000853,2017,3,17,货车,5400.0,比亚迪,公务,0.0,品牌E,44.63,0.0,0.140959,0.26346,0.51,0.065797,0,0.0,0.0,0,1,0.0
0,24-APR-23,23-APR-24,2023,1201,495336.37,10781.73,5000000854,2016,4,0,轿车,1400.0,本田,家用,0.0,品牌A,38.95,0.0,0.099381,0.274121,4.8,0.164294,0,0.0,0.0,0,1,0.0
0,05-JUN-23,04-JUN-24,2023,1205,429856.61,3116.7,5000000855,2016,4,0,SUV,2600.0,丰田,家用,0.0,品牌B,47.22,0.0,0.000598,0.17327,6.9,0.050509,0,38.69,2691.17,0,1,0.0
0,13-AUG-22,13-AUG-23,2022,1205,490882.51,13047.68,5000000856,2016,4,0,MPV,1000.0,大众,家用,0.0,品牌A,50.08,0.0,0.063395,0.199969,7.14,0.092619,0,52.56,4099.23,0,1,0.0
1,17-NOV-22,17-NOV-23,2022,1204,289752.33,2940.28,5000000857,2020,4,3,皮卡,6000.0,宝马,公务,0.0,品牌E,94.24,0.0,0.014494,0.032619,6.54,0.15064,0,82.41,5896.08,0,1,0.0
1,13-SEP-23,12-SEP-24,2023,1202,380130.46,5496.22,5000000858,2014,4,0,MPV,3400.0,奔驰,租赁,0.0,品牌D,92.65,26.68,0.182961,0.238226,7.35,0.199636,0,38.51,6945.95,0,1,0.0
1,26-AUG-22,26-AUG-23,2022,1201,57701.37,1165.61,5000000859,2020,4,0,SUV,2600.0,长安,商用,0.0,品牌B,40.48,0.0,0.08047,0.051195,1.7,0.096503,0,0.0,0.0,0,1,0.0
0,24-DEC-23,23-DEC-24,2023,1201,137621.53,3037.89,5000000860,2016,3,2,货车,2800.0,大众,租赁,0.0,品牌C,73.14,20.6,0.071451,0.123881,6.4,0.173194,0,69.78,2660.88,1,1,0.0
0,05-MAR-24,05-MAR-25,2024,1203,214161.18,5660.7,5000000861,2022,5,0,MPV,1800.0,大众,家用,0.0,品牌E,91.02,0.0,0.166709,0.038216,4.21,0.048265,0,81.99,2862.56,1,1,0.0
1,11-JUL-23,10-JUL-24,2023,1203,379477.72,7561.37,5000000862,2023,2,12,客车,4100.0,丰田,商用,0.0,品牌D,34.59,82.46,0.03271,0.194535,7.32,0.159238,0,42.33,4025.28,1,1,0.0
1,28-SEP-22,28-SEP-23,2022,1201,376021.35,2566.43,5000000863,2013,5,0,MPV,1600.0,吉利,家用,0.0,品牌B,33.16,0.0,0.109734,0.290326,7.9,0.097653,0,0.0,0.0,0,1,0.0
0,24-AUG-22,24-AUG-23,2022,1202,360720.87,5011.47,5000000864,2013,5,0,轿车,2800.0,大众,租赁,0.0,品牌D,98.62,84.2,0.123696,0.157358,4.35,0.00597,1,64.18,2111.0,0,1,0.0
1,07-MAY-24,07-MAY-25,2024,1205,56312.12,920.46,5000000865,2024,2,2,货车,4500.0,奔驰,租赁,44971.02,品牌C,95.62,37.15,0.072617,0.211247,9.09,0.176292,1,87.47,6062.69,0,1,16669.54
0,05-DEC-23,04-DEC-24,2023,1203,474231.55,3207.99,5000000866,2016,7,0,轿车,1000.0,宝马,租赁,0.0,品牌B,62.63,0.0,0.184863,0.237749,3.89,0.046732,0,69.22,2927.06,1,1,0.0
0,25-APR-24,25-APR-25,2024,1202,342079.56,8168.99,5000000867,2019,4,12,客车,3600.0,吉利,公务,1237.14,品牌A,35.66,0.0,0.082758,0.261508,5.27,0.004106,1,65.79,4223.14,1,1,19817.03
1,17-OCT-23,16-OCT-24,2023,1204,199340.68,4026.28,5000000868,2019,4,16,客车,4000.0,别克,家用,0.0,品牌C,95.91,77.44,0.028976,0.189105,9.48,0.125944,0,0.0,0.0,0,1,0.0
0,05-FEB-24,04-FEB-25,2024,1204,482728.3,4048.25,5000000869,2018,2,3,货车,2800.0,长安,公务,25576.27,品牌D,94.72,69.14,0.143431,0.211258,0.29,0.17861,0,0.0,0.0,1,1,6750.73
0,01-APR-23,31-MAR-24,2023,1205,474146.64,13715.29,5000000870,2014,7,0,MPV,1000.0,比亚迪,公务,0.0,品牌D,34.03,72.72,0.175184,0.155588,8.53,0.103249,1,43.15,3961.22,1,1,0.0
1,16-MAR-23,15-MAR-24,2023,1203,285665.89,8553.65,5000000871,2017,2,20,皮卡,5600.0,丰田,公务,0.0,品牌C,89.87,43.18,0.177023,0.124739,8.14,0.176578,0,82.35,2831.8,1,1,0.0
1,27-FEB-23,27-FEB-24,2023,1206,440235.91,9935.06,5000000872,2013,4,14,客车,5200.0,长安,公务,0.0,品牌D,73.37,91.2,0.072894,0.15207,2.93,0.080097,1,54.77,7055.04,1,1,0.0
0,22-JUN-23,21-JUN-24,2023,1201,204629.72,5161.93,5000000873,2017,4,0,MPV,1300.0,奔驰,家用,45649.16,品牌D,32.02,93.72,0.03532,0.149622,9.79,0.16347,0,34.48,1890.99,1,1,16056.68
0,17-OCT-23,16-OCT-24,2023,1204,462601.98,5280.36,5000000874,2019,4,14,货车,3700.0,奔驰,公务,38978.71,品牌E,75.42,0.0,0.073619,0.201741,6.89,0.027017,1,70.46,2765.56,1,1,3273.47
1,10-NOV-23,09-NOV-24,2023,1202,490669.33,6516.3,5000000875,2014,5,0,SUV,2400.0,吉利,家用,0.0,品牌B,88.37,0.0,0.068903,0.048712,6.46,0.000576,0,0.0,0.0,1,1,0.0
1,02-DEC-23,01-DEC-24,2023,1202,175714.58,4844.36,5000000876,2022,4,16,皮卡,4400.0,宝马,家用,0.0,品牌E,69.38,0.0,0.020973,0.148125,8.79,0.194267,1,45.06,6377.17,0,1,0.0
0,27-MAR-23,26-MAR-24,2023,1204,468424.33,6203.77,5000000877,2019,3,12,皮卡,5500.0,宝马,租赁,20836.74,品牌B,43.42,0.0,0.136038,0.055392,7.59,0.157053,0,0.0,0.0,1,1,17529.64
1,07-FEB-24,06-FEB-25,2024,1204,309562.02,4070.25,5000000878,2017,4,0,MPV,1800.0,奔驰,自用货物,0.0,品牌B,67.58,0.0,0.191713,0.218738,5.82,3.3e-05,0,67.27,3077.3,0,1,0.0
1,21-SEP-23,20-SEP-24,2023,1203,74051.85,1331.28,5000000879,2017,3,15,货车,5200.0,大众,商用,0.0,品牌D,78.94,11.97,0.150702,0.278404,4.81,0.187105,0,0.0,0.0,0,1,0.0
0,04-MAY-23,03-MAY-24,2023,1202,104221.49,1171.52,5000000880,2013,4,0,SUV,2200.0,比亚迪,商用,0.0,品牌D,68.37,84.31,0.15973,0.262898,3.08,0.077426,1,55.61,2837.06,1,1,0.0
1,09-NOV-22,09-NOV-23,2022,1203,143705.29,3367.79,5000000881,2018,5,0,SUV,1700.0,长安,自用货物,0.0,品牌D,81.16,28.81,0.043933,0.236913,8.06,0.167786,0,0.0,0.0,0,1,0.0
0,20-MAR-24,20-MAR-25,2024,1206,364141.26,4257.06,5000000882,2018,7,0,SUV,3400.0,长安,商用,0.0,品牌C,47.77,20.28,0.11875,0.216067,0.77,0.049319,0,0.0,0.0,1,1,0.0
1,27-DEC-23,26-DEC-24,2023,1205,356004.88,6690.78,5000000883,2015,5,0,SUV,1600.0,奔驰,自用货物,37303.75,品牌B,64.27,0.0,0.006484,0.057175,2.18,0.112944,1,46.12,4486.51,1,1,14224.17
1,02-APR-23,01-APR-24,2023,1201,376384.95,6166.85,5000000884,2013,4,0,轿车,2300.0,奥迪,公务,48557.3,品牌A,59.36,0.0,0.154912,0.127324,0.71,0.195469,0,86.45,6896.55,1,1,10594.3
1,24-APR-23,23-APR-24,2023,1203,326465.23,7464.86,5000000885,2019,4,0,轿车,2800.0,丰田,家用,0.0,品牌B,41.99,0.0,0.101216,0.274607,2.02,0.072605,0,0.0,0.0,0,1,0.0
1,08-DEC-22,08-DEC-23,2022,1201,398205.75,2121.55,5000000886,2012,7,0,轿车,1800.0,本田,公务,0.0,品牌A,47.91,0.0,0.182255,0.091366,0.34,0.172457,0,0.0,0.0,0,1,0.0
0,07-APR-23,06-APR-24,2023,1202,211870.15,2868.18,5000000887,2016,4,20,货车,5300.0,比亚迪,公务,0.0,品牌A,48.4,0.0,0.008287,0.177251,3.35,0.045664,0,88.43,4974.13,0,1,0.0
1,17-JAN-24,16-JAN-25,2024,1203,497573.47,14821.8,5000000888,2021,5,0,轿车,2500.0,奥迪,自用货物,12725.33,品牌D,86.42,24.49,0.199717,0.002287,4.59,0.062125,1,61.21,5470.6,1,1,8586.91
0,13-MAR-24,13-MAR-25,2024,1202,338547.68,5617.53,5000000889,2014,4,0,轿车,2400.0,丰田,商用,0.0,品牌C,82.4,35.04,0.173879,0.238764,9.15,0.18914,0,64.64,6642.59,1,1,0.0
0,30-AUG-22,30-AUG-23,2022,1205,384372.48,2363.48,5000000890,2019,7,0,MPV,1400.0,吉利,自用货物,10618.58,品牌A,76.4,0.0,0.09174,0.147225,9.62,0.180749,0,89.66,4924.07,0,1,13136.82
0,23-JAN-23,23-JAN-24,2023,1203,458740.63,11717.58,5000000891,2020,2,13,客车,5500.0,本田,公务,0.0,品牌C,54.46,57.45,0.056097,0.201525,2.34,0.051308,0,0.0,0.0,1,1,0.0
0,11-JAN-23,11-JAN-24,2023,1204,256618.52,2070.21,5000000892,2023,5,0,MPV,3300.0,奔驰,商用,0.0,品牌D,82.11,41.99,0.131136,0.006588,3.07,0.057183,1,63.21,5814.42,0,1,0.0
1,15-DEC-23,14-DEC-24,2023,1206,474098.32,12313.06,5000000893,2018,7,0,轿车,2800.0,奥迪,家用,0.0,品牌D,61.44,44.92,0.150912,0.005331,4.41,0.014156,0,0.0,0.0,1,1,0.0
1,13-JAN-23,13-JAN-24,2023,1205,368863.29,4543.56,5000000894,2020,4,6,货车,5000.0,大众,公务,0.0,品牌C,57.04,19.88,0.093093,0.285972,6.46,0.165756,1,43.43,2809.52,0,1,0.0
0,21-DEC-22,21-DEC-23,2022,1206,272523.97,8079.9,5000000895,2018,2,15,客车,5700.0,长安,商用,0.0,品牌A,36.02,0.0,0.171988,0.148035,8.11,0.135972,0,73.48,4259.85,1,1,0.0
0,22-MAR-24,22-MAR-25,2024,1201,400292.22,3101.33,5000000896,2015,3,18,货车,5900.0,比亚迪,租赁,0.0,品牌E,84.29,0.0,0.150964,0.211358,1.37,0.15509,0,0.0,0.0,0,1,0.0
1,23-NOV-23,22-NOV-24,2023,1203,353469.58,3583.03,5000000897,2017,5,0,SUV,3400.0,本田,自用货物,0.0,品牌D,57.32,12.52,0.1461,0.20625,4.59,0.168796,0,44.57,2817.0,1,1,0.0
1,03-DEC-22,03-DEC-23,2022,1206,392925.79,9774.4,5000000898,2021,7,0,MPV,2200.0,本田,自用货物,20056.97,品牌C,69.77,80.81,0.004923,0.131501,9.1,0.056733,0,0.0,0.0,0,1,5315.27
0,16-APR-23,15-APR-24,2023,1203,165790.54,3812.72,5000000899,2018,4,0,SUV,2700.0,丰田,租赁,0.0,品牌D,67.78,21.91,9.3e-05,0.110588,3.51,0.155051,0,0.0,0.0,0,1,0.0
1,11-MAY-24,11-MAY-25,2024,1202,464712.46,7959.52,5000000900,2023,7,0,MPV,2500.0,宝马,家用,0.0,品牌C,36.72,59.26,0.016003,0.288931,7.73,0.103597,1,85.9,3941.64,1,1,0.0
0,12-NOV-23,11-NOV-24,2023,1201,495856.04,13916.46,5000000901,2018,2,20,货车,2200.0,比亚迪,租赁,0.0,品牌B,59.18,0.0,0.07949,0.135845,7.77,0.047978,0,33.15,5301.59,1,1,0.0
0,05-MAY-24,05-MAY-25,2024,1205,447143.24,5892.57,5000000902,2014,7,0,轿车,3400.0,长安,公务,0.0,品牌D,32.26,67.27,0.018879,0.113934,3.73,0.13274,0,0.0,0.0,1,1,0.0
1,04-JUN-22,04-JUN-23,2022,1201,154524.8,2373.62,5000000903,2018,4,0,MPV,1400.0,宝马,公务,0.0,品牌D,64.92,58.89,0.10891,0.233331,4.47,0.01599,0,0.0,0.0,0,1,0.0
0,03-NOV-23,02-NOV-24,2023,1201,184206.11,996.79,5000000904,2013,2,14,皮卡,2600.0,本田,家用,5263.14,品牌D,86.21,11.12,0.089411,0.202529,3.82,0.120809,0,0.0,0.0,1,1,7075.98
1,13-APR-24,13-APR-25,2024,1201,452162.34,12422.41,5000000905,2020,4,0,轿车,2300.0,本田,商用,42700.12,品牌E,69.55,0.0,0.011754,0.299725,9.58,0.042117,0,0.0,0.0,1,1,17440.69
0,11-JUL-23,10-JUL-24,2023,1205,394297.62,11062.62,5000000906,2015,3,7,货车,5300.0,大众,家用,0.0,品牌A,38.73,0.0,0.114953,0.213221,0.36,0.012848,0,0.0,0.0,0,1,0.0
1,02-JUL-22,02-JUL-23,2022,1203,310551.92,3474.1,5000000907,2021,7,0,MPV,1800.0,比亚迪,租赁,0.0,品牌E,98.52,0.0,0.109809,0.084875,1.27,0.027525,0,64.06,3105.57,1,1,0.0
0,09-APR-24,09-APR-25,2024,1202,251263.02,5452.59,5000000908,2021,4,18,客车,4400.0,长安,家用,0.0,品牌C,46.54,76.57,0.098007,0.135292,1.97,0.181469,0,0.0,0.0,0,1,0.0
1,01-JUL-22,01-JUL-23,2022,1205,51733.12,692.96,5000000909,2017,5,0,轿车,1200.0,吉利,自用货物,8471.31,品牌B,72.08,0.0,0.026284,0.278015,8.69,0.058239,0,0.0,0.0,0,1,17682.02
0,21-DEC-22,21-DEC-23,2022,1203,207707.94,4807.15,5000000910,2020,3,6,客车,3000.0,宝马,租赁,27819.1,品牌E,59.76,0.0,0.077117,0.233177,0.88,0.133902,0,0.0,0.0,0,1,1828.06
0,28-DEC-23,27-DEC-24,2023,1201,163467.65,1946.97,5000000911,2014,5,0,轿车,1100.0,宝马,商用,0.0,品牌A,64.99,0.0,0.047307,0.01931,7.77,0.168727,1,52.61,2853.22,0,1,0.0
0,11-AUG-22,11-AUG-23,2022,1204,364697.93,6876.69,5000000912,2015,4,0,SUV,3400.0,比亚迪,家用,26927.42,品牌B,67.55,0.0,0.115953,0.200909,2.53,0.020293,0,51.73,5097.03,0,1,3426.05
0,15-APR-23,14-APR-24,2023,1204,73669.74,1803.68,5000000913,2019,5,0,轿车,1300.0,丰田,租赁,0.0,品牌D,83.4,49.73,0.011854,0.146343,6.56,0.095283,0,0.0,0.0,1,1,0.0
1,03-APR-23,02-APR-24,2023,1203,421732.46,4726.92,5000000914,2014,4,0,SUV,1000.0,奔驰,家用,0.0,品牌A,67.52,0.0,0.177166,0.246099,5.64,0.12357,0,73.49,3806.82,0,1,0.0
0,27-OCT-23,26-OCT-24,2023,1201,400292.95,2751.18,5000000915,2018,4,9,客车,4300.0,吉利,租赁,0.0,品牌B,52.56,0.0,0.187677,0.11782,7.9,0.196455,1,65.36,3086.91,0,1,0.0
1,07-SEP-22,07-SEP-23,2022,1201,324320.72,7838.4,5000000916,2021,2,8,皮卡,2200.0,吉利,租赁,2351.19,品牌D,34.07,29.88,0.04835,0.039341,2.4,0.123817,0,52.0,2119.87,0,1,1238.7
1,31-MAR-23,30-MAR-24,2023,1202,262714.87,4660.97,5000000917,2023,5,0,MPV,1900.0,别克,商用,0.0,品牌A,32.71,0.0,0.099152,0.164534,7.22,0.078545,0,0.0,0.0,1,1,0.0
0,20-OCT-22,20-OCT-23,2022,1202,166059.22,3798.0,5000000918,2016,5,0,SUV,2600.0,宝马,商用,0.0,品牌D,80.91,72.58,0.169905,0.241935,6.63,0.079034,0,0.0,0.0,0,1,0.0
1,11-APR-23,10-APR-24,2023,1204,384875.64,3633.8,5000000919,2017,7,0,轿车,2200.0,长安,商用,31057.36,品牌D,95.84,17.87,0.012118,0.229387,9.67,0.053401,0,0.0,0.0,1,1,16755.34
0,09-AUG-22,09-AUG-23,2022,1203,375743.01,6108.48,5000000920,2014,4,0,MPV,1700.0,宝马,自用货物,0.0,品牌D,44.65,37.98,0.140211,0.026588,9.72,0.046742,1,60.41,6033.24,0,1,0.0
0,09-DEC-23,08-DEC-24,2023,1206,138940.44,1739.59,5000000921,2022,3,19,货车,4400.0,丰田,公务,0.0,品牌D,71.57,11.79,0.193058,0.259353,4.87,0.172569,0,0.0,0.0,0,1,0.0
0,15-SEP-23,14-SEP-24,2023,1201,224274.62,1238.44,5000000922,2018,4,1,皮卡,3300.0,比亚迪,商用,0.0,品牌D,71.34,76.95,0.150398,0.281846,3.28,0.113614,0,0.0,0.0,1,1,0.0
0,26-APR-24,26-APR-25,2024,1205,379259.21,9153.73,5000000923,2024,4,15,货车,2300.0,丰田,商用,22922.17,品牌D,92.06,20.54,0.127806,0.153231,2.83,0.015403,1,43.08,4245.8,1,1,5698.7
0,18-MAR-24,18-MAR-25,2024,1204,499922.41,10626.89,5000000924,2019,3,14,货车,3900.0,奥迪,商用,11173.91,品牌E,79.61,0.0,0.028802,0.129413,3.69,0.154233,0,55.73,2771.32,1,1,6167.79
0,19-FEB-23,19-FEB-24,2023,1206,187612.04,1054.0,5000000925,2015,7,0,轿车,1900.0,奔驰,自用货物,0.0,品牌C,35.79,14.51,0.166586,0.028512,5.09,0.048381,0,0.0,0.0,1,1,0.0
1,26-SEP-22,26-SEP-23,2022,1205,370163.32,2864.76,5000000926,2021,4,6,客车,4400.0,本田,租赁,0.0,品牌C,94.51,67.64,0.067599,0.245983,3.14,0.191121,0,0.0,0.0,1,1,0.0
1,12-OCT-22,12-OCT-23,2022,1203,118797.77,2440.28,5000000927,2018,2,5,皮卡,2400.0,本田,租赁,0.0,品牌C,44.01,34.2,0.130707,0.111358,9.55,0.123289,0,61.73,3423.33,1,1,0.0
1,22-JAN-24,21-JAN-25,2024,1205,169515.25,4404.82,5000000928,2022,5,0,轿车,2100.0,丰田,公务,0.0,品牌E,37.9,0.0,0.021597,0.014163,0.67,0.016312,0,45.47,2016.87,0,1,0.0
0,11-APR-24,11-APR-25,2024,1204,481598.44,2955.16,5000000929,2018,3,7,货车,2200.0,大众,商用,28275.14,品牌B,82.74,0.0,0.150312,0.265784,8.4,0.087282,1,58.41,3481.77,1,1,12910.87
1,16-NOV-22,16-NOV-23,2022,1204,473287.27,5103.82,5000000930,2016,4,0,轿车,1600.0,长安,公务,0.0,品牌D,41.84,91.52,0.025573,0.08367,9.65,0.184061,0,0.0,0.0,0,1,0.0
0,19-JUL-22,19-JUL-23,2022,1201,413772.81,5451.1,5000000931,2012,4,0,轿车,3400.0,长安,租赁,31805.33,品牌E,86.03,0.0,0.087471,0.246274,6.07,0.135555,0,0.0,0.0,0,1,18871.3
0,26-NOV-23,25-NOV-24,2023,1205,429747.73,2402.35,5000000932,2020,4,6,客车,4500.0,丰田,自用货物,0.0,品牌D,95.57,51.85,0.171964,0.12547,5.06,0.053564,0,58.12,2353.37,1,1,0.0
0,10-OCT-23,09-OCT-24,2023,1204,314961.98,4904.31,5000000933,2013,4,0,SUV,3300.0,长安,家用,0.0,品牌C,85.99,80.45,0.112907,0.239465,0.16,0.021968,1,55.81,6031.45,1,1,0.0
1,28-SEP-22,28-SEP-23,2022,1202,163066.46,4068.66,5000000934,2015,7,0,SUV,3500.0,丰田,公务,0.0,品牌A,75.93,0.0,0.160692,0.13338,9.66,0.187385,1,79.83,3188.93,0,1,0.0
1,09-DEC-23,08-DEC-24,2023,1205,282531.21,7862.45,5000000935,2013,2,7,货车,5200.0,大众,家用,0.0,品牌B,55.82,0.0,0.044313,0.055078,5.73,0.049465,0,0.0,0.0,1,1,0.0
1,12-JUL-22,12-JUL-23,2022,1204,291713.9,2937.98,5000000936,2015,3,9,货车,2900.0,大众,自用货物,0.0,品牌A,32.97,0.0,0.032956,0.208791,1.18,0.152471,0,0.0,0.0,1,1,0.0
0,04-JAN-23,04-JAN-24,2023,1203,313587.05,3735.14,5000000937,2018,3,7,货车,3600.0,丰田,家用,0.0,品牌D,32.12,46.12,0.14431,0.259238,5.55,0.166371,0,0.0,0.0,0,1,0.0
1,12-JAN-23,12-JAN-24,2023,1202,475473.86,8830.02,5000000938,2013,5,0,SUV,2600.0,本田,租赁,0.0,品牌A,95.54,0.0,0.185304,0.039433,7.94,0.075505,0,0.0,0.0,0,1,0.0
1,02-JUN-22,02-JUN-23,2022,1205,135601.9,2938.03,5000000939,2022,4,6,客车,2600.0,别克,商用,0.0,品牌C,31.25,63.59,0.023196,0.297055,4.4,0.131857,0,62.88,6399.38,1,1,0.0
0,12-JAN-23,12-JAN-24,2023,1204,268473.9,3170.51,5000000940,2021,4,0,SUV,2500.0,本田,租赁,0.0,品牌C,62.87,43.98,0.014429,0.120298,3.75,0.059549,0,37.52,6882.73,1,1,0.0
0,03-OCT-23,02-OCT-24,2023,1206,183879.04,4556.6,5000000941,2015,4,16,客车,3200.0,大众,自用货物,0.0,品牌A,53.81,0.0,0.077872,0.197668,0.65,0.003447,0,0.0,0.0,0,1,0.0
0,19-JUL-23,18-JUL-24,2023,1202,472873.69,13999.75,5000000942,2014,3,10,客车,3800.0,别克,租赁,46090.31,品牌C,65.55,41.66,0.0189,0.107834,5.25,0.064298,0,87.27,3796.43,0,1,4484.44
1,16-SEP-22,16-SEP-23,2022,1204,199842.81,3901.57,5000000943,2022,4,0,轿车,2700.0,奥迪,自用货物,49658.79,品牌C,79.52,60.71,0.074046,0.152991,5.28,0.144566,1,69.57,1911.01,0,1,7717.32
1,02-JUN-22,02-JUN-23,2022,1206,419316.58,9240.71,5000000944,2020,4,0,轿车,2200.0,丰田,家用,0.0,品牌C,90.08,76.07,0.091376,0.255794,7.98,0.196687,0,0.0,0.0,0,1,0.0
1,12-JUN-22,12-JUN-23,2022,1206,282158.39,2922.49,5000000945,2021,4,18,客车,3400.0,大众,商用,47401.92,品牌B,74.27,0.0,0.16115,0.018496,6.06,0.096435,0,0.0,0.0,1,1,4732.47
1,08-MAY-23,07-MAY-24,2023,1201,200293.65,2810.16,5000000946,2019,4,11,皮卡,4500.0,别克,自用货物,0.0,品牌A,77.62,0.0,0.174176,0.088647,9.89,0.096724,0,0.0,0.0,0,1,0.0
1,18-DEC-23,17-DEC-24,2023,1204,324694.25,3373.53,5000000947,2018,2,11,货车,5300.0,丰田,公务,0.0,品牌A,42.26,0.0,0.030854,0.085348,2.18,0.193638,0,0.0,0.0,1,1,0.0
0,30-OCT-23,29-OCT-24,2023,1203,120280.91,2932.27,5000000948,2018,7,0,轿车,2700.0,长安,租赁,37897.4,品牌D,89.58,34.75,0.01237,0.02731,8.62,0.186061,1,58.37,2401.83,0,1,19028.71
0,18-FEB-23,18-FEB-24,2023,1201,472487.56,3085.16,5000000949,2020,7,0,轿车,2900.0,吉利,自用货物,0.0,品牌D,74.63,53.98,0.076339,0.261667,5.05,0.079975,0,0.0,0.0,1,1,0.0
0,12-MAY-24,12-MAY-25,2024,1204,62923.02,1131.41,5000000950,2020,4,13,皮卡,4600.0,吉利,商用,0.0,品牌D,38.14,60.99,0.117591,0.059072,3.99,0.063617,0,0.0,0.0,1,1,0.0
0,16-FEB-23,16-FEB-24,2023,1203,373118.0,9802.33,5000000951,2021,4,0,轿车,1400.0,宝马,家用,0.0,品牌D,38.19,33.36,0.199111,0.059109,0.09,0.083567,1,53.25,2680.87,0,1,0.0
0,27-AUG-23,26-AUG-24,2023,1203,437008.47,5733.5,5000000952,2016,5,0,SUV,3400.0,奔驰,公务,19996.3,品牌D,70.2,82.7,0.125731,0.237398,9.56,0.089508,0,0.0,0.0,1,1,12066.9
1,14-NOV-22,14-NOV-23,2022,1203,315749.61,6685.46,5000000953,2012,4,12,皮卡,2700.0,长安,公务,0.0,品牌A,74.04,0.0,0.131767,0.142501,9.66,0.037946,0,80.5,4687.41,0,1,0.0
1,24-MAY-23,23-MAY-24,2023,1206,206708.57,1076.18,5000000954,2021,2,17,皮卡,4800.0,奔驰,家用,0.0,品牌C,66.6,66.09,0.174106,0.061545,4.45,0.161899,0,49.63,2114.11,1,1,0.0
0,08-APR-24,08-APR-25,2024,1202,241266.95,5125.82,5000000955,2019,2,12,货车,5200.0,本田,自用货物,43798.01,品牌B,51.05,0.0,0.165741,0.289915,8.11,0.002387,0,0.0,0.0,1,1,6669.87
0,05-AUG-22,05-AUG-23,2022,1205,168798.12,3761.51,5000000956,2012,2,12,客车,4000.0,丰田,家用,0.0,品牌E,46.43,0.0,0.147829,0.263325,6.63,0.103279,0,0.0,0.0,0,1,0.0
0,29-DEC-23,28-DEC-24,2023,1202,407715.25,2222.41,5000000957,2020,2,19,客车,2700.0,吉利,自用货物,0.0,品牌E,83.2,0.0,0.035579,0.063181,7.6,0.087044,0,54.43,3927.01,0,1,0.0
0,10-NOV-22,10-NOV-23,2022,1204,282904.17,8170.3,5000000958,2018,5,0,MPV,2200.0,比亚迪,公务,23993.79,品牌A,40.8,0.0,0.058456,0.188437,9.65,0.189971,0,76.0,7034.42,0,1,13076.19
1,22-DEC-23,21-DEC-24,2023,1204,380662.76,4358.32,5000000959,2022,3,12,货车,4300.0,长安,自用货物,0.0,品牌B,97.28,0.0,0.119097,0.078787,0.7,0.105474,0,0.0,0.0,0,1,0.0
1,24-APR-23,23-APR-24,2023,1203,382251.6,2220.35,5000000960,2022,4,0,MPV,2800.0,别克,家用,0.0,品牌B,33.26,0.0,0.083696,0.001234,3.87,0.099747,0,0.0,0.0,0,1,0.0
0,30-AUG-23,29-AUG-24,2023,1204,472154.14,10505.2,5000000961,2021,4,0,SUV,3300.0,大众,自用货物,0.0,品牌C,82.5,15.97,0.158301,0.18641,4.08,0.184303,0,77.51,3521.13,0,1,0.0
0,11-APR-24,11-APR-25,2024,1205,265139.78,2799.76,5000000962,2019,2,18,客车,2200.0,吉利,公务,0.0,品牌B,65.73,0.0,0.095051,0.169531,7.34,0.172093,0,0.0,0.0,1,1,0.0
0,07-OCT-22,07-OCT-23,2022,1201,253594.52,4716.16,5000000963,2013,7,0,SUV,2900.0,长安,公务,0.0,品牌D,71.28,30.22,0.038711,0.237497,3.62,0.182935,0,0.0,0.0,0,1,0.0
1,11-DEC-23,10-DEC-24,2023,1203,61251.09,876.53,5000000964,2019,3,13,皮卡,4300.0,丰田,公务,0.0,品牌E,90.45,0.0,0.164445,0.024276,9.98,0.168073,0,0.0,0.0,1,1,0.0
1,05-MAY-24,05-MAY-25,2024,1205,140095.16,1096.0,5000000965,2018,2,8,客车,3500.0,吉利,商用,0.0,品牌A,33.96,0.0,0.175334,0.154437,1.22,0.087483,0,0.0,0.0,1,1,0.0
0,06-SEP-22,06-SEP-23,2022,1205,309675.51,6524.9,5000000966,2017,7,0,SUV,2100.0,奔驰,公务,0.0,品牌B,65.27,0.0,0.055258,0.198928,6.51,0.058171,0,0.0,0.0,1,1,0.0
1,15-NOV-22,15-NOV-23,2022,1206,416848.32,6279.83,5000000967,2015,4,0,轿车,3500.0,比亚迪,租赁,44048.62,品牌D,56.27,15.34,0.091885,0.143858,8.31,0.177651,0,0.0,0.0,1,1,16788.72
1,03-SEP-23,02-SEP-24,2023,1202,85052.12,1213.49,5000000968,2016,4,9,皮卡,4600.0,长安,公务,0.0,品牌B,36.1,0.0,0.048291,0.069517,3.93,0.156658,0,89.11,3463.57,0,1,0.0
0,29-JUN-23,28-JUN-24,2023,1202,103160.78,2405.47,5000000969,2017,5,0,轿车,3100.0,长安,家用,28477.49,品牌B,98.55,0.0,0.064467,0.02192,5.28,0.17873,0,0.0,0.0,1,1,7636.54
0,09-JUL-22,09-JUL-23,2022,1204,363322.39,5791.08,5000000970,2021,2,16,皮卡,4300.0,长安,自用货物,0.0,品牌D,79.23,77.33,0.080725,0.123607,1.52,0.164322,1,86.69,6469.11,0,1,0.0
0,12-APR-23,11-APR-24,2023,1202,493621.11,5168.55,5000000971,2022,4,0,SUV,3500.0,宝马,家用,0.0,品牌B,48.64,0.0,0.192236,0.059772,9.83,0.162951,0,56.54,7035.95,1,1,0.0
1,05-AUG-22,05-AUG-23,2022,1205,208282.27,5268.97,5000000972,2014,4,0,轿车,1200.0,大众,租赁,13768.72,品牌D,65.07,81.29,0.093515,0.247983,8.29,0.112894,0,0.0,0.0,1,1,10203.2
0,04-MAR-24,04-MAR-25,2024,1205,293859.72,1749.11,5000000973,2020,2,11,皮卡,4700.0,比亚迪,家用,0.0,品牌E,95.58,0.0,0.186108,0.130857,7.43,0.028511,1,66.33,2730.76,1,1,0.0
1,06-JAN-24,05-JAN-25,2024,1202,325734.34,4603.5,5000000974,2022,7,0,SUV,3200.0,比亚迪,租赁,30242.08,品牌B,66.03,0.0,0.123396,0.1163,2.44,0.166834,0,0.0,0.0,0,1,14573.36
1,03-SEP-22,03-SEP-23,2022,1203,177726.76,1885.2,5000000975,2013,4,8,货车,5800.0,本田,租赁,0.0,品牌A,72.08,0.0,0.024631,0.050175,3.93,0.011929,0,0.0,0.0,1,1,0.0
0,25-OCT-23,24-OCT-24,2023,1206,261912.67,5490.86,5000000976,2018,2,10,货车,3900.0,本田,公务,0.0,品牌B,75.65,0.0,0.085654,0.174665,7.34,0.031843,0,0.0,0.0,0,1,0.0
0,07-AUG-22,07-AUG-23,2022,1202,211495.18,3417.31,5000000977,2015,7,0,轿车,1600.0,丰田,租赁,46715.59,品牌A,48.85,0.0,0.094594,0.077457,3.23,0.06796,0,67.8,6611.37,0,1,10851.48
1,02-OCT-23,01-OCT-24,2023,1201,258111.43,4552.57,5000000978,2013,3,12,货车,3300.0,奥迪,商用,0.0,品牌C,97.5,17.16,0.142189,0.215174,8.93,0.036744,1,32.19,4349.32,0,1,0.0
0,04-JAN-23,04-JAN-24,2023,1203,275866.44,6127.4,5000000979,2014,7,0,轿车,1300.0,吉利,公务,0.0,品牌D,48.2,17.55,0.181772,0.064905,7.17,0.012876,0,0.0,0.0,0,1,0.0
0,21-DEC-23,20-DEC-24,2023,1205,168958.74,4670.62,5000000980,2013,4,20,货车,3300.0,奥迪,商用,0.0,品牌D,85.93,54.73,0.015157,0.021152,4.14,0.14101,0,0.0,0.0,1,1,0.0
1,21-JAN-24,20-JAN-25,2024,1203,478114.35,14108.47,5000000981,2024,4,0,SUV,2300.0,大众,自用货物,0.0,品牌B,85.87,0.0,0.049949,0.179524,3.73,0.162077,0,0.0,0.0,0,1,0.0
0,08-MAY-24,08-MAY-25,2024,1203,234213.74,2165.89,5000000982,2022,5,0,SUV,3100.0,别克,公务,9513.6,品牌A,38.96,0.0,0.155714,0.234894,9.65,0.041363,0,0.0,0.0,0,1,16402.72
0,14-APR-24,14-APR-25,2024,1202,235681.48,5341.17,5000000983,2018,2,6,皮卡,3100.0,宝马,公务,0.0,品牌A,70.37,0.0,0.052183,0.191857,3.79,0.0616,1,84.54,6070.17,1,1,0.0
1,29-JUL-23,28-JUL-24,2023,1201,255509.49,4900.02,5000000984,2023,4,0,SUV,2000.0,吉利,商用,0.0,品牌D,66.8,38.22,0.070359,0.113846,9.67,0.099765,0,75.79,6113.69,1,1,0.0
1,27-NOV-22,27-NOV-23,2022,1201,77160.41,1767.63,5000000985,2015,5,0,SUV,2300.0,奥迪,自用货物,0.0,品牌A,49.39,0.0,0.064285,0.130925,2.72,0.152236,0,86.94,5544.05,0,1,0.0
1,09-JAN-24,08-JAN-25,2024,1205,446516.73,5478.84,5000000986,2023,4,4,客车,2200.0,比亚迪,租赁,0.0,品牌C,53.5,35.55,0.053494,0.269081,4.49,0.061629,0,0.0,0.0,0,1,0.0
1,16-MAR-24,16-MAR-25,2024,1205,291932.22,2548.03,5000000987,2017,2,6,货车,3100.0,丰田,家用,0.0,品牌A,65.64,0.0,0.02461,0.235812,6.07,0.118889,1,78.63,2115.94,1,1,0.0
1,08-JUN-23,07-JUN-24,2023,1205,460148.05,8428.22,5000000988,2016,2,13,货车,3400.0,吉利,租赁,45073.06,品牌D,48.38,16.45,0.042625,0.170172,8.67,0.026475,1,79.4,4896.66,1,1,17833.12
1,23-MAR-23,22-MAR-24,2023,1202,429750.25,7392.75,5000000989,2021,4,8,货车,6000.0,宝马,商用,0.0,品牌E,32.38,0.0,0.15721,0.285493,4.97,0.082519,0,0.0,0.0,1,1,0.0
0,22-NOV-23,21-NOV-24,2023,1203,233709.32,3212.81,5000000990,2015,4,0,SUV,3400.0,长安,公务,0.0,品牌E,52.13,0.0,0.039819,0.003038,6.97,0.151156,1,51.54,2913.2,1,1,0.0
0,26-DEC-23,25-DEC-24,2023,1205,453009.55,7872.98,5000000991,2017,4,0,SUV,3200.0,奔驰,租赁,7641.24,品牌D,87.18,10.11,0.166679,0.246227,7.91,0.041661,0,0.0,0.0,0,1,869.21
1,03-OCT-23,02-OCT-24,2023,1203,195680.39,2369.37,5000000992,2021,2,4,货车,3700.0,奔驰,自用货物,0.0,品牌A,51.6,0.0,0.148879,0.218622,7.37,0.140347,0,41.33,6560.54,1,1,0.0
0,02-MAR-23,01-MAR-24,2023,1202,262625.32,6513.04,5000000993,2015,3,11,客车,3700.0,本田,商用,0.0,品牌D,44.42,91.86,0.167799,0.204176,9.91,0.131043,1,52.61,6838.7,1,1,0.0
0,06-JAN-24,05-JAN-25,2024,1202,234011.34,2303.16,5000000994,2020,3,10,货车,3100.0,长安,公务,0.0,品牌B,87.56,0.0,0.030093,0.088482,6.61,0.078541,0,0.0,0.0,0,1,0.0
0,09-SEP-22,09-SEP-23,2022,1201,269400.06,5367.82,5000000995,2020,7,0,轿车,1200.0,奔驰,家用,0.0,品牌D,65.88,66.95,0.068782,0.050131,8.24,0.073303,0,39.8,5755.73,0,1,0.0
1,19-NOV-22,19-NOV-23,2022,1206,179713.91,4268.56,5000000996,2013,2,16,货车,2700.0,比亚迪,家用,0.0,品牌E,53.68,0.0,0.032883,0.097422,0.81,0.13197,0,65.29,2359.67,1,1,0.0
1,27-JAN-24,26-JAN-25,2024,1206,197731.74,2757.24,5000000997,2021,2,20,皮卡,3300.0,别克,租赁,24938.59,品牌D,90.88,22.42,0.185716,0.019324,2.66,0.140256,0,0.0,0.0,0,1,658.88
1,12-OCT-22,12-OCT-23,2022,1206,308536.27,2138.53,5000000998,2012,3,5,客车,2400.0,吉利,商用,0.0,品牌D,97.38,45.58,0.02184,0.074681,6.1,0.019203,0,0.0,0.0,0,1,0.0
1,07-JAN-23,07-JAN-24,2023,1204,341571.13,4381.8,5000000999,2019,5,0,MPV,2900.0,长安,家用,0.0,品牌B,95.73,0.0,0.062785,0.06811,8.95,0.032893,0,0.0,0.0,0,1,0.0
