{"w_glm": 0.3430233636515731, "w_rf": 0.6569766363484268, "mse_blended_oof": 452.9457082079437}